工,a
式,aa
工,aaa
工,aaaa
式,aad
匞,aad
匿,aadk
葚,aadn
慝,aadn
萁,aadw
苷,aaf
甙,aafd
苷,aaff
芽,aah
茝,aahh
芽,aaht
戒,aak
苣,aan
苣,aanf
苉,aaqb
荛,aat
荛,aatq
戔,aau
芅,aau
节,ab
荫,abe
荫,abef
茸,abf
芓,abf
邛,abh
卭,abh
蒸,abi
菡,abib
蒸,abio
荪,abiu
节,abj
茁,abm
茁,abmj
芤,abn
芤,abnb
菰,abr
菰,abry
萨,abu
萨,abut
匜,abv
芭,ac
茎,aca
茎,acaf
芭,acb
蓣,acbm
茅,acbt
苔,ack
苔,ackf
?,acu
基,ad
莽,ada
莽,adaj
蕻,adaw
苊,adb
苊,adbb
茇,adcu
弎,add
戎,ade
葫,adef
苦,adf
蓐,adff
萘,adfi
葳,adg
葳,adgt
葴,adgt
葳,adgy
荐,adh
荐,adhb
葜,adhd
茬,adhf
藉,adi
藉,adij
藕,adiy
菲,adj
菲,adjd
匪,adjd
若,adk
鄀,adkb
若,adkf
惹,adkn
苈,adl
苈,adlb
苈,adlr
项,adm
蒇,admt
项,admy
蒇,admy
茂,adn
藏,adnt
茂,adnt
藏,adny
茂,adny
荙,adpu
?,adsk
蕨,adu
芖,adu
蕨,aduw
其,adw
戡,adwa
期,adwe
基,adwf
斟,adwf
綦,adwi
勘,adwl
甚,adwn
惎,adwn
斯,adwr
蓁,adwt
其,adwu
欺,adww
茏,adx
茏,adxb
茏,adxr
菜,ae
艿,aeb
菔,aebc
莩,aebf
藐,aee
蒯,aeej
藐,aeeq
苴,aeg
苴,aegf
苚,aej
艿,aer
菜,aes
菜,aesu
散,aet
?,aet
蕤,aetg
散,aety
藤,aeu
藤,aeui
荽,aev
荽,aevf
芨,aey
芨,aeyu
革,af
鞯,afa
鞯,afab
鞴,afae
鞳,afak
邯,afb
邯,afbh
靶,afc
靶,afcn
鞣,afcs
芸,afcu
芰,afcu
甘,afd
弍,afd
薷,afdj
鞑,afdp
靸,afey
芏,aff
鞋,afff
葑,afff
鞲,afff
靬,affh
靰,afgq
靺,afgs
鞁,afhc
蒜,afi
鞘,afie
蒜,afii
革,afj
芉,afj
靼,afjg
鞮,afjh
鞨,afjn
薹,afkf
薳,afkp
勒,afl
蕾,aflf
勒,afln
勒,aflt
贰,afm
鞅,afmd
萳,afmf
贰,afmi
苇,afn
苇,afnh
鞍,afp
荸,afpb
鞍,afpv
鞠,afq
芜,afqb
芫,afqb
鞠,afqo
鞔,afqq
莰,afqw
鞫,afqy
韂,afqy
靳,afr
靳,afrh
鞡,afru
某,afs
某,afsu
著,aft
著,aftj
蓍,aftj
鞒,aftj
荖,aftx
蔷,afu
靽,afuf
鞧,afug
蔷,afuk
鞬,afvp
鞭,afw
爇,afwo
鞭,afwq
菱,afwt
芙,afwu
靴,afwx
藿,afwy
靿,afxl
七,ag
荆,aga
荆,agaj
匡,agd
弌,agd
莆,age
菁,agef
莆,agey
芋,agf
芋,agfj
廿,agh
廿,aghg
艹,aghh
蔫,agho
苤,agi
苤,agig
芣,agiu
蕙,agj
荁,agjg
蕙,agjn
蔌,agk
,agkg
蔌,agkw
芾,agm
芾,agmh
莿,agmj
颟,agmm
七,agn
匚,agn
匸,agn
巧,agnn
戈,agnt
戈,agny
弋,agny
莱,ago
莱,agou
葬,agq
葬,agqa
薤,agqg
茉,ags
茉,agsu
廾,agth
苹,agu
苹,aguh
荚,aguw
萋,agv
萋,agvv
,agww
荑,agx
荑,agxw
牙,ah
蘧,aha
蘧,ahap
菲,ahdd
匪,ahdd
芷,ahf
苜,ahf
?,ahf
菽,ahi
菽,ahic
,ahim
?,ahjj
熙,ahk
苫,ahk
?,ahk
苫,ahkf
颐,ahkm
赜,ahkm
熙,ahko
臣,ahn
臣,ahnh
卧,ahnh
牙,aht
邪,ahtb
牙,ahte
鸦,ahtg
,ahtk
迓,ahtp
雅,ahty
茈,ahx
茈,ahxb
东,ai
茳,aia
茳,aiaf
蕖,aias
范,aib
范,aibb
菹,aie
菹,aieg
薄,aig
薄,aigf
萍,aigh
蒲,aigy
菠,aih
菠,aihc
东,aii
莎,aiit
蕰,aijl
藻,aik
藻,aiks
荡,ain
荡,ainr
鸫,aiq
鸫,aiqg
蒎,air
蒎,aire
菏,ais
薸,aisi
菏,aisk
落,ait
落,aitk
藩,aitl
汞,aiu
?,aiu
茫,aiy
蒗,aiye
茫,aiyn
划,aj
蕞,ajb
蕞,ajbc
莫,ajd
鄚,ajdb
蓦,ajdc
墓,ajdf
幕,ajdh
暮,ajdj
募,ajdl
慕,ajdn
摹,ajdr
莫,ajdu
萌,aje
萌,ajef
昔,ajf
?,ajf
莳,ajfu
划,ajh
?,ajh
草,ajj
菖,ajjf
蔓,ajl
蔓,ajlc
葛,ajq
鹊,ajqg
葛,ajqn
蓝,ajt
蓝,ajtl
茧,aju
郾,ajv
郾,ajvb
,ajvg
或,ak
葺,akb
葺,akbf
蕺,akbt
蕺,akby
叵,akd
戓,akd
或,akg
鄞,akgb
或,akgd
彧,akge
堇,akgf
勤,akgl
惑,akgn
觐,akgq
匮,akh
蕗,akhk
匮,akhm
蒉,akhm
颧,akk
莒,akkf
鹳,akkg
颧,akkm
萼,akkn
莴,akm
莴,akmw
燕,akuo
??,akwu
功,al
茵,ald
蒽,aldn
蔑,aldt
茵,aldu
蔑,aldy
苗,alf
薯,alfj
莗,alj
匣,alk
茄,alkf
茴,alkf
荔,all
荔,alll
藟,alll
功,aln
葸,alnu
莲,alp
瞢,alph
甍,alpn
莲,alpu
薨,alpx
甍,alpy
萝,alq
鹋,alqg
萝,alqu
艻,alr
功,alt
菌,alt
菌,altu
匦,alv
匦,alvv
苏,alw
苏,alwu
贡,am
芁,amb
芟,amc
芟,amcu
英,amd
英,amdu
蓇,amef
苒,amf
苖,amf
苒,amff
茼,amg
茼,amgk
匝,amh
匝,amhk
萜,amhk
苘,amk
苘,amkf
苋,amq
苋,amqb
贡,amu
貢,amu
貣,amu
黄,amw
黇,amwk
黄,amwu
芮,amwu
巩,amy
跫,amyh
蛩,amyj
恐,amyn
銎,amyq
芃,amyu
巩,amyy
世,an
苠,ana
苠,anab
艺,anb
芑,anb
?,anbm
巨,and
蔚,anf
蔚,anff
蔬,anh
葭,anhc
蔬,anhq
忒,ani
薜,ank
薜,anku
贳,anm
勚,anml
贳,anmu
蕊,ann
蕊,annn
苾,antr
芯,anu
荬,anud
世,anv
蓼,anw
蓼,anwe
苡,any
荩,anyu
苡,anyw
蔊,aojf
菼,aoou
炗,aou
苂,aou
蒌,aov
蒌,aovf
薮,aovt
芝,ap
菪,apd
菪,apdf
蔻,apfc
蒙,apfe
茔,apff
蒄,apff
鹲,apfg
蔻,apfl
莞,apfq
蒙,apg
莹,apg
蒙,apge
苎,apgf
萱,apgg
萣,apgh
莹,apgy
菅,aphn
荥,api
荥,apiu
萤,apj
萤,apju
蓂,apju
营,apk
营,apkk
劳,apl
劳,aplb
荤,aplj
劳,aplr
茕,apn
茕,apnf
菅,apnn
荧,apo
荧,apou
莺,apq
菀,apqb
蓥,apqf
莺,apqg
荦,apr
荦,aprh
荣,aps
苧,apsj
荣,apsu
?,aptm
芝,apu
蓉,apw
葖,apwd
蓿,apwj
蓉,apwk
?,apwl
茓,apwu
萦,apx
萦,apxi
区,aq
芪,aqa
芪,aqab
茋,aqay
苑,aqb
苑,aqbb
薢,aqeh
菳,aqf
葡,aqg
茚,aqgb
藓,aqgd
蓟,aqgj
瓯,aqgn
葡,aqgy
瓯,aqgy
区,aqi
,aqiy
荀,aqj
荀,aqjf
敬,aqk
苟,aqkf
茗,aqkf
擎,aqkr
檠,aqks
敬,aqkt
警,aqky
菟,aqky
殴,aqm
殴,aqmc
苞,aqn
苞,aqnb
菊,aqo
菊,aqou
欧,aqq
鸥,aqqg
欧,aqqw
萄,aqr
萄,aqrm
葱,aqrn
蔸,aqrq
芴,aqrr
获,aqt
茆,aqtb
获,aqtd
莸,aqtn
荻,aqto
艾,aqu
芕,aqu
匹,aqv
旡,aqv
兂,aqv
萏,aqvf
芡,aqw
芡,aqwu
芍,aqy
鸢,aqyg
茑,aqyg
芍,aqyu
匠,ar
葩,arc
葩,arcb
萚,arch
蓏,arcy
菝,ard
菝,ardc
苩,arf
蒱,argy
茱,ari
茱,ariu
芹,arj
匠,ark
蒐,arqc
蔸,arqq
菂,arqy
藠,arrr
萆,art
萆,artf
苛,as
茜,asf
蔈,asfi
苯,asg
苯,asgf
蘸,asgo
葙,ash
葙,ashf
蕈,asj
艼,asj
蕈,asjj
苛,ask
苛,askf
菥,asr
菥,asrj
?,asu
菘,asw
菘,aswc
攻,at
苌,ata
苌,atay
医,atd
医,atdi
繄,atdi
荞,atdj
翳,atdn
蓬,atdp
莠,ate
莠,ateb
莠,ater
芊,atf
荇,atfh
芊,atfj
芼,atfn
莛,atfp
董,atg
董,atgf
翘,atgn
薰,atgo
尧,atgq
蓰,ath
蓰,athh
莉,atj
莉,atjj
蓖,atl
蓖,atlx
薇,atm
薁,atmd
薇,atmt
蕃,ato
蕃,atol
萩,atou
藜,atq
蘅,atqh
藜,atqi
莪,atr
莪,atrt
莪,atry
?,atu
?,atu
萎,atv
萎,atvf
葎,atvh
莓,atx
蘩,atxi
莓,atxu
莓,atxy
攻,aty
燕,au
荓,auaj
蒴,aub
蒴,aube
菛,auf
苙,auf
莘,auj
薏,aujn
蕲,aujr
菩,auk
蔀,aukb
菩,aukf
,aukf
燕,auko
蔽,aum
蔽,aumt
蒂,aup
蒂,auph
蒡,aupy
蒋,auq
蒋,auqf
蒟,auqk
茭,auqu
茨,auqw
薪,aus
薪,ausr
蒺,aut
蒺,autd
蒹,auv
蒹,auvo
蔺,auw
蔺,auwy
切,av
艽,avb
菇,avd
菇,avdf
薅,avdf
茛,ave
茛,aveu
荨,avf
??,avfb
荨,avfu
萧,avi
萧,avij
菉,aviu
茹,avk
茹,avkf
苕,avkf
切,avn
芀,avr
切,avt
?,avt
莙,avtk
萸,avw
萸,avwu
芄,avy
芄,avyu
共,aw
苍,awb
苍,awbb
?,awbh
蓊,awc
蓊,awcn
葰,awct
茯,awd
茯,awdu
蔡,awf
荟,awfc
茌,awff
蔡,awfi
苻,awfu
葵,awg
葵,awgd
蒨,awge
荃,awgf
莶,awgi
匼,awgk
蔹,awgt
莜,awh
莜,awht
芥,awj
芥,awjj
葆,awk
茽,awkh
葆,awks
巷,awn
巷,awnb
孽,awnb
糵,awno
蘖,awns
恭,awnu
薛,awnu
茶,aws
荷,awsk
茶,awsu
荼,awt
荏,awtf
荼,awtu
共,awu
?,awu
莅,awuf
蓓,awuk
芬,awv
芬,awvb
芬,awvr
棻,awvs
巫,aww
莝,awwf
鹀,awwg
巫,awwi
觋,awwq
苁,awwu
花,awx
花,awxb
蕉,awy
苓,awyc
萑,awyf
劐,awyj
芩,awyn
菍,awyn
蕉,awyo
药,ax
荭,axa
荭,axaf
芎,axb
荮,axf
荮,axfu
莼,axg
莼,axgn
蕴,axj
茀,axjj
蕴,axjl
蔃,axkj
药,axq
药,axqy
芗,axt
薿,axth
芗,axtr
蒻,axuu
芘,axx
芘,axxb
荜,axxf
蒈,axxr
芳,ay
蔗,aya
蔗,ayao
芳,ayb
蓠,aybc
茺,ayc
茺,aycq
?,ayf
苄,ayh
苄,ayhu
蔼,ayj
荠,ayjj
蔼,ayjn
蓑,ayk
蓑,ayke
蘘,ayke
??,ayly
蒿,aym
蒿,aymk
藁,ayms
芒,ayn
匾,ayna
萹,ayna
芒,aynb
藨,ayno
荒,aynq
芦,aynr
荄,aynw
葶,ayp
葶,ayps
芳,ayr
蘑,ays
蘑,aysd
蘼,aysd
藦,aysr
蔟,ayt
蔟,aytd
芠,ayu
莨,ayv
莨,ayve
蓢,ayve
萃,ayw
萃,aywf
菸,aywu
蓄,ayx
蓄,ayxl
蕹,ayxy
了,b
陈,ba
陈,bai
陈,baiy
聀,bay
子,bb
子,bbb
子,bbbb
陬,bbc
陬,bbcy
聑,bbg
孖,bbg
?,bbg
耶,bbh
??,bbk
阤,bbn
取,bc
陉,bca
陉,bcag
聂,bcc
颞,bccm
聂,bccu
聚,bct
鄹,bctb
聚,bcti
娶,bcv
娶,bcvf
取,bcy
?,bcy
承,bd
隋,bda
隋,bdae
隳,bdan
随,bde
堕,bdef
随,bdep
承,bdi
承,bdii
陌,bdj
陌,bdjg
陑,bdmj
陇,bdx
陇,bdxn
陇,bdxt
阴,be
阴,beg
?,beg
阻,begg
际,bf
孺,bfd
孺,bfdj
陡,bfh
?,bfh
陡,bfhy
际,bfi
际,bfiy
阱,bfj
阱,bfjh
陆,bfm
陆,bfmh
阮,bfq
阮,bfqn
陵,bfw
陵,bfwt
卫,bg
卫,bgd
孒,bgd
耳,bgh
耳,bghg
隔,bgk
隔,bgkh
陋,bgm
陋,bgmn
阢,bgqn
陕,bgu
陕,bguw
耻,bh
陂,bhc
陂,bhcy
耻,bhg
阯,bhg
蚩,bhgj
陟,bhi
骘,bhic
陟,bhit
屮,bhk
阽,bhkg
孙,bi
函,bib
函,bibk
丞,big
卺,bigb
丞,bigf
烝,bigo
氶,bii
隙,bij
隙,biji
逊,bip
逊,bipi
孙,biy
阥,biy
阳,bj
陧,bjf
陧,bjfg
阳,bjg
刵,bjh
隅,bjm
隅,bjmy
隰,bjx
隰,bjxo
职,bk
亟,bkc
亟,bkcg
叾,bkf
聩,bkh
聩,bkhm
,bkhm
陨,bkm
陨,bkmy
职,bkw
职,bkwy
阵,bl
孟,blf
?,blg
隈,blge
阵,blh
陣,blh
勐,bll
勐,blln
勐,bllt
阞,blt
出,bm
?,bmbh
祟,bmf
聃,bmfg
祟,bmfi
聘,bmg
聘,bmgn
出,bmk
,bmnn
粜,bmo
粜,bmou
孭,bmy
也,bn
了,bnh
阝,bnh
凵,bnh
卩,bnh
孑,bnhg
也,bnhn
孔,bnn
耴,bnn
?,bnn
?,bnn
巜,bnn
孞,bnu
恥,bny
耿,bo
耿,boy
阦,boy
辽,bp
?,bpd
院,bpf
院,bpfq
辽,bpk
耽,bpq
耽,bpqn
聍,bps
聍,bpsh
迆,bpv
陀,bpx
陀,bpxn
隐,bq
孢,bqn
孢,bqnn
陶,bqr
陶,bqrm
聊,bqt
聊,bqtb
陷,bqv
陷,bqvg
隐,bqvn
孤,br
孤,brc
孤,brcy
阪,brcy
隍,brg
隍,brgg
陎,briy
隗,brq
隗,brqc
陴,brt
陴,brtf
阿,bs
?,bsg
耵,bsh
?,bsh
阿,bsk
阿,bskg
降,bt
降,bta
陞,btaf
降,btah
聒,btd
聒,btdg
阡,btf
陲,btfg
阡,btfh
隆,btg
陲,btgf
隆,btgg
阼,bth
阼,bthf
隩,btmd
孜,bty
联,bu
联,bud
联,budy
隧,bue
隧,buep
障,buj
障,bujh
陪,buk
陪,bukg
聪,bukn
隘,buw
隘,buwl
限,bv
限,bve
限,bvey
??,bvqn
队,bw
附,bwf
坠,bwff
附,bwfy
险,bwg
险,bwgi
隃,bwgj
阶,bwj
阶,bwjh
除,bwt
除,bwty
队,bwy
聆,bwyc
陛,bx
乸,bxgu
陛,bxx
陛,bxxf
防,by
孓,byi
卪,byi
,byjh
防,byn
孩,bynw
陔,bynw
防,byt
以,c
戏,ca
??,cabh
颈,cad
颈,cadm
骐,cadw
弁,caj
馵,caj
刭,cajh
劲,cal
劲,caln
劲,calt
迳,cap
迳,capd
驱,caq
驱,caqy
戏,cat
骁,catq
戏,cay
巯,cay
巯,cayq
邓,cb
骤,cbc
骤,cbci
预,cbd
预,cbdm
駬,cbg
邓,cbh
?,cbh
予,cbj
驰,cbn
馳,cbn
豫,cbq
豫,cbqe
矛,cbt
骛,cbtc
鹜,cbtg
鹬,cbtg
瞀,cbth
蟊,cbtj
蝥,cbtj
矞,cbtk
矜,cbtn
遹,cbtp
鍪,cbtq
矛,cbtr
柔,cbts
婺,cbtv
双,cc
又,ccc
又,cccc
叕,cccc
垒,cccf
骉,cccf
叠,cccg
剟,cccj
颡,cccm
桑,cccs
骖,ccd
骖,ccde
驿,ccf
驿,ccfh
骀,cck
骀,cckg
?,ccu
?,ccu
骏,ccw
骏,ccwt
双,ccy
驭,ccy
騳,ccy
馭,ccy
厸,ccy
骚,ccyj
参,cd
叁,cdd
叁,cddf
参,cde
毵,cden
参,cder
,cdhd
畚,cdl
畚,cdlf
??,cdri
骑,cds
骑,cdsk
驮,cdy
?,cdy
馱,cdy
能,ce
?,cef
驵,ceg
驵,cegg
甬,cej
勇,cel
勇,celb
勇,celr
恿,cen
恿,cenu
通,cep
通,cepk
能,cex
??,cexd
熊,cexo
能,cexx
对,cf
圣,cff
馯,cfh
?,cfj
怼,cfn
怼,cfnu
骦,cfsh
对,cfy
骊,cg
,cgig
骊,cgm
骊,cgmy
厼,ciu
骒,cj
,cjdd
驲,cjg
馹,cjg
??,cjgh
骒,cjs
骒,cjsy
台,ck
邰,ckb
邰,ckbh
台,ckf
驯,ckh
馴,ckh
怠,ckn
怠,cknu
炱,cko
炱,ckou
迨,ckp
迨,ckpd
驶,ckq
驶,ckqy
枲,cksu
劝,cl
骃,cldy
驷,clg
駟,clg
劝,cln
劝,clt
骡,clx
骡,clxi
观,cm
骋,cmg
駎,cmg
骋,cmgn
岊,cmj
,cmkg
观,cmq
观,cmqn
贠,cmu
貟,cmu
马,cn
骣,cnb
骣,cnbb
巴,cnh
巴,cnhn
马,cnn
马,cnng
??,cnwy
厶,cny
,coqh
驼,cp
遤,cpi
驼,cpx
驼,cpxn
允,cq
允,cqb
驹,cqk
驹,cqkg
驳,cqq
驳,cqqy
??,cqrm
驺,cqv
驺,cqvg
欢,cqw
欢,cqwy
鸡,cqy
鸡,cqyg
骝,cqyl
牟,cr
牟,crh
馸,crh
牟,crhj
骠,cs
骠,csf
骠,csfi
矣,ct
矣,ctd
骄,ctdj
矣,ctdu
欸,ctdw
,ctfq
骆,ctk
骆,ctkg
骢,ctl
骢,ctln
駇,cty
骈,cu
骈,cua
骈,cuah
騂,cuh
骍,cuh
骥,cux
骥,cuxw
艰,cv
艰,cve
艰,cvey
骕,cvij
??,cviy
骎,cvpc
难,cw
驸,cwf
驸,cwfy
验,cwg
骙,cwgd
验,cwgi
逡,cwt
皴,cwtc
逡,cwtp
,cwty
骅,cwx
骅,cwxf
难,cwy
难,cwyg
骓,cwyg
驻,cy
驻,cyg
驻,cygg
叉,cyi
蚤,cyj
蚤,cyju
骧,cyk
骧,cyke
驴,cyn
骗,cyna
骟,cynn
驴,cynt
骇,cynw
??,cyxy
??,cyy
馼,cyy
在,d
左,da
磡,dadl
厮,dadr
左,daf
矼,dag
砑,dah
砑,daht
礴,dai
礴,daif
厝,daj
?,daj
厝,dajd
碏,dajg
磺,dam
砸,damh
磺,damw
碟,dan
碟,dans
礞,dap
礞,dape
奁,daq
奁,daqu
砹,daqy
硗,dat
硗,datq
砌,dav
砌,davn
砌,davt
礤,dawi
硔,dawy
硭,day
?,day
硭,dayn
顾,db
顾,dbd
顾,dbdm
耷,dbf
矷,dbg
?,dbh
?,dbj
础,dbm
础,dbmh
厄,dbv
友,dc
硁,dcag
夿,dcb
磉,dcc
磉,dccs
碜,dcd
碜,dcde
码,dcg
翃,dcng
友,dcu
犮,dcu
?,dcu
厷,dcu
厺,dcu
雄,dcw
雄,dcwy
碼,dcy
大,dd
磊,ddd
?,ddd
大,dddd
磊,dddf
靥,dddl
砺,dddn
飙,dddq
碱,ddg
砳,ddg
碱,ddgt
碱,ddgy
厦,ddh
碶,ddhd
厦,ddht
厌,ddi
奭,ddjj
厣,ddl
厣,ddlk
黡,ddlo
硕,ddm
硕,ddmy
厉,ddn
厖,ddne
励,ddnl
厉,ddnv
,ddpy
?,ddqq
魇,ddr
魇,ddrc
套,ddu
?,ddu
餍,ddw
餍,ddwe
夶,ddy
?,ddy
胡,de
郁,deb
髢,debb
郁,debh
硼,dee
硼,deeg
有,def
髻,defk
鬒,defw
胡,deg
砠,degg
髡,degq
髭,deh
砽,deh
髭,dehx
鬘,dejc
鬟,del
鬟,dele
髯,dem
髯,demf
鬃,dep
鬃,depi
鬓,depw
鹕,deq
鹕,deqg
髟,det
髦,detn
鬏,deto
鬈,deu
長,deu
鬈,deub
髫,devk
鬣,devn
髹,dew
髽,dewf
髹,dews
夺,df
奔,dfa
奔,dfaj
磕,dfc
磕,dfcl
砝,dfcy
圧,dfd
辰,dfe
辱,dfef
辰,dfei
蜃,dfej
唇,dfek
硅,dff
夳,dff
圶,dff
奎,dfff
硅,dffg
矸,dfh
奈,dfi
奈,dfiu
夲,dfj
厈,dfk
礌,dflg
夸,dfn
夸,dfnb
刳,dfnj
匏,dfnn
砖,dfny
瓠,dfny
礵,dfsh
奢,dft
奢,dftj
夺,dfu
砆,dfwy
压,dfy
压,dfyi
三,dg
研,dga
研,dgah
硎,dgaj
砘,dgb
砘,dgbn
碃,dgeg
三,dgg
三,dggg
古,dgh
古,dghg
硬,dgj
硬,dgjq
咸,dgk
觱,dgke
厨,dgkf
感,dgkn
咸,dgkt
咸,dgky
礓,dgl
礓,dglg
碛,dgm
??,dgmj
碛,dgmy
戌,dgn
戌,dgnt
戌,dgny
厂,dgt
丆,dgt
石,dgtg
犬,dgty
砰,dgu
砰,dguh
硖,dguw
威,dgv
威,dgvt
威,dgvy
碡,dgx
碡,dgxu
碡,dgxy
丰,dh
戛,dha
戛,dhar
戛,dhau
存,dhb
存,dhbd
破,dhc
破,dhcy
慧,dhd
酆,dhdb
砉,dhdf
奡,dhdj
慧,dhdn
彗,dhdv
,dheg
在,dhf
在,dhfd
砋,dhg
戚,dhi
蹙,dhih
戚,dhit
戚,dhiy
丰,dhk
砧,dhkg
艳,dhq
艳,dhqc
夏,dht
夏,dhtu
契,dhv
契,dhvd
?,dhvd
絜,dhvi
恝,dhvn
挈,dhvr
?,dhvv
砂,di
耤,diaj
耢,dial
磲,dias
耔,dib
耔,dibg
耙,dic
耙,dicn
耨,did
耨,didf
耰,didt
硝,die
硝,dieg
耕,dif
耘,difc
耩,diff
耕,difj
耜,dihn
耒,dii
耥,diik
耖,diit
耦,dij
耦,dijy
耜,din
耜,dinn
耧,dio
耧,diov
砂,dit
耗,ditn
砂,ditt
泵,diu
夵,diu
耪,diuy
耠,diw
耠,diwk
耱,diy
砅,diy
耱,diyd
百,dj
厚,djb
厚,djbd
非,djd
非,djdd
裴,djde
韭,djdg
蜚,djdj
剕,djdj
皕,djdj
辈,djdl
悲,djdn
翡,djdn
棐,djds
斐,djdy
百,djf
厘,djfd
碍,djg
碍,djgf
砷,djh
矵,djh
砷,djhh
夰,djj
奄,djn
奄,djnb
鹌,djng
碣,djq
碣,djqn
,djtq
右,dk
右,dkf
夻,dkf
夼,dkj
??,dkkn
??,dkks
历,dl
夯,dlb
历,dle
奋,dlf
?,dlg
碨,dlge
砗,dlh
硨,dlh
厍,dlk
?,dlk
厙,dlk
夯,dlr
劯,dlt
历,dlv
面,dm
碘,dma
碘,dmaw
冇,dmb
碳,dmd
碳,dmdo
碉,dmf
碉,dmfk
硐,dmg
硐,dmgk
布,dmh
布,dmhj
而,dmj
?,dmj
面,dmjd
耏,dmje
耐,dmjf
鸸,dmjg
而,dmjj
厕,dmjk
勔,dmjl
恧,dmjn
耍,dmjv
矶,dmn
硙,dmnn
砚,dmq
砚,dmqn
砜,dmqy
页,dmu
頁,dmu
矾,dmy
矾,dmyy
成,dn
碾,dna
碾,dnae
乭,dnb
臧,dnd
臧,dndt
臧,dndy
尨,dnee
?,dng
尪,dngd
嘏,dnh
嘏,dnhc
尴,dnjl
虿,dnju
趸,dnk
趸,dnkh
劢,dnl
劢,dnln
劢,dnlt
成,dnn
盛,dnnl
成,dnnt
成,dnny
迈,dnp
迈,dnpv
尥,dnq
尥,dnqy
砀,dnr
砀,dnrt
戊,dnty
怘,dnu
万,dnv
尤,dnv
尢,dnv
尬,dnw
尬,dnwj
砄,dnwy
戊,dny
戊,dnyt
灰,do
盔,dol
盔,dolf
磷,doq
磷,doqh
灰,dou
达,dp
碹,dpgg
碇,dpgh
达,dpi
迖,dpi
碗,dpq
碗,dpqb
牵,dpr
牵,dprh
硿,dpwa
砣,dpx
砣,dpxn
克,dq
碈,dqaj
磔,dqas
砥,dqay
克,dqb
兢,dqd
?,dqd
硊,dqdb
兢,dqdq
确,dqe
确,dqeh
碒,dqg
砾,dqi
砾,dqiy
剋,dqjk
爽,dqq
爽,dqqq
奓,dqqu
砍,dqw
砍,dqwy
矽,dqy
鸪,dqyg
原,dr
砶,drg
斫,drh
原,dri
原,drii
愿,drin
碑,drt
碑,drtf
厅,ds
硒,dsg
砵,dsgg
厢,dsh
矴,dsh
厢,dshd
碴,dsj
碴,dsjg
磹,dsjh
厅,dsk
奇,dskf
剞,dskj
欹,dskw
?,dsu
?,dsu
帮,dt
邦,dtb
帮,dtbh
邦,dtbh
硚,dtdj
寿,dtf
焘,dtfo
寿,dtfu
砟,dth
砟,dthf
硌,dtk
硌,dtkg
硇,dtl
硇,dtlq
矻,dtnn
磻,dtol
砭,dtp
砭,dtpy
硪,dtr
硪,dtrt
硪,dtry
故,dty
磁,du
劂,dubj
厥,dubw
磙,duc
磙,duce
磋,dud
?,dud
磋,duda
砬,dug
辜,duj
?,dujf
鹩,dujg
碚,duk
厗,duk
碚,dukg
碰,duo
碰,duog
磅,dup
碲,duph
磅,dupy
冭,duu
磏,duvo
磁,dux
磁,duxx
肆,dv
厩,dvc
厩,dvcq
硍,dvey
肆,dvf
肆,dvfh
碌,dvi
碌,dviy
春,dw
砼,dwa
砼,dwag
奉,dwf
奉,dwfh
磜,dwfi
奏,dwg
奏,dwgd
硷,dwgi
磴,dwgu
仄,dwi
泰,dwiu
春,dwj
春,dwjf
蠢,dwjj
秦,dwt
秦,dwtu
舂,dwv
舂,dwvf
雁,dww
赝,dwwm
雁,dwwy
礁,dwy
碓,dwyg
礁,dwyo
龙,dx
龚,dxa
龚,dxaw
聋,dxb
?,dxb
聋,dxbf
砻,dxd
砻,dxdf
龙,dxe
垄,dxf
垄,dxff
砩,dxjh
?,dxn
龙,dxv
砒,dxx
砒,dxxn
袭,dxy
?,dxyd
袭,dxye
詟,dxyf
太,dy
礅,dyb
礅,dybt
硫,dyc
硫,dycq
?,dyg
砫,dygg
太,dyi
丈,dyi
态,dyn
碥,dyna
戍,dynt
态,dynu
戍,dyny
矿,dyt
碎,dyw
碎,dywf
砇,dyy
有,e
肛,ea
腻,eaf
腻,eafm
肛,eag
胨,eai
胨,eaiy
腊,eaj
膜,eajd
腊,eajg
朦,eap
朦,eape
服,eb
郛,ebb
郛,ebbh
服,ebc
服,ebcy
孕,ebf
孚,ebf
?,ebg
朏,ebmh
乳,ebn
肔,ebn
乳,ebnn
肥,ec
胫,eca
胫,ecag
夃,eci
胎,eck
胎,eckg
盈,ecl
戤,ecla
盈,eclf
肥,ecn
豝,ecn
须,ed
肱,edc
肱,edcy
胈,edcy
胯,edf
呄,edf
胯,edfn
??,edg
腓,edjd
腌,edjn
须,edm
腼,edmd
媭,edmv
须,edmy
腠,edw
腠,edwd
胧,edx
胧,edxn
胧,edxt
肽,edy
肰,edy
肽,edyy
朋,ee
貘,eea
貘,eead
?,eeaq
脬,eeb
脬,eebg
貊,eed
貊,eedj
月,eee
月,eeee
豺,eef
豺,eeft
脟,eefy
朋,eeg
貆,eegg
豳,eem
豳,eemk
燹,eeo
燹,eeou
鹏,eeq
鹏,eeqg
豹,eeqy
豸,eer
邈,eerp
貌,eerq
肜,eet
貉,eetk
貔,eetx
貂,eev
貂,eevk
貅,eew
貅,eews
豚,eey
豩,eey
肝,ef
豮,efam
肢,efc
脚,efcb
肢,efcy
胠,efcy
臑,efdj
肚,efg
?,efg
肝,efh
虢,efhm
?,efiy
肼,efj
肼,efjh
膨,efk
臌,efkc
膨,efke
腩,efm
腩,efmf
肟,efn
肟,efnn
?,efny
脖,efp
脖,efpb
朊,efqn
爰,eft
爰,eftc
寽,efu
肤,efw
肤,efwy
肘,efy
且,eg
肫,egb
肫,egbn
县,egc
悬,egcn
县,egcu
且,egd
脯,ege
膊,egef
腈,egeg
脯,egey
脿,egey
胚,egi
胚,egig
膈,egk
膈,egkh
助,egl
助,egln
助,eglt
肺,egm
肺,egmh
豕,egt
豕,egty
雎,egw
雎,egwy
胰,egx
胰,egxw
胩,eh
腓,ehdd
胩,ehh
胩,ehhy
丯,ehk
鼐,ehn
鼐,ehnn
胪,ehnt
辵,ehu
膛,ei
膛,eip
膛,eipf
胱,eiq
胱,eiqn
朓,eiqn
尕,eiu
胆,ej
?,ejf
胆,ejg
胆,ejgg
刖,ejh
胂,ejhh
腽,ejl
腽,ejlg
腥,ejt
腥,ejtg
肿,ek
肿,ekh
肿,ekhh
腭,ekk
腭,ekkn
臊,ekks
脶,ekm
脶,ekmw
肋,el
胭,eld
胭,eldy
?,elf
盁,elf
腘,elgy
胛,elh
肋,eln
腮,elny
肋,elt
?,elty
爵,elv
爵,elvf
胁,elw
胁,elwy
肌,em
腆,ema
腆,emaw
股,emc
股,emcy
腨,emdj
胴,emg
胴,emgk
肌,emn
觅,emq
觅,emqb
肭,emw
肭,emwy
甩,en
?,enb
腒,endg
脲,eni
脲,eniy
肊,enn
肠,enr
肠,enrt
乃,ent
甩,env
膦,eo
膦,eoq
膦,eoqh
??,eovg
脒,eoy
爱,ep
受,epc
受,epcu
爱,epd
迌,epd
爱,epdc
脓,epe
辸,epe
脓,epey
脘,epf
腙,epfi
脘,epfq
腚,epg
腚,epgh
逐,epi
腕,epq
腕,epqb
舜,epqh
膑,epr
膑,eprw
胺,epv
胺,epvg
腔,epw
腔,epwa
膣,epwf
胸,eq
胝,eqa
胝,eqay
脆,eqd
脆,eqdb
豨,eqdh
朐,eqk
朐,eqkg
胞,eqn
胞,eqnn
胸,eqq
胸,eqqb
脎,eqs
脎,eqsy
肷,eqw
肷,eqwy
遥,er
胍,erc
胍,ercy
腯,erfh
胉,erg
肵,erh
腺,eri
腺,eriy
遥,erm
鹞,ermg
繇,ermi
遥,ermp
脾,ert
脾,ertf
采,es
彩,ese
彩,eset
膘,esf
膘,esfi
采,esu
朶,esu
腰,esv
腰,esvg
膝,esw
膝,eswi
用,et
胀,eta
胀,etay
胣,etbn
臜,etfm
胜,etg
胜,etgg
胙,eth
胙,ethf
腹,etj
腹,etjt
胳,etk
胳,etkg
乃,etn
用,etnh
彡,ettt
胶,eu
胼,eua
胼,euah
腾,eud
腾,eudc
塍,eudf
?,eudg
滕,eudi
縢,eudi
螣,eudj
膳,eudk
媵,eudv
朕,eudy
胖,euf
胖,eufh
?,eug
臆,euj
臆,eujn
脱,euk
脱,eukq
膀,eup
膪,eupk
膀,eupy
胶,euq
胶,euqy
?,euxh
妥,ev
腿,eve
腿,evep
妥,evf
舀,evf
腱,evfp
肗,evg
肍,evn
腴,evw
腴,evwy
脸,ew
胗,ewe
胗,ewet
脍,ewf
脍,ewfc
肸,ewfh
脸,ewg
脸,ewgi
腧,ewgj
脞,eww
脞,ewwf
脂,ex
奚,exd
谿,exdk
奚,exdu
脂,exj
脂,exjg
膙,exkj
及,ey
脑,eyb
脑,eybh
脏,eyf
脏,eyfg
及,eyi
豖,eyi
脐,eyj
脐,eyjh
膻,eyl
膻,eylg
肮,eym
肮,eymn
肪,eyn
脉,eyni
胲,eynw
肪,eyt
臁,eyuo
腑,eyw
腑,eywf
腋,eywy
臃,eyx
臃,eyxy
地,f
载,fa
堪,fad
墈,fadl
堪,fadn
霰,fae
霰,faet
霸,faf
卋,faf
霸,fafe
坩,fafg
卉,faj
堰,fajv
哉,fak
哉,fakd
域,fakg
墐,fakg
载,fal
载,fald
载,falk
戴,falw
贲,fam
贲,famu
堞,fan
堞,fans
,fapl
,faqy
栽,fas
栽,fasi
截,faw
塔,fawk
截,fawy
裁,fay
裁,faye
地,fb
邗,fbh
壭,fbj
凷,fbk
地,fbn
支,fc
弆,fcaj
却,fcb
却,fcbh
??,fcbh
?,fccc
??,fcdm
叆,fcec
埇,fceh
动,fcl
盍,fclf
动,fcln
劫,fcln
动,fclt
劫,fclt
翅,fcn
翅,fcnd
运,fcp
运,fcpi
魂,fcr
魂,fcrc
埃,fct
埃,fctd
去,fcu
支,fcu
云,fcu
叇,fcvp
城,fd
震,fdf
雼,fdf
震,fdfe
堐,fdff
垮,fdfn
坧,fdg
埯,fdj
霏,fdjd
埯,fdjn
坜,fdl
雳,fdlb
坜,fdln
雳,fdlr
坜,fdlt
需,fdm
堧,fdmd
需,fdmj
颥,fdmm
顸,fdmy
城,fdn
城,fdnt
城,fdny
垯,fdpy
塬,fdr
塬,fdri
埼,fdsk
堾,fdwj
垅,fdxt
圾,fe
垺,febg
堋,fee
霾,feef
堋,feeg
埒,fef
埒,fefy
坥,fegg
圾,fey
圾,feyy
寺,ff
邽,ffbh
邿,ffbh
坛,ffc
坛,ffcy
圭,fff
亖,fff
土,ffff
垚,ffff
堼,ffff
封,fffy
填,ffh
埴,ffhg
填,ffhw
卦,ffhy
款,ffi
款,ffiw
墘,ffjn
圬,ffn
雩,ffnb
鄠,ffnb
圬,ffnn
恚,ffnu
堵,fft
堵,fftj
寺,ffu
墙,ffuk
堎,ffwt
二,fg
坉,fgbn
垤,fgc
垤,fgcf
博,fge
博,fgef
埔,fgey
圩,fgf
圩,fgfh
二,fgg
干,fggh
十,fgh
士,fghg
墕,fgho
雨,fghy
寸,fghy
坏,fgi
坯,fgig
坏,fgiy
埂,fgj
垣,fgjg
埂,fgjq
塥,fgk
塥,fgkh
垭,fgo
垭,fgog
坪,fgu
坪,fguh
直,fh
越,fha
墟,fhag
越,fhat
越,fhay
趣,fhb
趣,fhbc
坡,fhc
坡,fhcy
霏,fhdd
趄,fhe
趄,fheg
直,fhf
?,fhf
矗,fhfh
赶,fhfk
址,fhg
圵,fhg
趔,fhgj
赴,fhh
赴,fhhi
趟,fhi
趟,fhik
埗,fhit
亍,fhk
坫,fhkg
盐,fhl
盐,fhlf
起,fhn
赳,fhnh
垆,fhnt
起,fhnv
趯,fhny
赵,fhq
赵,fhqi
趋,fhqv
趱,fht
趱,fhtm
走,fhu
趑,fhuw
超,fhv
超,fhvk
真,fhw
趁,fhwe
颠,fhwm
真,fhwu
圤,fhy
示,fi
霄,fie
霄,fief
霪,fief
霈,fig
霈,figh
未,fii
埫,fimk
垙,fiqn
嫠,fit
釐,fitf
漦,fiti
嫠,fitv
示,fiu
墚,fiv
垱,fivg
墚,fivs
求,fiy
裘,fiye
求,fiyi
逑,fiyp
救,fiyt
进,fj
戟,fja
戟,fjat
戟,fjay
朝,fje
朝,fjeg
埋,fjf
埋,fjfg
韩,fjfh
垾,fjfh
埘,fjfy
坦,fjg
斠,fjgf
坦,fjgg
堤,fjgh
遘,fjgp
觏,fjgq
刊,fjh
刌,fjh
坤,fjhh
亓,fjj
井,fjk
墁,fjl
墁,fjlc
塌,fjn
塌,fjng
进,fjp
进,fjpk
埸,fjq
堨,fjqn
埸,fjqr
乾,fjt
乾,fjtn
翰,fjw
斡,fjwf
翰,fjwn
吉,fk
颉,fkd
颉,fkdm
袁,fke
袁,fkeu
吉,fkf
喆,fkfk
埕,fkg
埕,fkgg
圳,fkh
露,fkhk
酃,fkk
酃,fkkb
劼,fkln
埚,fkm
埚,fkmw
埙,fkmy
喜,fku
鼓,fkuc
彭,fkue
鼙,fkuf
瞽,fkuh
喜,fkuk
嘉,fkuk
嚭,fkuk
甏,fkun
憙,fkun
熹,fkuo
甏,fkuy
协,fl
堌,fldg
雷,flf
?,flf
堽,flgh
?,flt
?,flt
协,flw
协,flwy
塄,fly
塄,flyn
塄,flyt
南,fm
垌,fmg
垌,fmgk
圸,fmh
击,fmk
坰,fmkg
垲,fmn
垲,fmnn
垛,fms
垛,fmsy
南,fmu
献,fmud
南,fmuf
坝,fmy
垻,fmy
坍,fmyg
志,fn
?,fnb
?,fnb
堀,fnbm
?,fnf
霨,fnff
韦,fnh
霞,fnhc
韨,fnhc
韦,fnhk
韫,fnhl
违,fnhp
韬,fnhv
韧,fnhy
墀,fni
墀,fnih
霹,fnk
霹,fnku
馨,fnm
磬,fnmd
馨,fnmj
罄,fnmm
謦,fnmy
圮,fnn
圯,fnn
圠,fnn
声,fnr
场,fnrt
志,fnu
忈,fnu
卖,fnud
觌,fnuq
亏,fnv
亐,fnv
块,fnw
??,fnwe
块,fnwy
坭,fnx
坭,fnxn
专,fny
专,fnyi
赤,fo
郝,fob
赧,fobc
郝,fobh
赫,fof
赭,fofj
赫,fofo
墣,fogy
赪,fohm
赦,fot
螫,fotj
赦,foty
赤,fou
灻,fou
?,fou
??,fovg
过,fp
勃,fpb
孛,fpbf
鹁,fpbg
勃,fpbl
垸,fpf
垸,fpfq
壹,fpg
彀,fpgc
觳,fpgc
縠,fpgc
壸,fpgg
懿,fpgn
壹,fpgu
过,fpi
辻,fpk
迀,fpk
毂,fpl
毂,fplc
疐,fplh
壳,fpm
壳,fpmb
悫,fpmn
壶,fpo
壶,fpog
垞,fpta
榖,fptc
垵,fpvg
埪,fpwa
索,fpx
索,fpxi
坨,fpxn
无,fq
坻,fqa
坻,fqay
元,fqb
圥,fqb
顽,fqd
顽,fqdm
埆,fqeh
堍,fqk
鼋,fqkn
堍,fqky
雹,fqn
雹,fqnb
坞,fqng
远,fqp
远,fqpv
均,fqu
均,fqug
鋆,fquq
无,fqv
坎,fqw
坎,fqwy
垢,fr
坂,frc
坂,frcy
坬,frcy
垢,frg
垢,frgk
圻,frh
埤,frt
埤,frtf
坼,fry
坼,fryy
霜,fs
堙,fsf
堙,fsfg
霜,fsh
圢,fsh
霜,fshf
鹴,fshg
坷,fsk
坷,fskg
霖,fss
霖,fssu
雬,fsu
?,fsvg
才,ft
,ftah
圫,ftan
孝,ftb
孝,ftbf
教,ftbt
才,fte
耂,fte
霆,ftf
圲,ftfh
霆,ftfp
考,ftg
埵,ftgf
考,ftgn
埏,fth
垍,fthg
鼒,fthn
埏,fthp
者,ftj
都,ftjb
者,ftjf
翥,ftjn
煮,ftjo
垎,ftkg
雾,ftl
雾,ftlb
雾,ftlr
垧,ftm
垧,ftmk
圪,ftn
圪,ftnn
墦,ftol
耇,ftqk
老,ftx
老,ftxb
耋,ftxf
耆,ftxj
耄,ftxn
霉,ftxu
霉,ftxy
攼,fty
坆,fty
增,fu
垟,fudh
墡,fudk
丧,fue
丧,fueu
幸,fuf
雴,fuf
幸,fufj
垃,fug
垶,fuh
境,fuj
,fujf
境,fujq
培,fuk
培,fukg
增,ful
增,fulj
啬,fulk
墒,fum
墒,fumk
塝,fupy
霎,fuv
霎,fuvf
雪,fv
垠,fve
垠,fvey
雪,fvf
垏,fvfh
埭,fvi
埭,fviy
埽,fvp
埽,fvph
霓,fvq
霓,fvqb
夫,fw
塅,fwdc
替,fwf
替,fwfj
辇,fwfl
逵,fwfp
夫,fwi
规,fwm
鬶,fwmh
规,fwmq
埠,fwn
堠,fwnd
埠,fwnf
坋,fwvn
赍,fww
赍,fwwm
,fwxn
堆,fwy
零,fwyc
坽,fwyc
霍,fwyf
堆,fwyg
埝,fwyn
毐,fxdr
坳,fxl
坳,fxln
坳,fxlt
坶,fxyy
坟,fy
墩,fyb
雱,fyb
垴,fybh
墩,fybt
垿,fycb
堉,fyce
霅,fyf
圡,fyi
霁,fyj
霁,fyjj
霭,fyjn
壤,fyk
壤,fyke
坑,fym
坑,fymn
坊,fyn
??,fyna
垓,fynw
塆,fyox
壕,fyp
壕,fype
坊,fyt
圹,fyt
雯,fyu
塘,fyv
埌,fyve
墉,fyvh
??,fyvi
塘,fyvk
坟,fyy
一,g
开,ga
邢,gab
邢,gabh
琪,gad
琪,gadw
形,gae
形,gaet
玒,gag
??,gagw
武,gah
琊,gahb
武,gahd
鹉,gahg
玡,gaht
弄,gaj
型,gajf
刑,gajh
开,gak
瑾,gakg
瓘,gaky
瑛,gam
瑛,gamd
璜,gamw
璥,gaqt
珙,gaw
珙,gawy
屯,gb
珥,gbg
?,gbg
屯,gbn
邨,gbnb
顿,gbnm
屯,gbnv
到,gc
至,gcf
郅,gcfb
至,gcff
到,gcfj
致,gcft
臻,gcft
玛,gcg
丟,gcu
瑪,gcy
?,gcy
天,gd
瑚,gde
瑚,gdeg
珛,gdeg
玤,gdhh
天,gdi
蚕,gdj
琲,gdjd
蚕,gdju
吞,gdk
吞,gdkf
顼,gdm
顼,gdmy
忝,gdn
珹,gdnt
忝,gdnu
琦,gds
琦,gdsk
?,gdu
琫,gdwh
瑃,gdwj
瑧,gdwt
珑,gdx
珑,gdxn
珑,gdxt
?,gdy
表,ge
琈,gebg
青,gef
瑗,gefc
玥,geg
珇,gegg
甫,geh
,gehg
逋,gehp
敷,geht
甫,gehy
靓,gem
靓,gemq
靛,gep
瑷,gepc
靛,geph
静,geq
?,geqg
静,geqh
瑶,ger
瑶,germ
表,geu
琢,gey
琢,geyy
于,gf
邘,gfbh
珐,gfc
珐,gfcy
瓀,gfdj
珪,gffg
?,gffn
玕,gfh
瑱,gfhw
球,gfi
球,gfiy
琎,gfjp
于,gfk
盂,gfl
盂,gflf
??,gfmd
玮,gfn
玮,gfnh
迂,gfp
迂,gfpk
玩,gfq
玩,gfqn
玞,gfwy
五,gg
珷,ggah
琶,ggc
琶,ggcb
王,ggg
玨,ggg
王,gggg
戋,gggt
璱,gggt
戋,gggy
五,ggh
五,gghg
环,ggi
环,ggiy
珸,ggkg
一,ggl
瑓,ggli
一,ggll
瑟,ggn
玙,ggng
瑟,ggnt
瑨,ggoj
璈,ggqt
玶,gguh
琴,ggw
琴,ggwn
琵,ggx
琵,ggxx
珏,ggy
珏,ggyy
下,gh
琥,gha
璩,ghae
琥,gham
玻,ghc
玻,ghcy
正,ghd
?,ghd
焉,ghg
?,ghg
鄢,ghgb
焉,ghgo
下,ghi
琡,ghic
玷,ghk
丅,ghk
玷,ghkg
丐,ghn
丏,ghnn
忑,ghnu
丐,ghnv
璨,ghq
璨,ghqo
政,ght
政,ghty
玼,ghxn
?,ghy
不,gi
甭,gie
甭,giej
歪,gig
邳,gigb
丕,gigf
歪,gigh
不,gii
否,gik
否,gikf
琐,gim
琐,gimy
还,gip
还,gipi
珧,giq
珧,giqn
珖,giqn
孬,giv
孬,givb
珰,givg
理,gj
理,gjf
墼,gjff
理,gjfg
亘,gjg
亘,gjgf
芈,gjgh
瑅,gjgh
惠,gjh
刬,gjh
?,gjh
瑁,gjhg
珅,gjhh
惠,gjhn
丌,gjk
更,gjq
甦,gjqg
更,gjqi
瑆,gjtg
琨,gjx
琨,gjxx
璟,gjyi
事,gk
郚,gkbh
琄,gkeg
吾,gkf
珵,gkgg
囊,gkh
玔,gkh
囊,gkhe
蠹,gkhj
璐,gkhk
橐,gkhs
束,gki
整,gkih
束,gkii
剌,gkij
赖,gkim
速,gkip
敕,gkit
卅,gkk
噩,gkkk
璪,gkks
副,gkl
副,gklj
逼,gklp
融,gkm
鹝,gkmg
鬲,gkmh
融,gkmj
翮,gkmn
鬷,gkmt
带,gkp
带,gkph
吏,gkq
吏,gkqi
敔,gkty
豆,gku
豇,gkua
豌,gkub
豉,gkuc
豆,gkuf
剅,gkuj
逗,gkup
事,gkv
事,gkvh
画,gl
画,glb
画,glbj
盏,glf
玾,glh
柬,gli
柬,glii
珈,glk
卌,glk
珈,glkg
珕,glll
琏,glp
琏,glpy
玏,glt
现,gm
曹,gma
曹,gmaj
遭,gmap
瑞,gmd
瑞,gmdj
再,gmf
再,gmfd
?,gmhg
刺,gmi
棘,gmii
刺,gmij
枣,gmiu
僰,gmiw
??,gmln
珊,gmm
珊,gmmg
璎,gmmv
玑,gmn
现,gmq
现,gmqn
责,gmu
責,gmu
丙,gmw
邴,gmwb
丙,gmwi
两,gmww
璀,gmwy
丽,gmy
珼,gmy
郦,gmyb
鹂,gmyg
逦,gmyp
丽,gmyy
与,gn
珉,gna
珉,gnan
?,gnb
琚,gnd
琚,gndg
与,gng
珝,gng
与,gngd
欤,gngw
瑕,gnh
瑕,gnhc
瑂,gnhg
?,gni
玘,gnn
玌,gnn
瓦,gnny
戸,gnr
玚,gnrt
珌,gntt
忢,gnu
丂,gnv
璆,gnwe
玦,gnwy
瓦,gny
瓦,gnyn
来,go
严,god
慭,godn
严,godr
亚,gog
戬,goga
鄑,gogb
亚,gogd
垩,gogf
晋,gogj
恶,gogn
璞,gogy
来,goi
灭,goi
赉,gom
赉,gomu
琰,goo
琰,gooy
璘,goqh
??,goyc
辷,gpd
迋,gpd
琮,gpf
琮,gpfi
瑄,gpgg
琔,gpgh
珲,gpl
珲,gplh
琯,gpnn
琬,gpq
琬,gpqb
琛,gpw
瑢,gpwk
琛,gpws
列,gq
殣,gqag
殛,gqb
殛,gqbg
殆,gqc
殆,gqck
殂,gqe
殍,gqeb
殂,gqeg
殖,gqf
殖,gqfh
殪,gqfu
麸,gqfw
残,gqg
琻,gqg
残,gqgt
残,gqgy
歹,gqi
珧,gqiy
列,gqj
裂,gqje
珣,gqjg
?,gqjg
列,gqjh
虺,gqji
烈,gqjo
殒,gqk
殒,gqkm
殃,gqm
殁,gqmc
殃,gqmd
殡,gqp
殡,gqpw
殉,gqq
殉,gqqj
殊,gqr
殊,gqri
歼,gqt
聱,gqtb
珋,gqtb
骜,gqtc
獒,gqtd
歼,gqtf
鳌,gqtg
螯,gqtj
赘,gqtm
嶅,gqtm
熬,gqto
遨,gqtp
鏊,gqtq
殇,gqtr
敖,gqty
殚,gqu
殚,gquf
兀,gqv
兀,gqv
琤,gqvh
殓,gqw
殄,gqwe
餮,gqwe
殓,gqwi
死,gqx
死,gqxb
死,gqxv
玖,gqy
玖,gqyy
玓,gqyy
珠,gr
碧,grd
碧,grdf
珀,grg
瑝,grgg
珠,gri
珠,griy
瑔,griy
瑰,grq
瑰,grqc
璬,gryt
末,gs
玎,gsh
末,gsi
珂,gsk
珂,gskg
琳,gss
琳,gssy
玫,gt
琇,gten
珩,gtf
珩,gtfh
瓒,gtfm
珽,gtfp
珞,gtk
珞,gtkg
瑀,gtky
璁,gtl
璁,gtln
珦,gtmk
璠,gtol
麹,gtqo
麦,gtu
玫,gty
平,gu
瑳,guda
璲,guep
平,guh
平,guhk
璋,guj
璋,gujh
??,guph
夹,guw
郏,guwb
夹,guwi
颊,guwm
妻,gv
珢,gvey
珒,gvfh
,gvfy
妻,gvh
郪,gvhb
妻,gvhv
琭,gviy
玿,gvkg
瑙,gvt
珺,gvtk
瑙,gvtq
珍,gw
玳,gwa
玳,gway
玱,gwbn
瑖,gwdc
珍,gwe
珍,gwet
瑜,gwg
瑜,gwgj
璒,gwgu
玠,gwjh
兲,gwu
玢,gwv
玢,gwvn
玢,gwvt
玲,gwy
玐,gwy
玲,gwyc
琟,gwyg
琀,gwyk
互,gx
瑑,gxey
纛,gxf
纛,gxfi
互,gxg
互,gxgd
毒,gxgu
素,gxi
素,gxiu
夷,gxw
夷,gxwi
玭,gxxn
毒,gxy
纛,gxyi
毒,gxyy
玉,gy
璃,gyb
璃,gybc
琉,gyc
琉,gycq
珫,gycq
斑,gyg
琂,gyg
斑,gygg
玉,gyi
玊,gyi
琼,gyiy
瓖,gyke
璮,gylg
班,gyt
班,gytg
璇,gyth
琅,gyv
琅,gyve
瑭,gyvk
玹,gyxy
玟,gyy
上,h
虎,ha
虐,haa
虐,haag
遽,hae
遽,haep
眶,hag
眶,hagg
甗,hagn
瞒,hagw
虞,hak
虞,hakd
瞄,hal
虏,hale
瞄,halg
虏,halv
虎,ham
彪,hame
虤,hamm
虎,hamv
虑,han
虑,hani
虚,hao
虚,haog
觑,haoq
眍,haq
眍,haqy
虍,hav
虔,hay
虔,hayi
眲,hbg
齒,hbj
皮,hc
颇,hcd
颇,hcdm
皮,hci
眙,hck
眙,hckg
眸,hcr
眸,hcrh
攴,hcu
睃,hcw
睃,hcwt
睚,hd
睚,hdf
睚,hdff
?,hdg
非,hdhd
裴,hdhe
韭,hdhg
蜚,hdhj
辈,hdhl
悲,hdhn
翡,hdhn
斐,hdhy
?,hdqg
狊,hdu
瞭,hdui
眬,hdxn
肯,he
肯,hef
眀,heg
瞬,hep
瞬,heph
睬,hes
睬,hesy
?,het
睦,hf
歧,hfc
瞌,hfcl
歧,hfcy
眭,hff
眭,hffg
盰,hfh
瞋,hfhw
睹,hft
睹,hftj
睦,hfw
睦,hfwf
睛,hg
盹,hgb
盹,hgbn
丄,hgd
睛,hge
睛,hgeg
盱,hgf
盱,hgfh
眄,hgh
眄,hghn
凸,hgm
凸,hgmg
睐,hgo
睐,hgoy
睫,hgv
睫,hgvh
止,hh
上,hhg
?,hhg
上,hhgg
止,hhgg
目,hhh
止,hhh
止,hhhg
目,hhhh
丨,hhll
卡,hhu
歨,hhu
矍,hhw
??,hhwb
矍,hhwc
氍,hhwn
瞿,hhwy
眦,hhx
眦,hhxn
卜,hhy
步,hi
叔,hic
督,hich
叔,hicy
频,hid
颦,hidf
频,hidm
睄,hieg
瞠,hip
瞠,hipf
眺,hiq
眺,hiqn
步,hir
眇,hit
眇,hitt
尗,hiu
旧,hj
?,hjf
旧,hjg
卓,hjj
逴,hjpk
桌,hjs
桌,hjsu
占,hk
战,hka
战,hkat
战,hkay
占,hkf
觇,hkm
觇,hkmq
乩,hkn
乩,hknn
点,hko
点,hkou
卤,hl
盀,hlf
卣,hln
卣,hlnf
卤,hlq
鹾,hlqa
卤,hlqi
卤,hlqu
贞,hm
??,hmqn
贞,hmu
貞,hmu
凣,hmv
卢,hn
眠,hna
眠,hnan
瞰,hnb
瞰,hnbt
鼎,hnd
颅,hndm
鼎,hndn
卢,hne
凹,hnmg
兕,hnmq
鸬,hnq
鸬,hnqg
卢,hnr
瞩,hnt
瞩,hnty
忐,hnu
眯,ho
瞵,hoq
瞵,hoqh
?,hovg
眯,hoy
瞎,hp
瞎,hpd
瞎,hpdk
壑,hpg
壑,hpgf
睿,hpgh
瞑,hpj
瞑,hpju
眈,hpq
眈,hpqn
?,hpv
餐,hq
見,hqb
餐,hqc
餐,hqce
粲,hqco
瞻,hqd
睎,hqdh
瞻,hqdy
眺,hqiy
眵,hqq
眵,hqqy
?,hqu
歺,hqu
盷,hqug
睁,hqv
睁,hqvh
睥,hr
盺,hrh
睥,hrt
睥,hrtf
盯,hs
瞟,hsf
瞟,hsfi
盯,hsh
瞫,hsjh
睡,ht
睡,htfg
眊,htfn
睡,htg
睡,htgf
瞅,hto
瞅,htoy
眨,htp
眨,htpy
瞳,hu
瞳,huj
瞳,hujf
睇,huxt
眼,hv
眼,hve
眼,hvey
瞍,hvh
瞍,hvhc
睨,hvq
睨,hvqn
具,hw
齿,hwb
龄,hwbc
龈,hwbe
龌,hwbf
龃,hwbg
龊,hwbh
,hwbh
齿,hwbj
,hwbj
龉,hwbk
龆,hwbk
,hwbk
龅,hwbn
龁,hwbn
??,hwbq
龂,hwbr
龇,hwbx
龀,hwbx
龋,hwby
瞪,hwg
睽,hwgd
睑,hwgi
瞪,hwgu
具,hwu
仧,hwu
盼,hwv
盼,hwvn
盼,hwvt
瞧,hwy
睢,hwyg
瞧,hwyo
此,hx
砦,hxdf
些,hxf
些,hxff
赀,hxm
赀,hxmu
此,hxn
觜,hxq
觜,hxqe
??,hxqg
柴,hxs
柴,hxsu
雌,hxw
雌,hxwy
紫,hxx
紫,hxxi
訾,hxy
訾,hxyf
眩,hy
眆,hyt
眩,hyx
眩,hyxy
盿,hyy
不,i
江,ia
湛,iad
漭,iada
湛,iadn
澌,iadr
淇,iadw
潵,iaet
泔,iaf
泔,iafg
江,iag
洭,iagg
懑,iagn
满,iagw
漠,iaj
漠,iajd
灌,iak
灌,iaky
潢,iam
潢,iamw
汇,ian
?,ian
泄,iann
渠,ians
渫,ians
涝,iap
潆,iapi
涝,iapl
溁,iaps
滢,iapy
沤,iaq
鸿,iaqg
沤,iaqy
柒,ias
柒,iasu
浇,iat
浇,iatq
沏,iav
潇,iavj
沏,iavn
沏,iavt
洪,iaw
濩,iawc
溚,iawk
港,iawn
洪,iawy
?,iay
池,ib
滠,ibc
滠,ibcc
洱,ibg
汓,ibg
滍,ibhj
涵,ibi
涵,ibib
凼,ibk
泐,ibl
泐,ibln
泐,iblt
池,ibn
氾,ibn
漋,ibtg
滁,ibw
滁,ibwt
汉,ic
泾,ica
泾,icag
潏,icbk
滪,icbm
渗,icd
渗,icde
涌,ice
涌,iceh
泽,icf
泽,icfh
治,ick
治,ickg
沇,icqn
涘,ictd
滩,icw
浚,icwt
滩,icwy
汉,icy
溤,icy
溞,icyj
汊,icyy
尖,id
湖,ide
湖,ideg
洧,ideg
涯,idf
沯,idf
涯,idff
溽,idff
洿,idfn
沽,idg
沰,idg
沣,idh
滟,idhc
沣,idhh
尜,idi
尜,idiu
淹,idj
淹,idjn
沥,idl
沥,idln
沥,idlt
湎,idm
湎,idmd
,idnn
源,idr
源,idri
涛,idt
涛,idtf
尖,idu
潦,idui
?,iduw
溱,idw
溱,idwt
泷,idx
泷,idxn
泷,idxt
汰,idy
汏,idy
汱,idy
?,idyt
汰,idyy
肖,ie
浮,ieb
浮,iebg
淝,iec
淝,iecn
淜,ieeg
肖,ief
湲,iefc
沮,ieg
?,ieg
沮,iegg
削,iej
削,iejh
逍,iep
逍,iepd
淫,iet
淫,ietf
滔,iev
滔,ievg
溪,iex
溪,iexd
汲,iey
汲,ieyy
涿,ieyy
法,if
灞,ifa
灞,ifae
??,ifam
法,ifc
溘,ifcl
法,ifcy
沄,ifcy
濡,ifd
濡,ifdj
尘,iff
坔,iff
洼,iffg
汢,ifg
汗,ifh
汁,ifh
滇,ifhw
潮,ifj
潮,ifje
汫,ifjh
瀚,ifjn
洁,ifk
澎,ifke
澍,ifkf
洁,ifkg
污,ifn
渎,ifnd
??,ifnh
污,ifnn
渤,ifp
浡,ifpb
瀔,ifpc
溹,ifpi
渤,ifpl
沅,ifq
沅,ifqn
??,ifqn
渚,ift
涍,iftb
渚,iftj
洘,iftn
漖,iftt
潜,ifw
澪,ifwc
潜,ifwj
汪,ig
汧,igah
沌,igb
沌,igbn
添,igd
添,igdn
清,ige
溥,igef
清,igeg
浦,igey
汪,igg
潖,iggc
沔,igh
沔,ighn
漹,igho
洹,igj
洹,igjg
浭,igjq
滞,igk
浯,igkg
滞,igkh
滆,igkh
涑,igki
濑,igkm
漱,igkw
渍,igm
沛,igmh
洓,igmi
漕,igmj
渍,igmy
涞,igo
溍,igoj
涞,igoy
洌,igq
洌,igqj
沫,igs
沫,igsy
浅,igt
浃,igu
泙,iguh
浃,iguw
浅,igy
小,ih
滤,iha
澽,ihae
滹,ihah
滤,ihan
波,ihc
婆,ihcv
波,ihcy
泪,ihg
沚,ihg
灈,ihhy
涉,ihi
淑,ihic
濒,ihim
涉,ihit
渺,ihit
淖,ihj
淖,ihjh
沾,ihk
沾,ihkg
浈,ihm
浈,ihmy
泸,ihn
泸,ihnt
瀣,ihq
瀣,ihqg
小,iht
小,ihty
濉,ihw
濉,ihwy
泚,ihxn
水,ii
消,iie
消,iieg
水,iii
水,iiii
淼,iiiu
淌,iim
淌,iimk
洮,iiq
洮,iiqn
洸,iiqn
沙,iit
裟,iite
鲨,iitg
挲,iitr
沙,iitt
娑,iitv
沝,iiy
浊,ij
瀑,ija
瀑,ijai
沓,ijf
涅,ijfg
浬,ijfg
汩,ijg
汨,ijg
淏,ijgd
湜,ijgh
浉,ijgh
滉,ijiq
温,ijl
漫,ijlc
温,ijlg
溻,ijn
溻,ijng
湿,ijo
湿,ijog
渴,ijq
渴,ijqn
滥,ijt
滥,ijtl
混,ijx
混,ijxx
浊,ijy
灏,ijym
澡,ik
浥,ikcn
涓,ike
涓,ikeg
呇,ikf
溃,ikh
汌,ikh
潞,ikhk
溃,ikhm
浞,ikhy
渑,ikj
渑,ikjn
澡,ikk
漶,ikkn
澡,ikks
涡,ikm
涡,ikmw
涢,ikmy
渐,il
潩,ilaw
涸,ild
涸,ildg
瀱,ildj
洇,ildy
渭,ile
渭,ileg
溷,iley
涠,ilf
畄,ilf
畓,ilf
泴,ilf
涠,ilfh
泗,ilg
沺,ilg
?,ilg
澴,ilge
淠,ilgj
,ilgy
?,ilh
洄,ilk
洄,ilkg
泇,ilkg
涟,ilp
涟,ilpy
渐,ilr
渐,ilrh
氻,ilt
泅,ilw
泅,ilwy
漯,ilx
漯,ilxi
没,im
澧,ima
澧,imau
淟,imaw
没,imc
没,imcy
湍,imd
湍,imdj
泱,imdy
滑,ime
滑,imeg
油,img
洞,imgk
涄,imgn
溅,imgt
澂,imgt
溦,imgt
溅,imgy
汕,imh
测,imj
测,imjh
沿,imk
尚,imkf
沿,imkg
泂,imkg
氅,imkn
敞,imkt
?,imn
漴,impi
沨,imqy
涔,imw
涔,imwn
漼,imwy
汭,imwy
浿,imy
沁,in
泯,ina
湣,inaj
泯,inan
澉,inb
潺,inbb
澉,inbt
汛,inf
汛,infh
漏,infy
渥,ing
渥,ingf
汈,ingg
湄,inh
湑,inhe
湄,inhg
澼,inku
涮,inm
涮,inmj
汜,inn
?,inn
汤,inr
烫,inro
汤,inrt
,inry
泌,int
湉,intd
泌,intt
泼,inty
濯,inw
漻,inwe
濯,inwy
泥,inx
泥,inxn
沁,iny
浕,inyu
淡,io
瀵,iol
瀵,iolw
淡,ioo
淡,iooy
潾,ioqh
溇,iovg
洣,ioy
学,ip
黉,ipa
黉,ipaw
学,ipb
学,ipbf
敩,ipbt
,ipdf
浓,ipe
浓,ipey
尝,ipf
尝,ipfc
淙,ipfi
浣,ipfq
演,ipg
泻,ipgg
渲,ipgg
淀,ipgh
演,ipgw
涫,iphn
泶,ipiu
渖,ipjh
溟,ipju
党,ipk
?,ipkb
裳,ipke
堂,ipkf
常,ipkh
赏,ipkm
党,ipkq
掌,ipkr
棠,ipks
牚,ipkt
浑,ipl
浑,iplh
沉,ipm
峃,ipmj
沉,ipmn
觉,ipmq
涫,ipn
涫,ipnn
沈,ipq
涴,ipqb
鲎,ipqg
沈,ipqn
滨,ipr
滨,iprw
泞,ips
泞,ipsh
喾,ipt
喾,iptk
滓,ipu
滓,ipuh
深,ipw
溶,ipwk
滘,ipwk
深,ipws
沱,ipx
沱,ipxn
光,iq
泜,iqay
光,iqb
汹,iqbh
沟,iqc
沟,iqcy
淆,iqd
洈,iqdb
淆,iqde
浠,iqdh
??,iqdm
澹,iqdy
澥,iqeh
鼗,iqf
鼗,iqfc
淦,iqg
渔,iqgg
澛,iqgj
泺,iqi
洮,iqiy
泺,iqiy
洵,iqj
洵,iqjg
浼,iqk
洺,iqkg
泃,iqkg
浼,iqkq
涣,iqm
涣,iqmd
泡,iqn
泡,iqnn
耀,iqny
逃,iqp
辉,iqpl
逃,iqpv
淘,iqr
淘,iqrm
淴,iqrn
泖,iqt
泖,iqtb
潴,iqtj
漪,iqtk
兆,iqv
?,iqvn
汐,iqy
?,iqy
溜,iqyl
汋,iqyy
泊,ir
湃,ird
湃,irdf
派,ire
派,irey
泊,irg
湟,irgg
浜,irgw
沂,irh
洙,iri
洙,iriy
汽,irn
汽,irnn
浙,irr
浙,irrh
溵,irvc
激,iry
激,iryt
洒,is
漂,isf
湮,isfg
漂,isfi
洒,isg
酒,isgg
汀,ish
湘,ishg
潭,isj
渣,isjg
潭,isjh
河,isk
河,iskg
淅,isr
淅,isrh
淋,iss
潸,isse
濋,issh
漤,issv
淋,issy
溧,issy
漆,isw
淞,iswc
漆,iswi
沐,isy
沭,isyy
少,it
洚,ita
洚,itah
沲,itbn
活,itd
活,itdg
浲,itdh
鋈,itdq
沃,itdy
洗,itf
浩,itfk
洗,itfq
省,ith
溴,ithd
省,ithf
洎,ithg
濞,ithj
涎,ithp
潲,iti
潲,itie
浰,itjh
洛,itk
洛,itkg
劣,itl
劣,itlb
洫,itlg
劣,itlr
澳,itm
澳,itmd
汔,itn
汔,itnn
渊,ito
渊,itoh
潘,itol
湫,itoy
泛,itp
泛,itpy
少,itr
涐,itrt
涤,its
涤,itsy
滗,itt
滗,ittn
海,itx
海,itxu
海,itxy
汷,ity
?,ity
洋,iu
洴,iuah
溯,iub
溯,iube
滚,iuc
滚,iuce
洋,iud
溠,iuda
洋,iudh
湔,iue
湔,iuej
泮,iuf
泮,iufh
泣,iug
渼,iugd
润,iugg
澜,iugi
漾,iugi
?,iuh
漳,iuj
潼,iujf
涧,iujg
漳,iujh
涪,iuk
涪,iukg
滴,ium
滴,iumd
湴,iuog
潽,iuoj
滂,iup
滂,iupy
滧,iuqt
洨,iuqy
浐,iutt
溢,iuw
溢,iuwl
滋,iux
涕,iuxt
滋,iuxx
当,iv
溉,ivc
溉,ivcq
当,ivf
?,ivf
津,ivfh
浔,ivfy
汝,ivg
溲,ivh
溲,ivhc
渌,ivi
渌,iviy
沼,ivk
沼,ivkg
洳,ivkg
淄,ivl
淄,ivlg
氿,ivn
浸,ivp
浸,ivpc
潟,ivqo
染,ivs
染,ivsu
梁,ivw
粱,ivwo
梁,ivws
涩,ivy
涩,ivyh
兴,iw
沧,iwb
沧,iwbn
滃,iwcn
洑,iwdy
脊,iwe
脊,iwef
鹡,iweg
举,iwf
浍,iwfc
举,iwfh
漈,iwfi
洽,iwg
瀹,iwga
渰,iwga
?,iwgf
渝,iwgj
洽,iwgk
潋,iwgt
澄,iwgu
滫,iwhe
浟,iwht
濮,iwo
濮,iwoy
滏,iwq
滏,iwqu
?,iwqy
涂,iwt
溆,iwtc
涂,iwty
兴,iwu
氼,iwu
汾,iwv
湓,iwvl
汾,iwvn
汾,iwvt
洢,iwvt
浴,iww
浴,iwwk
沦,iwx
沦,iwxn
淮,iwy
汃,iwy
汄,iwy
泠,iwyc
誉,iwyf
雀,iwyf
淮,iwyg
浛,iwyk
涨,ix
泓,ixc
泓,ixcy
澠,ixg
沸,ixj
沸,ixjh
涨,ixt
涨,ixty
溺,ixu
溺,ixuu
潍,ixw
潍,ixwy
沘,ixxn
湝,ixxr
注,iy
渡,iya
渡,iyac
淳,iyb
漷,iybb
漓,iybc
淳,iybg
流,iyc
淯,iyce
流,iycq
鎏,iycq
?,iycq
澈,iyct
瑬,iycy
注,iyg
注,iygg
汴,iyh
汴,iyhy
济,iyj
瀍,iyjf
济,iyjh
浏,iyjh
瀼,iyke
沩,iyl
澶,iylg
沩,iyly
沆,iym
沆,iymn
沪,iyn
泳,iyni
瀌,iyno
沪,iynt
漉,iynx
瀛,iyny
湾,iyo
滦,iyos
湾,iyox
濠,iyp
濠,iype
渟,iyps
洲,iyt
汸,iyt
?,iyt
游,iytb
浒,iytf
洲,iyth
漩,iyth
濂,iyu
尐,iyu
濂,iyuo
浪,iyv
浪,iyve
溏,iyvk
液,iyw
淬,iywf
淤,iywu
液,iywy
泫,iyx
泫,iyxy
澭,iyxy
汶,iyy
氵,iyyg
是,j
虹,ja
蜞,jad
蟒,jada
蜞,jadw
蚶,jaf
蚶,jafg
虹,jag
螨,jagw
蚜,jah
蚜,jaht
,jaiy
蜡,jaj
?,jaj
蟆,jajd
蜡,jajg
蝘,jajv
蜮,jak
蜮,jakg
暵,jakw
蠛,jaly
蟥,jam
蟥,jamw
蝶,jan
蝶,jans
蠓,jap
蠓,jape
蝾,japs
晓,jat
晓,jatq
蛲,jatq
蟏,javj
暴,jaw
蠖,jawc
暴,jawi
最,jb
最,jbc
最,jbcu
?,jbf
虸,jbg
蜢,jbl
蜢,jblg
虵,jbn
紧,jc
昪,jcaj
肾,jce
肾,jcef
蛹,jceh
坚,jcf
坚,jcff
蛏,jcfg
蚂,jcg
贤,jcm
贤,jcmu
蚆,jcn
蛑,jcr
蛑,jcrh
竖,jcu
竖,jcuf
晙,jcwt
紧,jcx
紧,jcxi
螞,jcy
晨,jd
蛎,jdd
蛎,jddn
蝴,jde
蝴,jdeg
晨,jdf
晨,jdfe
蝰,jdff
蛄,jdg
?,jdg
蚌,jdh
蚌,jdhh
晟,jdn
晟,jdnt
晟,jdny
螈,jdr
螈,jdri
旲,jdu
昃,jdw
蝽,jdwj
螓,jdwt
昃,jdwu
昽,jdxn
明,je
蜉,jeb
蜉,jebg
暖,jef
冐,jef
暖,jefc
?,jefc
明,jeg
蚏,jeg
蛆,jegg
盟,jel
盟,jelf
暧,jep
曌,jepa
暧,jepc
?,jey
时,jf
野,jfc
野,jfcb
墅,jfcf
蜐,jfcl
昙,jfcu
里,jfd
蠕,jfdj
蛙,jff
圼,jff
蛙,jffg
旰,jfh
虷,jfh
旪,jfh
昧,jfi
昧,jfiy
旱,jfj
蟛,jfke
暿,jfkk
蝻,jfm
蝻,jfmf
,jfnh
暑,jft
暑,jftj
蚨,jfw
蚨,jfwy
时,jfy
?,jfy
量,jg
蛭,jgc
蛭,jgcf
晊,jgcf
昊,jgd
昊,jgdu
晴,jge
晴,jgeg
蜻,jgeg
晡,jgey
旦,jgf
旴,jgfh
旺,jgg
蚟,jgg
是,jgh
韪,jghh
题,jghm
是,jghu
匙,jghx
虾,jghy
量,jgj
量,jgjf
晅,jgjg
蟪,jgjn
晤,jgk
晤,jgkg
?,jgkh
蝲,jgkj
蝠,jgkl
暕,jgli
师,jgm
师,jgmh
螬,jgmj
昺,jgmw
蛃,jgmw
蛱,jgu
蚲,jguh
蛱,jguw
早,jh
冒,jhf
?,jhf
刂,jhh
蠼,jhhc
晫,jhjh
申,jhk
甴,jhk
曱,jhk
勖,jhl
勖,jhln
勖,jhlt
早,jhn
曰,jhng
早,jhnh
畅,jhnr
虫,jhny
虲,jhy
晃,ji
蛸,jie
蛸,jieg
螳,jip
螳,jipf
晃,jiq
晃,jiqb
晁,jiqb
昌,jj
曝,jja
曝,jjai
昌,jjf
蛳,jjg
昍,jjg
蚎,jjg
蛳,jjgh
晶,jjj
晶,jjjf
日,jjjj
蝎,jjq
蝎,jjqn
蜴,jjqr
蜾,jjs
蜾,jjsy
?,jjy
蝇,jk
蜎,jkeg
蜈,jkg
蜈,jkgd
冔,jkgf
蝇,jkj
蝇,jkjn
蜗,jkm
蜗,jkmw
曙,jl
曼,jlc
曼,jlcu
蛊,jlf
昷,jlf
曙,jlfj
蝈,jlg
蝈,jlgy
?,jlh
蛼,jlh
蛔,jlk
蛔,jlkg
蠋,jlqj
?,jlt
螺,jlx
螺,jlxi
遇,jm
蛐,jma
蛐,jmag
晪,jmaw
映,jmd
映,jmdy
蚺,jmf
蚺,jmfg
蜩,jmfk
蚰,jmg
帅,jmh
帅,jmhh
颙,jmhm
愚,jmhn
遇,jmhp
禺,jmhy
旵,jmj
虮,jmn
蚬,jmq
蚬,jmqn
,jmqn
蚋,jmw
蚋,jmwy
蛽,jmy
电,jn
蛡,jng
暅,jngg
暇,jnh
暇,jnhc
虬,jnn
遢,jnp
遢,jnpd
旸,jnrt
曳,jnte
电,jnv
曜,jnw
曜,jnwy
昵,jnx
昵,jnxn
显,jo
显,jog
显,jogf
晱,jooy
炅,jou
?,jou
蝼,jov
蝼,jovg
炚,joy
晕,jp
暄,jpg
暄,jpgg
螟,jpj
暝,jpju
螟,jpju
晕,jpl
晖,jplh
晕,jplj
蜿,jpq
蜿,jpqb
晏,jpv
晏,jpvf
蛇,jpx
蛇,jpxn
晚,jq
昂,jqb
昂,jqbj
蟾,jqd
晞,jqdh
蟾,jqdy
晁,jqiu
晚,jqk
蟓,jqke
昫,jqkg
煦,jqko
晚,jqkq
冕,jqkq
易,jqr
剔,jqrj
易,jqrr
昒,jqrt
昴,jqt
昴,jqtb
昀,jqu
昀,jqug
歇,jqw
鹖,jqwg
曷,jqwn
遏,jqwp
歇,jqww
蝗,jr
昄,jrcy
蝗,jrg
蝗,jrgg
蚯,jrgg
昕,jrh
蚚,jrh
蛛,jri
蛛,jriy
蜱,jrt
蜱,jrtf
昳,jrwy
果,js
颗,jsd
颗,jsdm
螵,jsf
螵,jsfi
晒,jsg
虰,jsh
果,jsi
蟫,jsjh
蚵,jskg
夥,jsq
夥,jsqq
晰,jsr
晰,jsrh
蜥,jsrh
杲,jsu
蚞,jsy
昨,jt
昇,jtaj
蜂,jtd
蛞,jtdg
蜂,jtdh
蜘,jtdk
蚝,jtf
旿,jtfh
蚝,jtfn
蜓,jtfp
星,jtg
戥,jtga
星,jtgf
曛,jtgo
昨,jth
昨,jthf
蚱,jthf
晷,jthk
螅,jthn
蜒,jthp
蜊,jtj
蜊,jtjh
蝮,jtjt
晌,jtm
晌,jtmk
虼,jtn
虼,jtnn
蟋,jto
蟠,jtol
蟋,jton
蛾,jtr
蛾,jtrt
蛾,jtry
?,jttp
蝌,jtu
蝌,jtuf
晦,jtx
晦,jtxu
晦,jtxy
临,jty
临,jtyj
监,jtyl
览,jtyq
鉴,jtyq
暗,ju
蛘,jud
蜷,judb
蛘,judh
蟮,judk
蜣,judn
昱,juf
蚪,jufh
曦,jug
曦,jugt
曦,jugy
暗,juj
蝉,jujf
曈,jujf
暗,jujg
蟑,jujh
暲,jujh
蜕,juk
蜕,jukq
螃,jup
螃,jupy
蛟,juq
蛟,juqy
蝤,jus
蝤,jusg
昗,juu
螠,juwl
归,jv
旯,jvb
妟,jvf
归,jvg
螋,jvh
螋,jvhc
昭,jvk
昭,jvkg
照,jvko
虭,jvt
旫,jvt
蛤,jw
蚣,jwc
蚣,jwcy
昣,jwet
蛤,jwg
暌,jwgd
蝓,jwgj
蛤,jwgk
?,jwhe
?,jwi
蚧,jwj
蚧,jwjh
蜍,jwt
蜍,jwty
晔,jwx
晔,jwxf
暹,jwy
蛉,jwyc
昤,jwyc
晗,jwyk
暹,jwyp
昆,jx
?,jxb
曳,jxe
蠅,jxg
蚓,jxh
蚓,jxhh
蚴,jxl
蚴,jxln
蚴,jxlt
昆,jxx
昆,jxxb
鹍,jxxg
蚍,jxxn
?,jxxo
景,jy
暾,jyb
螭,jybc
暾,jybt
?,jyct
蛀,jyg
蛀,jygg
景,jyi
影,jyie
颢,jyim
景,jyiu
晾,jyiy
蛴,jyj
蛴,jyjh
曩,jyk
曩,jyke
虻,jyn
昉,jyn
蚄,jyn
蝙,jyna
虻,jynn
昈,jynt
晐,jynw
蚁,jyq
蚁,jyqy
昘,jyr
旷,jyt
蝣,jytb
暶,jyth
蠊,jyu
旻,jyu
蠊,jyuo
螂,jyv
螂,jyvb
?,jyve
螗,jyvk
蟀,jyx
蟀,jyxf
昡,jyxy
蚊,jyy
旼,jyy
中,k
呀,ka
嘶,kad
喏,kadk
嘶,kadr
嘞,kaf
嘞,kafl
哐,kag
叿,kag
哐,kagg
呀,kah
呀,kaht
噶,kaj
噶,kajn
喵,kal
喵,kalg
咂,kam
咂,kamh
唝,kamy
呓,kan
呓,kann
喋,kans
唠,kap
唠,kapl
哎,kaq
哎,kaqy
呕,kaqy
哓,kat
哓,katq
哄,kaw
嚄,kawc
嗒,kawk
嗬,kawk
哄,kawy
嚆,kay
嚆,kayk
啊,kb
嗫,kbc
嗫,kbcc
咠,kbf
咡,kbg
吇,kbg
叩,kbh
嗤,kbhj
咄,kbm
咄,kbmh
吼,kbn
吔,kbn
吼,kbnn
戢,kbnt
戢,kbny
啊,kbs
啊,kbsk
吧,kc
邑,kcb
嗓,kcc
啜,kccc
嗓,kccs
嗵,kce
嗵,kcep
吗,kcg
咍,kckg
吧,kcn
吮,kcq
吮,kcqn
哞,kcr
哞,kcrh
唉,kct
唉,kctd
唆,kcw
唆,kcwt
叹,kcy
嗎,kcy
顺,kd
呃,kdb
呃,kdbn
喹,kdf
喹,kdff
咕,kdg
喊,kdgt
喊,kdgy
嘎,kdh
嘎,kdha
嘁,kdht
嗄,kdht
嘁,kdhy
啡,kdj
啡,kdjd
喱,kdjf
唵,kdjn
呖,kdl
呖,kdln
呖,kdlt
顺,kdm
顺,kdmy
咴,kdo
咴,kdoy
哒,kdp
哒,kdpy
??,kdtb
噘,kdu
?,kdu
嘹,kdui
噘,kduw
唪,kdw
唪,kdwh
嗪,kdwt
咙,kdx
咙,kdxn
咙,kdxt
吠,kdy
呔,kdyy
吸,ke
肙,kef
咀,keg
咀,kegg
嚼,kel
嚼,kelf
嗳,kep
嗳,kepc
鹃,keq
鹃,keqg
吸,key
吸,keyy
啄,keyy
叶,kf
喷,kfa
喷,kfam
吱,kfc
嗑,kfcl
吱,kfcy
嚅,kfd
嚅,kfdj
哇,kff
哇,kffg
吐,kfg
叶,kfh
嗔,kfhw
味,kfi
味,kfiy
嘲,kfj
嘲,kfje
嘻,kfk
嘭,kfke
咭,kfkg
嘻,kfkk
鄙,kfl
鄙,kflb
喃,kfm
喃,kfmf
哧,kfo
哧,kfoy
噎,kfp
哱,kfpb
嚏,kfph
嗦,kfpi
噎,kfpu
呒,kfq
呒,kfqn
哮,kft
嘟,kftb
哮,kftb
嗜,kftj
啫,kftj
呋,kfw
嚯,kfwy
呋,kfwy
吋,kfy
呈,kg
哢,kgah
吨,kgb
郢,kgbh
吨,kgbn
咥,kgcf
吴,kgd
吴,kgdu
哺,kge
哺,kgey
呈,kgf
吁,kgfh
?,kgg
?,kgg
吓,kgh
吓,kghy
呸,kgi
呸,kgig
哽,kgj
咺,kgjg
哽,kgjq
喇,kgk
囔,kgke
唔,kgkg
嗝,kgkh
喇,kgkj
嗽,kgkw
啧,kgm
嘈,kgmj
啧,kgmy
号,kgn
号,kgnb
饕,kgne
鸮,kgng
哑,kgo
哑,kgog
,kgon
逞,kgp
逞,kgpd
咧,kgq
咧,kgqj
嗷,kgqt
唛,kgt
唛,kgty
咦,kgx
嗉,kgxi
咦,kgxw
中,kh
距,kha
噱,khae
嘘,khag
躇,khaj
唬,kham
距,khan
跷,khaq
蹀,khas
蹒,khaw
躏,khay
蹑,khb
蹑,khbc
踊,khc
踊,khce
跆,khck
蹂,khcs
跨,khd
跋,khdc
啡,khdd
踌,khdf
蹰,khdf
跖,khdg
蹽,khdi
踦,khdk
跨,khdn
跶,khdp
蹶,khdw
啃,khe
蹊,khed
啃,kheg
踩,khes
蹈,khev
趿,khey
趺,khf
跂,khfc
跬,khff
跱,khff
趺,khfw
践,khg
趼,khga
贵,khgm
遗,khgp
遣,khgp
践,khgt
践,khgy
趾,khh
跛,khhc
趾,khhg
踔,khhj
跐,khhx
咔,khhy
跳,khi
蹐,khie
蹚,khif
踏,khij
跳,khiq
踢,khj
踶,khjh
蹋,khjn
踢,khjr
踝,khjs
中,khk
躁,khks
盅,khl
盅,khlf
躅,khlj
跏,khlk
跺,khm
蹦,khme
跚,khmg
踹,khmj
跺,khms
忠,khn
踞,khnd
跽,khnn
忠,khnu
蹼,kho
躞,khoc
蹼,khoy
踪,khp
蹿,khph
踪,khpi
蹜,khpj
跎,khpx
跑,khq
跪,khqb
跳,khqi
跞,khqi
跑,khqn
趵,khqy
跌,khr
踬,khrm
跌,khrw
蹅,khsg
路,kht
跃,khtd
踵,khtf
鹭,khtg
路,khtk
踟,khtk
蹯,khtl
躜,khtm
跹,khtp
跣,khtq
踒,khtv
踽,khty
足,khu
蹉,khua
踯,khub
蹢,khud
蹲,khuf
蹄,khuh
蹭,khuj
踣,khuk
跤,khuq
跟,khv
跟,khve
躐,khvn
踺,khvp
趴,khw
跄,khwb
啮,khwb
跗,khwf
蹬,khwu
趴,khwy
嘴,khx
嘴,khxe
跸,khxf
呲,khxn
??,khxu
卟,khy
蹁,khya
踱,khyc
躞,khyc
踉,khye
躔,khyf
跻,khyj
踮,khyk
蹴,khyn
蹾,khyt
吵,ki
哨,kie
哨,kieg
啵,kih
啵,kihc
唢,kim
唢,kimy
嘡,kipf
咣,kiq
咣,kiqn
吵,kit
吵,kitt
嗨,kitu
嗨,kity
虽,kj
嘬,kjb
嘬,kjbc
哩,kjf
哩,kjfg
呻,kjh
呻,kjhh
唱,kjj
唱,kjjg
喁,kjm
喁,kjmy
黾,kjn
黾,kjnb
??,kjnb
喝,kjq
喝,kjqn
虽,kju
吕,kk
嚚,kkak
骂,kkc
骂,kkcf
器,kkd
器,kkdk
嚣,kkdk
哭,kkdu
吕,kkf
鄂,kkfb
鹗,kkfg
颚,kkfm
吅,kkg
串,kkh
串,kkhk
患,kkhn
品,kkk
品,kkkf
口,kkkk
噪,kkks
鼍,kkl
鼍,kkln
咒,kkm
咒,kkmb
斝,kkpf
另,kl
另,klb
咽,kld
嗯,kldn
咽,kldy
喟,kle
喟,kleg
嘿,klf
嘿,klfo
啭,klfy
呬,klg
喂,klge
呷,klh
唓,klh
别,klj
别,kljh
咖,klk
咖,klkg
叻,kln
啰,klqy
另,klr
叻,klt
员,km
嗣,kma
嗣,kmak
郧,kmb
郧,kmbh
喘,kmd
喘,kmdj
咉,kmdy
嘣,kme
嘣,kmee
啁,kmf
啁,kmfk
哃,kmgk
吊,kmh
吊,kmhj
勋,kml
勋,kmln
勋,kmlt
嘤,kmm
嘤,kmmv
叽,kmn
哕,kmq
哕,kmqy
哚,kms
哚,kmsy
员,kmu
員,kmu
呐,kmw
剐,kmwj
呙,kmwu
呐,kmwy
呗,kmy
唄,kmy
叫,kn
叼,kng
喔,kngf
叼,kngg
叫,knh
叫,knhh
噼,knk
噼,knku
唰,knm
唰,knmj
噀,knnw
嘱,knt
?,knt
咇,kntt
嘱,knty
呢,knx
呢,knxn
吣,kny
噗,ko
噗,kog
噗,kogy
啖,koo
啖,kooy
喽,kov
喽,kovg
咪,koy
吙,koy
喧,kp
嗐,kpdk
哝,kpe
哝,kpey
噻,kpf
噻,kpff
喧,kpg
喧,kpgg
啶,kpgh
嘧,kpn
嘧,kpnm
咛,kps
咛,kpsh
喀,kpt
咤,kpta
喀,kptk
嚓,kpw
嚓,kpwi
史,kq
兄,kqb
唏,kqd
唏,kqdh
噜,kqg
唫,kqg
噜,kqgj
史,kqi
唤,kqm
唤,kqmd
咆,kqn
呜,kqng
咆,kqnn
哆,kqq
哆,kqqy
吻,kqr
啕,kqrm
唿,kqrn
吻,kqrt
吹,kqw
吹,kqwy
鸣,kqy
鸣,kqyg
听,kr
唣,kra
唣,kran
呱,krc
呱,krcy
嗥,krd
嗥,krdf
哌,kre
哌,krey
?,krg
喤,krgg
听,krh
吽,krhh
啪,krr
啪,krrg
哳,krrh
啤,krt
啤,krtf
啦,kru
啦,krug
呆,ks
嘌,ksf
嘌,ksfi
哂,ksg
叮,ksh
喳,ksj
喳,ksjg
呵,ksk
呵,kskg
啉,kss
噤,kssi
啉,kssy
呆,ksu
?,ksy
呼,kt
噬,kta
吒,ktan
噬,ktaw
唾,ktfg
唾,ktg
唾,ktgf
咱,kth
嗅,kthd
咋,kthf
咱,kthg
川,kthh
嘚,ktjf
咯,ktk
咯,ktkg
响,ktm
噢,ktmd
响,ktmk
吃,ktn
吃,ktnn
啾,kto
啾,ktoy
哦,ktr
哦,ktrt
哦,ktry
呼,ktu
呼,ktuh
咚,ktuy
呚,kty
咊,kty
啼,ku
嗍,kub
嗍,kube
咩,kud
嗟,kuda
咩,kudh
?,kug
吖,kuh
?,kuh
吖,kuhh
喑,kuj
啴,kujf
噇,kujf
喑,kujg
噫,kujn
噌,kul
噌,kulj
嘀,kum
嘀,kumd
?,kunt
啼,kup
啼,kuph
咬,kuq
咬,kuqy
噂,kusf
唼,kuv
唼,kuvg
嗌,kuw
嗌,kuwl
嗞,kuxx
哪,kv
呶,kvc
唧,kvcb
呶,kvcy
哏,kve
哏,kvey
哪,kvf
哪,kvfb
嗖,kvh
嗖,kvhc
啸,kvi
啸,kvij
叨,kvn
?,kvn
叧,kvr
叨,kvt
只,kw
呛,kwb
呛,kwbn
嗡,kwc
嗡,kwcn
咐,kwf
哙,kwfc
啥,kwfk
咐,kwfy
哈,kwg
喻,kwgj
哈,kwgk
噔,kwgu
喉,kwn
喉,kwnd
嗲,kwq
嗲,kwqq
?,kwqy
咻,kws
咻,kwsy
只,kwu
吩,kwv
吩,kwvn
吩,kwvt
咿,kwvt
唑,kww
唑,kwwf
哗,kwx
哗,kwxf
叭,kwy
?,kwy
噙,kwyc
呤,kwyc
唯,kwyg
吟,kwyn
噍,kwyo
哟,kx
喙,kxe
喙,kxey
呣,kxgu
吲,kxh
吲,kxhh
呦,kxl
呦,kxln
呦,kxlt
叱,kxn
哟,kxq
哟,kxqy
吡,kxx
哔,kxxf
咝,kxxg
吡,kxxn
喈,kxxr
吆,kxy
嘛,ky
哼,kyb
哼,kybh
唷,kyc
唷,kyce
唁,kyg
哜,kyjh
嚷,kyk
嚷,kyke
吭,kym
吭,kymn
咏,kyn
唳,kynd
咏,kyni
咳,kynw
嚎,kyp
嚎,kype
嘛,kys
嘛,kyss
嗾,kyt
?,kyt
嗾,kytd
啷,kyv
啷,kyvb
啐,kyw
啐,kywf
呅,kyy
国,l
轼,la
轼,laa
轼,laag
羁,laf
羁,lafc
?,lak
囝,lb
囝,lbd
墼,lbmf
辄,lbn
辄,lbnn
轻,lc
轻,lca
轻,lcag
??,lcbs
轰,lcc
辍,lccc
轰,lccu
?,lci
囜,lci
罵,lcu
畯,lcwt
因,ld
轭,ldb
轭,ldbn
固,ldd
囿,lde
囿,lded
罟,ldf
轱,ldg
軲,ldg
因,ldi
罪,ldj
罪,ldjd
罨,ldjn
恩,ldn
恩,ldnu
罽,ldoj
畸,lds
畸,ldsk
畴,ldt
畴,ldtf
辏,ldw
辏,ldwd
畎,ldy
轪,ldy
軑,ldy
胃,le
胃,lef
?,leg
圂,lei
轩,lf
罢,lfc
罴,lfco
罢,lfcu
畦,lff
畦,lffg
畤,lffy
轩,lfh
軒,lfh
置,lfhf
団,lfi
?,lfj
辕,lfk
辕,lfke
罱,lfm
罱,lfmf
转,lfn
围,lfnh
转,lfny
黑,lfo
默,lfod
黩,lfod
黪,lfoe
墨,lfof
黥,lfoi
黯,lfoj
黠,lfok
黝,lfol
黜,lfom
黔,lfon
黟,lfoq
黢,lfot
黑,lfou
园,lfq
园,lfqv
团,lft
团,lfte
署,lftj
圉,lfu
圉,lfuf
车,lg
囤,lgb
囤,lgbn
轾,lgc
轾,lgcf
囯,lgd
畏,lge
圊,lged
畏,lgeu
辅,lgey
圃,lgey
軖,lgg
罡,lgh
罡,lghf
罘,lgi
罘,lgiu
畀,lgj
畀,lgjj
辐,lgk
圄,lgkd
鹮,lgkg
辐,lgkl
翾,lgkn
辆,lgm
辆,lgmw
车,lgn
车,lgnh
??,lgqn
国,lgy
国,lgyi
四,lh
罪,lhdd
罩,lhj
罩,lhjj
?,lhk
皿,lhn
四,lhng
皿,lhng
囗,lhng
甲,lhnh
轳,lhnt
??,ligq
囦,lii
眔,liu
軣,liu
辊,lj
辒,ljlg
辊,ljx
辊,ljxx
加,lk
辑,lkb
辑,lkbg
驾,lkc
驾,lkcf
回,lkd
軎,lkf
加,lkg
甽,lkh
?,lkh
贺,lkm
圆,lkmi
贺,lkmu
迦,lkp
迦,lkpd
架,lks
哿,lksk
架,lksu
轵,lkw
轵,lkwy
袈,lky
袈,lkye
男,ll
男,llb
?,lle
畕,llf
圜,llg
?,llg
圜,llge
?,llh
?,llk
田,lll
田,llll
罍,lllm
勰,llln
男,llr
?,llt
?,llt
嬲,llvl
圐,llyv
轴,lm
圌,lmdj
轴,lmg
軸,lmg
軕,lmh
?,lmn
辋,lmu
買,lmu
辋,lmun
思,ln
辗,lna
辗,lnae
囙,lnd
翈,lng
轧,lnn
軋,lnn
劜,lnn
力,lnt
思,lnu
罹,lnw
疁,lnwe
罹,lnwy
辚,lo
辚,loq
辚,loqh
?,lou
边,lp
辖,lpdk
边,lpe
连,lpk
連,lpk
畹,lpq
畹,lpqb
边,lpv
罗,lq
,lqan
轹,lqi
轹,lqiy
蜀,lqj
蜀,lqju
逻,lqp
逻,lqpi
囫,lqr
囫,lqre
罗,lqu
软,lqw
软,lqwy
鸭,lqy
鸭,lqyg
罶,lqyl
斩,lr
畈,lrc
畈,lrcy
畖,lrcy
堑,lrf
堑,lrff
斩,lrh
斬,lrh
暂,lrj
暂,lrjf
錾,lrq
錾,lrqf
椠,lrs
椠,lrsu
轶,lrw
轶,lrwy
困,ls
町,lsh
困,lsi
甼,lsj
轲,lsk
轲,lskg
?,lsu
力,lt
轿,ltd
轿,ltdj
辀,ltey
囷,lti
略,ltk
略,ltkg
辂,ltkg
力,ltn
图,ltu
轷,ltuh
图,ltui
畋,lty
较,lu
圈,lud
圈,ludb
??,luep
畔,luf
畔,lufh
?,lug
疃,luj
疃,lujf
罾,lul
罾,lulj
较,luq
较,luqy
,lusg
轨,lv
囡,lvd
婁,lvf
?,lvf
轺,lvk
轺,lvkg
辎,lvl
辎,lvlg
轨,lvn
軌,lvn
??,lvqn
轫,lvy
轫,lvyy
办,lw
圙,lwdd
轸,lwe
轸,lwet
畛,lwet
输,lwg
辁,lwgg
输,lwgj
办,lwi
囚,lwi
界,lwj
界,lwjj
轮,lwx
轮,lwxn
囵,lwxv
囹,lwy
?,lwy
囹,lwyc
累,lx
累,lxi
累,lxiu
毗,lxx
辔,lxxk
毗,lxxn
罚,ly
辙,lyc
辙,lyct
圁,lyd
詈,lyf
辌,lyiy
罚,lyj
罚,lyjj
辘,lyn
辘,lynx
同,m
曲,ma
曲,mad
嵁,madn
贼,madt
嵌,maf
?,maf
嵌,mafw
屸,mag
岈,mah
岈,maht
岽,mai
岽,maiu
冊,mak
岠,mang
崂,map
?,mape
崂,mapl
嵘,maps
岖,maq
岖,maqy
峣,matq
典,maw
典,mawu
戝,may
邮,mb
?,mbb
?,mbg
邮,mbh
邖,mbh
?,mbh
郥,mbh
崡,mbib
貤,mbn
凤,mc
岜,mcb
峄,mcf
峄,mcfh
凤,mci
禸,mci
贻,mck
贻,mckg
殳,mcu
峻,mcw
峻,mcwt
央,md
贿,mde
贿,mdeg
岩,mdf
赈,mdfe
崖,mdff
岸,mdfj
岵,mdg
崴,mdgt
嵅,mdgt
崴,mdgy
酆,mdhb
央,mdi
崦,mdj
崦,mdjn
盎,mdl
盎,mdlf
??,mdlf
,mdln
遄,mdm
峏,mdmj
颛,mdmm
遄,mdmp
,mdmy
炭,mdo
炭,mdou
鸯,mdq
鸯,mdqg
屵,mdr
崎,mds
崎,mdsk
骨,me
髓,med
骷,medg
髓,medp
崩,mee
崩,meef
豳,meei
骨,mef
胄,mef
岄,meg
岨,megg
髁,mej
髁,mejs
髃,mejy
髑,mel
髑,melj
骰,mem
骰,memc
髎,mene
髅,meo
髅,meov
髂,mep
髂,mepk
髋,mepq
髌,mepw
鹘,meq
鹘,meqg
骶,meqy
骺,mer
?,mer
髀,merf
骺,merk
骼,met
屷,met
骼,metk
骱,mew
骱,mewj
骸,mey
岌,meyu
骸,meyw
财,mf
岐,mfc
岐,mfcy
冉,mfd
冃,mfd
冄,mfd
峙,mff
亗,mff
崶,mfff
峙,mffy
巅,mfh
屽,mfh
巅,mfhm
赇,mfi
赇,mfiy
周,mfk
周,mfkd
雕,mfky
??,mfmd
赎,mfn
赎,mfnd
?,mfng
崁,mfqw
财,mft
赌,mftj
财,mftt
崚,mfwt
同,mg
赋,mga
赋,mgah
岍,mgah
赙,mge
赙,mgef
峘,mgjg
同,mgk
同,mgkd
峿,mgkg
,mgkh
屿,mgn
屿,mgng
崃,mgo
崃,mgoy
夙,mgq
夙,mgqi
峛,mgqj
屼,mgqn
贱,mgt
峡,mgu
峡,mguw
贱,mgy
由,mh
巇,mhaa
幪,mhae
帱,mhd
凪,mhd
帱,mhdf
帏,mhf
帏,mhfh
幅,mhg
幅,mhgl
帻,mhgm
帖,mhh
帔,mhhc
帖,mhhk
帧,mhhm
帽,mhj
幔,mhjc
帽,mhjh
幌,mhjq
巾,mhk
贴,mhkg
帜,mhkw
帼,mhl
帼,mhly
帆,mhm
帆,mhmy
冂,mhn
幄,mhnf
由,mhng
贝,mhny
幞,mho
幞,mhoy
帕,mhr
帕,mhrg
帙,mhrw
幖,mhsi
帐,mht
幡,mhtl
帐,mhty
幢,mhu
帡,mhua
幢,mhuf
幛,mhuj
帨,mhuq
帷,mhw
帷,mhwy
峭,mi
峭,mie
峭,mieg
汖,miu
嵴,miw
嵴,miwe
则,mj
?,mjf
则,mjh
則,mjh
赗,mjhg
嵎,mjmy
赐,mjq
赐,mjqr
岿,mjv
岿,mjvf
冋,mkd
崿,mkkn
迥,mkp
迥,mkpd
贶,mkq
贶,mkqn
崭,ml
崮,mld
崮,mldf
岬,mlh
崽,mln
崽,mlnu
崭,mlr
屴,mlr
崭,mlrj
册,mm
??,mmad
峀,mmf
赒,mmfk
岫,mmg
册,mmgd
凹,mmgd
删,mmgj
峒,mmgk
兕,mmgq
屾,mmh
岀,mmj
山,mmm
山,mmmm
赑,mmmu
?,mmn
岗,mmq
岘,mmqn
岗,mmqu
岚,mmqu
罂,mmr
罂,mmrm
婴,mmv
婴,mmvf
鹦,mmvg
賏,mmy
岂,mn
岷,mna
岷,mnan
岂,mnb
?,mnb
崛,mnbm
崌,mndg
??,mndm
?,mngk
嵋,mnh
嵋,mnhg
剀,mnj
剀,mnjh
凯,mnm
凯,mnmn
觊,mnmq
屺,mnn
乢,mnn
嶍,mnrg
囘,mnv
赆,mny
赆,mnyu
赕,mo
?,moi
赕,moo
赕,mooy
嶙,moq
嶙,moqh
嵝,mov
嵝,movg
迪,mp
迪,mpd
廸,mpd
崇,mpf
崇,mpfi
贮,mpg
贮,mpgg
?,mpi
辿,mpk
?,mpu
崆,mpw
崆,mpwa
风,mq
见,mqb
觃,mqbd
购,mqc
购,mqcy
赡,mqd
峗,mqdb
崤,mqde
赡,mqdy
嶦,mqdy
崟,mqf
崯,mqg
飓,mqh
飐,mqhk
飓,mqhw
风,mqi
冈,mqi
罓,mqi
刚,mqj
峋,mqjg
刚,mqjh
刿,mqjh
岣,mqk
岣,mqkg
巉,mqky
飔,mqln
翙,mqng
飏,mqnr
飚,mqoo
网,mqq
网,mqqi
飗,mqql
飑,mqqn
嵚,mqqw
峁,mqt
峁,mqtb
岁,mqu
峥,mqv
飕,mqvc
峥,mqvh
贩,mr
贩,mrc
贩,mrcy
凰,mrg
岶,mrg
凰,mrgd
岓,mrh
嵬,mrq
嵬,mrqc
朵,ms
凩,msi
剁,msj
嵖,msjg
剁,msjh
岢,msk
岢,mskf
朵,msu
崾,msv
崾,msvg
崧,msw
崧,mswc
几,mt
账,mta
账,mtay
峰,mtd
峰,mtdh
峤,mtdj
岞,mthf
嵲,mths
赂,mtk
赂,mtkg
几,mtn
屹,mtnn
嶓,mtol
贬,mtp
贬,mtpy
峨,mtr
峨,mtrt
峨,mtry
嵊,mtu
嵊,mtux
峂,mtuy
巍,mtv
巍,mtvc
败,mty
敗,mty
赠,mu
嵯,mud
嵯,muda
岦,muf
嶂,muj
峷,muj
嶂,mujh
赔,muk
赔,mukg
赠,mul
赠,mulj
嶒,mulj
峧,muqy
嶟,musf
赚,muv
赚,muvo
嵫,mux
嵫,muxx
罔,muy
罔,muyn
屶,mvr
内,mw
赊,mwf
赊,mwfi
嵛,mwg
崄,mwgi
嵛,mwgj
嶝,mwgu
内,mwi
冏,mwkd
?,mwu
肉,mww
肉,mwwi
峪,mwwk
崔,mwy
酅,mwyb
岭,mwyc
崔,mwyf
嶲,mwym
岑,mwyn
嶷,mx
嶷,mxt
嶷,mxth
幽,mxxi
凡,my
崞,myb
崞,mybg
丹,myd
彤,mye
彤,myet
赃,myf
訔,myf
赃,myfg
凡,myi
?,myid
嵩,mym
嵩,mymk
赅,myn
赅,mynw
?,myu
崀,myve
崒,mywf
?,myy
民,n
民,na
悈,naah
展,nae
展,naei
惬,nag
羾,nag
惬,nagw
异,naj
羿,naj
惜,najg
慬,nakg
懵,nal
懵,nalh
屉,nan
屉,nanv
怄,naq
怄,naqy
懂,nat
懂,natf
愍,natn
民,nav
殿,naw
殿,nawc
臀,nawe
慌,nay
慌,nayq
敢,nb
孱,nbb
孱,nbbb
慑,nbc
慑,nbcc
?,nbd
邔,nbh
?,nbh
屈,nbm
屈,nbmk
忚,nbn
屙,nbs
屙,nbsk
敢,nbt
憨,nbtn
敢,nbty
怪,nc
惙,nccc
惨,ncd
惨,ncde
怪,ncf
怪,ncfg
怿,ncfh
?,nci
怡,nck
怡,nckg
?,ncv
悛,ncw
悛,ncwt
居,nd
惰,nda
惰,ndae
居,ndd
恹,nddy
怙,ndg
憾,ndgn
剧,ndj
悱,ndjd
剧,ndjh
怖,ndm
愐,ndmd
怖,ndmh
忧,ndn
忧,ndnn
恢,ndo
恢,ndoy
憭,ndui
忕,ndy
慆,nevg
导,nf
愤,nfa
愤,nfam
层,nfc
层,nfci
厾,nfci
恸,nfcl
怯,nfcy
忮,nfcy
丑,nfd
懦,nfdj
恃,nff
恃,nffy
慎,nfh
忓,nfh
慎,nfhw
慰,nfi
屚,nfi
尉,nfif
螱,nfij
慰,nfin
熨,nfio
卂,nfk
迅,nfp
悖,nfpb
迅,nfpk
怃,nfq
怃,nfqn
屠,nft
屠,nftj
愭,nftj
导,nfu
悻,nfuf
?,nfwt
忖,nfy
怀,ng
忳,ngbn
屋,ngc
屋,ngcf
刁,ngd
情,nge
情,ngeg
?,ngf
忹,ngg
怔,ngh
怔,nghg
怀,ngi
怀,ngiy
恒,ngj
恒,ngjg
司,ngk
司,ngkd
悟,ngkg
悚,ngki
懒,ngkm
怦,ngu
怦,nguh
愫,ngx
愫,ngxi
收,nh
郿,nhbh
眉,nhd
戕,nhda
奘,nhdd
悱,nhdd
牂,nhdd
爿,nhde
牁,nhdk
胥,nhe
胥,nhef
遐,nhf
叚,nhfc
丑,nhfd
遐,nhfp
疋,nhi
蛋,nhj
疍,nhjg
悼,nhjh
蛋,nhju
丩,nhk
鹛,nhq
鹛,nhqg
收,nht
收,nhty
惧,nhw
惧,nhwy
疏,nhy
疏,nhyq
悄,ni
悄,nie
屑,nied
悄,nieg
尿,nii
氹,nii
惝,nim
惝,nimk
恍,niq
恍,niqn
犀,nir
犀,nirh
慢,nj
悭,njc
悭,njcf
悍,njf
悝,njfg
悍,njfh
怛,njg
怛,njgg
慢,njl
慢,njlc
愠,njlg
惕,njq
惕,njqr
惺,njt
惺,njtg
憬,njy
憬,njyi
避,nk
悒,nkc
悒,nkcn
吢,nkf
忡,nkh
忡,nkhh
翀,nkhh
愦,nkhm
愕,nkk
愕,nkkn
辟,nku
臂,nkue
襞,nkue
壁,nkuf
?,nkug
辟,nkuh
甓,nkun
避,nkup
鐾,nkuq
擘,nkur
檗,nkus
劈,nkuv
嬖,nkuv
譬,nkuy
璧,nkuy
甓,nkuy
惭,nl
翼,nla
翼,nlaw
屇,nld
乪,nld
怬,nlg
惭,nlr
惭,nlrh
悃,nls
悃,nlsy
忇,nlt
愣,nly
愣,nlyn
愣,nlyt
届,nm
届,nmd
惴,nmdj
怏,nmdy
惆,nmf
惆,nmfk
恫,nmg
怞,nmg
恫,nmgk
刷,nmh
刷,nmhj
屃,nmi
屓,nmi
恻,nmj
?,nmj
恻,nmjh
恺,nmn
恺,nmnn
惘,nmu
惘,nmun
凥,nmv
忆,nn
巽,nna
巽,nnaw
忸,nnf
忸,nnfg
己,nng
己,nngn
巳,nngn
尸,nngt
书,nnh
忸,nnhf
书,nnhy
局,nnk
局,nnkd
乙,nnl
乙,nnll
忆,nnn
忋,nnn
已,nnnn
忌,nnu
乜,nnv
快,nnw
快,nnwy
怩,nnx
怩,nnxn
羽,nny
?,nny
羽,nnyg
屡,no
屎,noi
惔,nooy
屡,nov
屡,novd
忱,np
迉,npe
悰,npfi
愃,npgg
恽,npl
恽,nplh
翚,nplj
忱,npq
惋,npqb
忱,npqn
懈,nq
惛,nqaj
憺,nqdy
懈,nqe
懈,nqeh
惍,nqg
恂,nqj
恂,nqjg
惚,nqr
惚,nqrn
?,nqvg
忺,nqwy
鸤,nqyg
怕,nr
習,nrf
怕,nrg
惶,nrgg
忻,nrh
忾,nrn
忾,nrnn
愧,nrq
愧,nrqc
恓,nsg
忊,nsh
杘,nsi
憷,nss
憷,nssh
怵,nsy
怵,nsyy
必,nt
怅,nta
怅,ntay
悸,ntb
悸,ntbg
邲,ntbh
发,ntc
发,ntcy
恬,ntd
恬,ntdg
必,nte
尾,ntf
屐,ntfc
忏,ntfh
忤,ntfh
尾,ntfn
慥,ntfp
性,ntg
性,ntgg
怍,nth
怍,nthf
屣,nthh
虱,ntj
虱,ntji
愎,ntjt
属,ntk
恪,ntkg
属,ntky
恤,ntl
恤,ntlg
懊,ntm
懊,ntmd
愀,nto
屦,ntov
愀,ntoy
履,ntt
履,nttt
悔,ntx
悔,ntxu
悔,ntxy
改,nty
攺,nty
习,nu
屏,nua
屏,nuak
习,nud
?,nud
羼,nudd
买,nudu
翌,nuf
?,nug
翋,nug
飞,nui
惮,nuj
憧,nujf
惮,nujf
愔,nujg
悦,nuk
屖,nuk
悦,nukq
憎,nul
憎,nulj
恔,nuqy
慊,nuv
慊,nuvo
悌,nux
悌,nuxt
悯,nuy
悯,nuyy
恨,nv
慨,nvc
慨,nvcq
恨,nve
恨,nvey
妀,nvg
怊,nvk
怊,nvkg
忉,nvn
忉,nvt
尻,nvv
愉,nw
怆,nwb
怆,nwbn
忪,nwc
忪,nwcy
戮,nwe
戮,nwea
鹨,nweg
勠,nwel
恰,nwg
愉,nwg
愉,nwgj
恰,nwgk
憕,nwgu
夬,nwi
乆,nwi
翂,nwvn
惟,nwy
戳,nwya
怜,nwyc
翟,nwyf
惟,nwyg
憔,nwyo
尼,nx
惯,nxf
惯,nxfm
憴,nxg
怫,nxj
怫,nxjh
尼,nxv
屁,nxx
屁,nxxv
心,ny
恼,nyb
惇,nybg
恼,nybh
惦,nyh
惦,nyhk
忭,nyhy
尺,nyi
乄,nyi
?,nyi
惊,nyiy
昼,nyj
昼,nyjg
咫,nyk
咫,nykw
懔,nyl
懔,nyli
翯,nymk
心,nyn
忙,nyn
忙,nynn
心,nyny
迟,nyp
迟,nypi
?,nyt
尽,nyu
尽,nyuu
慷,nyv
悢,nyve
慵,nyvh
慷,nyvi
以,nyw
翠,nywf
悴,nywf
以,nywy
忟,nyy
忄,nyyh
为,o
煤,oa
煁,oadn
煤,oaf
煤,oafs
灴,oag
?,oag
灷,oaj
爟,oaky
炬,oan
炬,oang
炼,oanw
,oaqy
烧,oat
糒,oate
烧,oatq
烘,oaw
粪,oawu
烘,oawy
籽,ob
籽,obg
邩,obh
灺,obn
鬯,obxb
烃,oc
烃,oca
烃,ocag
糅,ocb
燏,ocbk
糅,ocbs
糁,ocd
糁,ocde
熥,ocep
粑,ocn
焌,ocwt
类,od
粝,odd
粝,oddn
糊,ode
糊,odeg
煳,odeg
烠,odeg
煃,odff
炻,odg
?,odg
烦,odm
烦,odmy
类,odu
燎,odui
粗,oe
粗,oeg
粗,oegg
?,oeh
爝,oel
爝,oelf
烼,oey
灶,of
糯,ofd
糯,ofdj
灶,ofg
籵,ofh
?,ofh
炜,ofn
炜,ofnh
烤,oft
烤,oftn
?,ofwy
籿,ofy
业,og
邺,ogb
邺,ogbh
炖,ogbn
业,ogd
精,oge
精,ogeg
粳,ogj
烜,ogjg
粳,ogjq
焐,ogk
焐,ogkg
炳,ogm
糟,ogmj
炳,ogmw
凿,ogu
凿,ogub
黻,oguc
黹,ogui
黼,oguy
粘,oh
焯,ohj
焯,ohjh
粘,ohk
粘,ohkg
炒,oi
炒,oit
炒,oitt
烛,oj
爆,oja
爆,ojai
焊,ojf
焊,ojfh
炟,ojgg
灲,ojh
熳,ojlc
煴,ojlg
粿,ojsy
煋,ojtg
煜,oju
煜,ojug
焜,ojxx
烛,ojy
炽,ok
焆,okeg
燥,okk
燥,okks
炽,okw
炽,okwy
烟,ol
烟,old
烟,oldy
煟,oleg
畨,olf
煨,olg
畑,olg
煨,olge
炠,olh
灿,om
煓,omdj
粙,omg
烔,omgk
灿,omh
籼,omh
炯,omk
炯,omkg
籶,omn
断,on
?,onb
糈,onh
糈,onhe
焗,onnk
断,onr
熠,onrg
断,onrh
炀,onrt
炔,onw
炔,onwy
烬,ony
烬,onyu
炎,oo
郯,oob
郯,oobh
剡,ooj
剡,oojh
火,ooo
火,oooo
燚,oooo
燊,ooos
焱,ooou
欻,ooqw
炎,oou
炏,ooy
迷,op
烷,opf
粽,opfi
烷,opfq
煊,opg
煊,opgg
迷,opi
熔,opw
熔,opwk
炮,oq
遴,oqa
粼,oqab
翷,oqan
遴,oqap
灮,oqb
燃,oqd
烯,oqd
烯,oqdh
燃,oqdo
烁,oqi
烁,oqiy
焕,oqm
焕,oqmd
炮,oqn
炮,oqnn
焰,oqv
焰,oqvg
炊,oqw
炊,oqwy
灼,oqy
?,oqy
熘,oqyl
灼,oqyy
煌,or
粕,org
煌,orgg
炘,orh
?,orh
灯,os
熛,osfi
粞,osg
灯,osh
??,osjg
炣,oskg
炑,osy
烽,ot
烽,otd
烽,otdh
糙,otf
?,otfd
糙,otfp
烶,otfp
炸,oth
糗,othd
炸,othf
糌,othj
熄,othn
烻,othp
烙,otk
烙,otkg
熜,otln
燠,otm
燠,otmd
燔,oto
燔,otol
烀,otu
烀,otuh
敉,oty
炇,oty
秌,oty
料,ou
烊,oud
烊,oudh
燧,oue
燧,ouep
料,ouf
烂,oufg
料,oufh
粒,oug
糕,ougo
爔,ougt
,oujf
焙,ouk
焙,oukg
熵,oum
熵,oumk
焖,oun
焖,ouny
糍,oux
糍,ouxx
娄,ov
?,ovb
煺,ove
煺,ovep
娄,ovf
,ovfy
籹,ovg
数,ovt
灱,ovt
数,ovty
粉,ow
炝,owb
炝,owbn
煅,owd
煅,owdc
烩,owf
烩,owfc
爚,owga
熻,owgn
炌,owjh
糇,own
糇,ownd
粉,owv
粉,owvn
粉,owvt
烨,owx
烨,owxf
焓,owy
焓,owyk
燋,owyo
糨,ox
糨,oxk
糨,oxkj
米,oy
焞,oybg
炷,oyg
炷,oygg
炕,oym
熇,oymk
炕,oymn
炉,oyn
煸,oyna
煽,oynn
炉,oynt
燮,oyo
燮,oyoc
米,oyt
米,oyty
粮,oyv
粮,oyve
烺,oyve
糠,oyvi
糖,oyvk
粹,oyw
粹,oywf
炫,oyx
炫,oyxy
炆,oyy
灬,oyyy
这,p
宽,pa
宦,pah
宦,pahh
宧,pahh
寞,paj
寞,pajd
宽,pam
宽,pamq
字,pb
字,pbf
?,pbj
?,pcu
害,pd
宏,pdc
宏,pdcu
寡,pde
宥,pdef
寡,pdev
宕,pdf
?,pdf
宸,pdfe
害,pdh
割,pdhj
害,pdhk
豁,pdhk
宬,pdnt
寄,pds
寄,pdsk
寮,pdu
宊,pdu
寮,pdui
宠,pdx
宠,pdxb
宠,pdxr
家,pe
肎,pef
宜,peg
宜,pegf
农,pei
家,peu
冢,pey
冢,peyu
守,pf
宗,pfi
宗,pfiu
寒,pfj
骞,pfjc
褰,pfje
塞,pfjf
,pfjg
蹇,pfjh
赛,pfjm
搴,pfjr
寨,pfjs
寒,pfju
謇,pfjy
完,pfq
完,pfqb
寇,pfqc
冠,pfqf
守,pfu
定,pg
室,pgc
室,pgcf
宇,pgf
?,pgf
宇,pgfj
定,pgh
定,pghu
宣,pgj
宣,pgjg
富,pgk
富,pgkl
寅,pgm
戭,pgma
寅,pgmw
写,pgn
写,pgng
寁,pgvh
宝,pgy
宝,pgyu
寂,ph
寂,phi
寂,phic
官,phnn
逭,phnp
?,phu
宵,pi
宵,pie
宵,pief
?,piu
审,pj
幂,pjd
幂,pjdh
审,pjh
审,pjhj
寓,pjm
寓,pjmy
冥,pju
冥,pjuu
宴,pjv
宴,pjvf
宫,pk
宫,pkk
宫,pkkf
军,pl
郓,plb
郓,plbh
寰,plg
寰,plge
皲,plh
皲,plhc
军,plj
軍,plj
宙,pm
冗,pmb
宂,pmb
宙,pmf
冚,pmj
官,pn
甯,pne
甯,pnej
官,pnh
寐,pnh
寐,pnhi
寤,pnhk
官,pnhn
逭,pnhp
密,pnt
蜜,pntj
密,pntm
宓,pntr
寥,pnw
寥,pnwe
廴,pny
灾,po
灾,pou
冞,pou
宩,pou
之,pp
之,ppp
之,pppp
?,ppu
宛,pq
宛,pqb
宛,pqbb
剜,pqbj
冤,pqk
冤,pqky
鸩,pqq
鸩,pqqg
冘,pqv
宾,pr
宾,prg
宾,prgw
牢,prh
牢,prhj
宁,ps
宁,psj
宋,psu
客,pt
宅,pta
宅,ptab
宪,ptf
宪,ptfq
客,ptk
客,ptkf
额,ptkm
实,pu
褡,pua
褡,puak
衩,puc
裰,pucc
衩,pucy
实,pud
褥,pudf
襫,pudj
实,pudu
衫,pue
衫,puet
衬,puf
袪,pufc
褂,pufh
袆,pufh
褚,pufj
襦,pufj
衬,pufy
袜,pug
裱,puge
??,pugm
袜,pugs
补,puh
被,puhc
补,puhy
衤,pui
裆,puiv
宰,puj
袒,pujg
褴,pujl
褐,pujn
褟,pujn
裼,pujr
裸,pujs
裎,puk
裎,pukg
裢,pul
裢,pulp
袖,pum
袖,pumg
衲,pumw
袂,pun
裾,pund
褶,punr
袂,punw
袯,puny
褛,puo
褛,puov
裈,pupl
袍,puq
袍,puqn
襜,puqy
裨,pur
裨,purf
褫,purm
襟,pus
襟,pusi
襻,pusr
袄,put
袄,putd
衽,putf
袼,putk
袢,puu
宍,puu
褙,puue
袢,puuf
襕,puui
裥,puuj
襚,puup
初,puv
寝,puvc
裉,puve
裙,puvk
初,puvn
褪,puvp
初,puvt
裕,puw
袱,puwd
袗,puwe
裣,puwi
褕,puwj
裕,puwk
袷,puwk
衿,puwn
褓,puws
襁,pux
襁,puxj
裤,puy
褊,puya
褯,puyh
裤,puyl
安,pv
宄,pvb
安,pvf
案,pvs
案,pvsu
空,pw
空,pwa
空,pwaf
窍,pwan
穿,pwat
窃,pwav
窿,pwb
窿,pwbg
突,pwd
宿,pwdj
突,pwdu
罕,pwf
窦,pwfd
察,pwfi
罕,pwfj
窥,pwfq
窒,pwg
窒,pwgf
窀,pwgn
窅,pwhf
窕,pwi
窕,pwiq
窠,pwj
窠,pwjs
窜,pwk
窜,pwkh
窝,pwkw
穷,pwl
穷,pwlb
穷,pwlr
帘,pwm
帘,pwmh
窟,pwn
窟,pwnm
窭,pwo
窭,pwov
穸,pwq
窎,pwqg
窕,pwqi
穸,pwqu
窑,pwr
窑,pwrm
窳,pwry
窊,pwry
窗,pwt
窄,pwtf
窖,pwtk
窸,pwtn
窆,pwtp
窗,pwtq
穴,pwu
?,pwu
窨,pwuj
邃,pwup
究,pwv
究,pwvb
窘,pwvk
容,pww
窬,pwwj
容,pwwk
穹,pwx
穹,pwxb
窈,pwxl
鹤,pwy
隺,pwyd
窣,pwyf
鹤,pwyg
它,px
它,pxb
宆,pxb
社,py
祺,pya
祺,pyaw
祁,pyb
祁,pybh
祃,pycg
祷,pyd
祓,pydc
禊,pydd
祷,pydf
祜,pydg
祏,pydg
祐,pydk
祖,pye
祖,pyeg
社,pyf
?,pyf
祛,pyfc
社,pyfg
祎,pyfh
禧,pyfk
祾,pyft
禛,pyfw
福,pyg
祆,pygd
福,pygl
祉,pyh
祉,pyhg
祯,pyhm
礻,pyi
祧,pyiq
神,pyj
神,pyjh
禔,pyjh
祼,pyjs
祝,pyk
祝,pykq
祸,pykw
禤,pyln
视,pym
祋,pymc
视,pymq
冖,pyn
祠,pynk
礼,pynn
祀,pynn
祕,pynt
辶,pyny
祢,pyq
祇,pyqa
祢,pyqi
祧,pyqi
祗,pyqy
祈,pyr
?,pyr
祈,pyrh
禋,pysf
祚,pyt
祚,pytf
祥,pyu
祥,pyud
禅,pyuf
禘,pyuh
禚,pyuo
禄,pyv
祲,pyvc
禄,pyvi
禒,pyxe
禳,pyye
宀,pyyn
祊,pyyn
我,q
氏,qa
锘,qad
锘,qadk
??,qadw
钳,qaf
钳,qafg
?,qafj
釭,qag
舛,qah
铘,qahb
舛,qahh
桀,qahs
错,qaj
镆,qajd
昏,qajf
错,qajg
钷,qak
钷,qakg
锚,qal
锚,qalg
锳,qamd
??,qamw
钜,qan
钜,qang
钺,qant
钺,qany
铽,qany
铹,qap
铹,qapl
铙,qat
铙,qatq
氏,qav
镬,qawc
??,qawk
??,qawy
氐,qay
鈛,qay
釴,qay
邸,qayb
鸱,qayg
氐,qayi
凶,qb
镊,qbc
镊,qbcc
铒,qbg
鉺,qbg
釨,qbg
钌,qbh
夘,qbh
卬,qbh
邜,qbh
釕,qbh
眢,qbhf
凶,qbk
锰,qbl
锰,qblg
怨,qbn
夗,qbn
釶,qbn
怨,qbnu
迎,qbp
迎,qbpk
鸳,qbq
鸳,qbqg
锕,qbs
锕,qbsk
色,qc
色,qcb
??,qcbk
铎,qcf
铎,qcfh
勾,qci
钯,qcn
鈀,qcn
钗,qcy
鎷,qcy
钗,qcyy
然,qd
危,qdb
危,qdbb
,qdbm
郄,qdc
郄,qdcb
钹,qdcy
??,qddp
肴,qde
肴,qdef
铕,qdeg
锛,qdf
锛,qdfa
钴,qdg
鉐,qdg
鈷,qdg
锲,qdh
锲,qdhd
,qdhv
希,qdm
郗,qdmb
希,qdmh
钸,qdmh
瓻,qdmn
欷,qdmw
铖,qdn
铖,qdnt
铖,qdny
然,qdo
然,qdou
厃,qdr
锜,qdsk
铸,qdt
铸,qdtf
镣,qdu
镣,qdui
镢,qduw
詹,qdw
詹,qdwy
钛,qdy
釱,qdy
钛,qdyy
角,qe
觭,qedk
锊,qef
锾,qefc
觟,qeff
锊,qefy
钥,qeg
鈅,qeg
觫,qegi
锄,qegl
觥,qei
觥,qeiq
角,qej
触,qejy
觿,qemk
觖,qen
觖,qenw
觚,qer
觚,qery
钐,qet
釢,qet
釤,qet
觞,qetr
斛,qeu
斛,qeuf
觯,qeuf
解,qev
解,qevh
蟹,qevj
邂,qevp
针,qf
勻,qfd
??,qffg
钍,qfg
釷,qfg
针,qfh
針,qfh
?,qfh
釬,qfh
镇,qfhw
镭,qfl
镭,qflg
锗,qft
锗,qftj
铐,qftn
铑,qftx
??,qfwy
钱,qg
鲽,qga
鳠,qgac
钘,qgah
铏,qgaj
鳓,qgal
鲽,qgas
鲯,qgaw
印,qgb
鲰,qgbc
印,qgbh
钝,qgbn
鲐,qgc
鲬,qgce
鲹,qgce
铚,qgcf
鳋,qgcj
鲐,qgck
鲃,qgcn
鱿,qgd
鲅,qgdc
鲱,qgdd
鲔,qgde
鲕,qgdj
?,qgdj
鱿,qgdn
鳡,qgdn
鳜,qgdw
铺,qge
镈,qgef
锖,qgeg
鳐,qgem
铺,qgey
匍,qgey
鱼,qgf
鲑,qgff
鳍,qgfj
鲒,qgfk
,qgfk
鲼,qgfm
鲮,qgft
鳕,qgfv
鲆,qgg
鲭,qgge
鲆,qggh
,qggi
,qggj
鲾,qggl
鲀,qggn
鲠,qggq
鲡,qggy
钙,qgh
鲏,qghc
鲱,qghd
钲,qghg
鲇,qghk
钙,qghn
鲈,qghn
盥,qgi
鲿,qgic
盥,qgil
,qgiq
钚,qgiy
??,qgiy
鲁,qgj
鳗,qgjc
鲁,qgjf
鲤,qgjf
鲥,qgjf
鲣,qgjf
鳀,qgjh
??,qgjh
鲳,qgjj
鳁,qgjl
鳎,qgjn
鲲,qgjx
匐,qgk
铻,qgkg
镉,qgkh
匐,qgkl
鳄,qgkn
鳃,qgl
鲴,qgld
鳂,qgle
鳏,qgli
鳃,qgln
鲢,qglp
鲷,qgm
鲉,qgmg
鲗,qgmj
鲷,qgmk
鲖,qgmk
鳢,qgmu
鲺,qgn
鳚,qgnf
鲺,qgnj
鱾,qgnn
鳛,qgnr
鳞,qgo
鳞,qgoh
铼,qgoy
鲩,qgp
鲩,qgpq
??,qgpv
,qgpx
鲍,qgq
,qgqb
?,qgqb
,qgqk
鲍,qgqn
??,qgqq
鳇,qgr
鳇,qgrg
鲌,qgrg
鳈,qgri
鲘,qgrk
鳔,qgs
鳔,qgsi
钱,qgt
鲊,qgtf
鲧,qgti
鳤,qgtn
鳅,qgto
鲦,qgts
鳆,qgtt
稣,qgty
,qgty
鲜,qgu
鲜,qgud
鳟,qguf
鳉,qguf
鳝,qguk
鳒,qguo
鲛,qguq
铗,qguw
鳑,qguy
鲟,qgv
鲫,qgvb
鲟,qgvf
鲪,qgvk
鲻,qgvl
??,qgvn
鱽,qgvn
鲵,qgvq
鲋,qgw
鲙,qgwc
鲋,qgwf
,qgwi
鲶,qgwn
钱,qgy
鲸,qgy
鳊,qgya
鳣,qgyg
鳙,qgyh
鲸,qgyi
??,qgyi
鲚,qgyj
鲂,qgyn
鲂,qgyt
钰,qgyy
外,qh
铍,qhc
铍,qhcy
?,qhd
钼,qhg
?,qhg
鉬,qhg
亇,qhj
钻,qhk
钻,qhkg
,qhnt
外,qhy
钋,qhy
釙,qhy
乐,qi
销,qie
销,qieg
鼗,qifc
玺,qig
玺,qigy
,qihc
乐,qii
兆,qii
锁,qim
锁,qimy
铴,qin
铴,qinr
迩,qip
镗,qipf
逃,qipi
迩,qipi
镋,qipq
铫,qiq
铫,qiqn
钞,qit
钞,qitt
尔,qiu
淾,qiu
铛,qiv
铛,qivg
釥,qiy
旬,qj
郇,qjb
郇,qjbh
铿,qjc
铿,qjcf
旬,qjd
象,qje
象,qjeu
锂,qjf
锂,qjfg
钽,qjg
鈤,qjg
锝,qjgf
钽,qjgg
钊,qjh
刈,qjh
釗,qjh
,qjhh
镘,qjl
镘,qjlc
龟,qjn
龟,qjnb
锡,qjq
锡,qjqr
锞,qjs
锞,qjsy
锟,qjx
锟,qjxx
鉵,qjy
名,qk
句,qkd
??,qkeg
象,qkeu
名,qkf
锃,qkg
釦,qkg
锃,qkgg
钏,qkh
釧,qkh
钟,qkhh
铝,qkk
铝,qkkg
锷,qkkn
劬,qkl
劬,qkln
劬,qklt
锅,qkm
铞,qkmh
锅,qkmw
免,qkq
免,qkqb
鸲,qkqg
勉,qkql
逸,qkqp
够,qkqq
兔,qkqy
雊,qkwy
甸,ql
甸,qld
锢,qldg
铟,qldy
,qlfo
钿,qlg
鈿,qlg
镮,qlge
钾,qlh
鉀,qlh
锶,qln
锶,qlny
链,qlp
链,qlpy
锣,qlq
镯,qlqj
锣,qlqy
釛,qlt
镙,qlxi
负,qm
奂,qmd
奂,qmdu
镚,qmee
铀,qmg
鈾,qmg
铜,qmgk
铡,qmj
铡,qmjh
铅,qmk
铅,qmkg
铠,qmn
釠,qmn
铠,qmnn
钢,qmq
钢,qmqy
负,qmu
負,qmu
钠,qmw
夐,qmwt
钠,qmwy
钡,qmy
鋇,qmy
钒,qmyy
包,qn
饶,qna
馍,qnad
馑,qnag
饶,qnaq
馓,qnat
饣,qnb
饵,qnbg
饳,qnbm
饴,qnc
饴,qnck
锯,qnd
锯,qndg
馁,qne
馁,qnev
钮,qnf
饽,qnfb
钮,qnfg
馌,qnfl
乌,qng
?,qng
邬,qngb
乌,qngd
馕,qnge
??,qngi
饨,qngn
饯,qngt
饯,qngy
镅,qnh
钮,qnhf
镅,qnhg
蚀,qnj
馒,qnjc
刨,qnjh
馃,qnjs
馄,qnjx
蚀,qnjy
馈,qnk
,qnkk
馈,qnkm
饥,qnm
馉,qnme
饥,qnmn
钇,qnn
钆,qnn
釓,qnn
釔,qnn
釲,qnn
饲,qnnk
锔,qnnk
饧,qnnr
馔,qnnw
馆,qnp
馆,qnpn
饮,qnq
馏,qnql
饱,qnqn
馋,qnqu
馅,qnqv
饮,qnqw
饭,qnr
饭,qnrc
饩,qnrn
钖,qnrt
馇,qns
馇,qnsg
饿,qnt
饫,qntd
饪,qntf
饰,qnth
饷,qntk
饹,qntk
饬,qntl
饿,qntt
铋,qntt
饿,qnty
?,qnty
饼,qnu
?,qnu
饼,qnua
馐,qnuf
饺,qnuq
包,qnv
馊,qnvc
镠,qnwe
饸,qnwk
馀,qnwt
铌,qnx
铌,qnxn
鈊,qny
饻,qnye
??,qnyg
炙,qo
鬯,qob
鬯,qobx
镤,qog
镤,qogy
匊,qoi
灳,qoi
锬,qoo
锬,qooy
,qoqh
炙,qou
魚,qou
镂,qov
镂,qovg
钬,qoy
鈥,qoy
銤,qoy
锭,qp
,qpdc
镓,qpe
镓,qpey
锭,qpg
锭,qpgh
夤,qpgw
镔,qpr
镔,qprw
铵,qpv
铵,qpvg
镩,qpw
镩,qpwh
镲,qpwi
镕,qpwk
铊,qpx
铊,qpxn
多,qq
匈,qqb
匈,qqbk
钩,qqc
铯,qqcn
钩,qqcy
镥,qqg
鍂,qqg
镥,qqgj
铄,qqi
匁,qqi
匇,qqi
铄,qqiy
铫,qqiy
铭,qqk
铭,qqkg
镵,qqky
钨,qqn
钨,qqng
鑫,qqq
鑫,qqqf
金,qqqq
锪,qqr
锪,qqrn
铩,qqs
铩,qqsy
铆,qqt
铆,qqtb
多,qqu
爻,qqu
钧,qqug
铮,qqv
铮,qqvh
钦,qqw
钦,qqwy
釸,qqy
镏,qqyl
钓,qqyy
铁,qr
钣,qrc
钣,qrcy
勿,qre
锧,qrfm
铂,qrg
鉑,qrg
锽,qrgg
釿,qrh
铢,qri
铢,qriy
刎,qrj
刎,qrjh
锦,qrm
锦,qrmh
忽,qrn
兜,qrnq
忽,qrnu
锨,qrq
锨,qrqw
铁,qrw
铁,qrwy
匆,qry
匆,qryi
钉,qs
弑,qsa
弑,qsaa
镖,qsf
,qsfg
镖,qsfi
钵,qsg
钵,qsgg
钉,qsh
釘,qsh
刹,qsj
刹,qsjh
镡,qsjh
钶,qskg
杀,qsu
鈢,qsy
,qsyy
儿,qt
猎,qta
狨,qtad
獴,qtae
猎,qtaj
猫,qtal
獾,qtay
,qtay
犯,qtb
卯,qtbh
狲,qtbi
猛,qtbl
犯,qtbn
狁,qtc
犸,qtcg
狁,qtcq
猱,qtcs
狻,qtct
锋,qtd
猰,qtdd
猢,qtde
锋,qtdh
獠,qtdi
猗,qtdk
犹,qtdn
獗,qtdw
犭,qte
狙,qteg
猺,qtem
锈,qten
锈,qtet
钎,qtf
铥,qtfc
猿,qtfe
锤,qtfg
钎,qtfh
犴,qtfh
猪,qtfj
锆,qtfk
铤,qtfp
铣,qtfq
橥,qtfs
锸,qtfv
狂,qtg
猜,qtge
锤,qtgf
锺,qtgf
狂,qtgg
狉,qtgg
??,qtgg
獭,qtgm
钅,qtgn
逛,qtgp
狭,qtgw
镍,qth
玃,qthc
猇,qthm
镍,qths
独,qtj
狸,qtjf
猩,qtjg
狮,qtjh
猖,qtjj
猓,qtjs
独,qtjy
铬,qtk
狷,qtke
铬,qtkg
狎,qtl
猥,qtle
猬,qtle
狎,qtlh
猡,qtlq
猾,qtm
猾,qtme
猯,qtmj
狈,qtmy
儿,qtn
勹,qtn
狃,qtnf
猸,qtnh
峱,qtnm
夕,qtny
锹,qto
??,qtol
逖,qtop
狄,qtoy
锹,qtoy
狞,qtp
狩,qtpf
狞,qtps
狗,qtq
狰,qtqh
獬,qtqh
狝,qtqi
狗,qtqk
狍,qtqn
狐,qtr
锇,qtrt
狐,qtry
锇,qtry
猹,qts
猹,qtsg
猁,qtt
猁,qttj
獯,qtto
狡,qtu
獐,qtuj
狡,qtuq
獍,qtuq
狠,qtv
卿,qtvb
狠,qtve
犰,qtvn
猊,qtvq
猴,qtw
狯,qtwc
猴,qtwd
猃,qtwi
?,qtwj
猞,qtwk
狳,qtwt
狒,qtx
狴,qtxf
猕,qtxi
狒,qtxj
狼,qty
?,qty
乂,qty
鉌,qty
狱,qtyd
狼,qtye
猝,qtyf
狺,qtyg
,qtyg
猄,qtyi
犷,qtyt
匀,qu
匀,qud
锩,qudb
,quep
钭,quf
钭,qufh
镁,qug
鍆,qug
鉝,qug
锎,quga
镁,qugd
镧,qugi
锌,quh
鋅,quh
镜,quj
锏,qujg
镱,qujn
镜,qujq
锐,quk
锫,qukg
锐,qukq
镝,qum
镝,qumd
,qumt
钔,qun
镨,quo
镨,quoj
镑,qup
镑,qupy
铰,quq
锵,quqf
铰,quqy
??,qusf
铲,qut
铲,qutt
镒,quw
镒,quwl
锑,qux
锑,quxt
镃,quxx
争,qv
邹,qvb
邹,qvbh
银,qve
银,qvey
刍,qvf
臽,qvf
键,qvfp
钕,qvg
釹,qvg
争,qvh
皱,qvhc
锼,qvhc
争,qvhj
铷,qvk
铷,qvkg
,qvkg
锱,qvl
锱,qvlg
镴,qvln
急,qvn
釚,qvn
急,qvnu
锓,qvp
锓,qvpc
鹐,qvqg
煞,qvt
釖,qvt
煞,qvto
勼,qvv
雏,qvw
雏,qvwy
欠,qw
,qwcn
锻,qwd
锻,qwdc
铨,qwg
铨,qwgg
铪,qwgk
镎,qwgr
镫,qwgu
勽,qwi
,qwnd
欠,qwu
锉,qww
锉,qwwf
铧,qwx
铧,qwxf
,qwxn
锥,qwy
釟,qwy
铃,qwyc
镌,qwye
飧,qwye
锥,qwyg
钤,qwyn
,qxgu
镄,qxj
镄,qxjm
镪,qxk
镪,qxkj
匂,qxv
锴,qxx
锴,qxxr
久,qy
镀,qya
镀,qyac
镦,qyb
,qybg
镦,qybt
铳,qyc
铳,qycq
锍,qycq
訇,qyd
铱,qye
铱,qyey
锿,qyey
?,qyf
久,qyi
勺,qyi
夊,qyi
镶,qyk
镶,qyke
镐,qym
铈,qymh
镐,qymk
钪,qymn
钫,qyn
鹱,qync
袅,qyne
鸟,qyng
岛,qynm
凫,qynm
镳,qyno
枭,qyns
鸵,qynx
灸,qyo
灸,qyou
卵,qyt
钫,qyt
鈁,qyt
孵,qytb
镞,qytd
镟,qyth
卵,qyty
镰,qyuo
贸,qyv
锒,qyve
鹠,qyvg
镛,qyvh
留,qyvl
贸,qyvm
遛,qyvp
铉,qyx
铉,qyxy
鈫,qyy
的,r
找,ra
拭,raa
拭,raag
皂,rab
撕,rad
揕,radn
撕,radr
撒,rae
撒,raet
扛,rag
措,raj
摸,rajd
措,rajg
揠,rajv
描,ral
描,ralg
拒,ran
拒,rang
揲,rans
拣,ranw
捞,rap
捞,rapl
抠,raq
抠,raqy
找,rat
挠,ratq
拱,raw
搭,rawk
搽,raws
拱,rawy
找,ray
报,rb
揶,rbb
揶,rbbh
报,rbc
摄,rbcc
报,rbcy
挕,rbg
邤,rbh
?,rbh
拯,rbi
拯,rbig
拙,rbm
拙,rbmh
扡,rbn
反,rc
拚,rcah
抒,rcb
抒,rcbh
揉,rcbs
掇,rcc
掇,rccc
搡,rccs
?,rccy
掺,rcd
掺,rcde
捅,rce
捅,rceh
择,rcf
择,rcfh
反,rci
抬,rck
抬,rckg
把,rcn
皅,rcn
返,rcp
返,rcpi
挨,rct
挨,rctd
?,rcu
摊,rcw
摊,rcwy
瓜,rcy
払,rcy
瓜,rcyi
搔,rcyj
瓞,rcyw
拓,rd
扼,rdb
扼,rdbn
拔,rdc
拔,rdcy
振,rdf
振,rdfe
捱,rdff
拜,rdfh
捺,rdfi
皋,rdfj
翱,rdfn
挎,rdfn
拓,rdg
撼,rdgn
揳,rdhd
排,rdj
排,rdjd
掩,rdjn
颀,rdm
颀,rdmy
扰,rdn
扰,rdnn
挞,rdp
挞,rdpy
掎,rds
掎,rdsk
撩,rdu
?,rdu
撩,rdui
撅,rduw
捧,rdw
揍,rdwd
捧,rdwh
摏,rdwv
拢,rdx
拢,rdxn
拢,rdxt
?,rdy
扔,re
援,ref
援,refc
捋,refy
抈,reg
拥,reh
皭,relf
扔,ren
授,rep
授,repc
摇,rer
摇,rerm
扔,ret
持,rf
技,rfc
技,rfcy
持,rff
挂,rffg
摴,rffn
持,rffy
扗,rfg
盾,rfh
扞,rfh
盾,rfhd
遁,rfhp
擀,rfj
皁,rfj
擀,rfjf
拮,rfk
拮,rfkg
撷,rfkm
擂,rfl
擂,rflg
质,rfm
质,rfmi
抟,rfn
抟,rfny
挝,rfp
挝,rfpy
抚,rfq
抚,rfqn
拷,rft
拷,rftn
扶,rfw
撵,rfwl
扶,rfwy
攉,rfwy
后,rg
邱,rgb
邱,rgbh
扽,rgbn
卮,rgbv
捯,rgcj
丘,rgd
掭,rgdn
捕,rge
搏,rgef
捕,rgey
皇,rgf
抂,rgg
扌,rghg
抔,rgiy
后,rgk
郈,rgkb
后,rgkd
攮,rgke
垕,rgkf
捂,rgkg
逅,rgkp
岳,rgm
岳,rgmj
遑,rgp
遑,rgpd
抹,rgs
抹,rgsy
乒,rgt
乒,rgtr
挟,rgu
抨,rguh
挟,rguw
捷,rgv
捷,rgvh
兵,rgw
兵,rgwu
乓,rgy
乓,rgyu
年,rh
掳,rha
?,rhag
掳,rhal
虒,rham
摅,rhan
卸,rhb
卸,rhbh
披,rhc
披,rhcy
排,rhdd
看,rhf
年,rhfk
扯,rhg
攫,rhh
攫,rhhc
拤,rhhy
掉,rhj
掉,rhjh
牛,rhk
拈,rhkg
犇,rhth
扑,rhy
爬,rhyc
爪,rhyi
朱,ri
?,rian
邾,rib
邾,ribh
捎,rie
捎,rieg
?,rigq
朱,rii
撑,rip
搅,ripq
撑,ripr
挑,riq
挑,riqn
抄,rit
抄,ritt
泉,riu
挡,riv
挡,rivg
提,rj
撮,rjb
撮,rjbc
捍,rjf
捏,rjfg
捍,rjfh
担,rjg
抇,rjg
担,rjgg
提,rjgh
抻,rjh
抻,rjhh
拽,rjnt
揭,rjq
揭,rjqn
揽,rjt
揽,rjtq
拽,rjx
拽,rjxt
扣,rk
揖,rkb
揖,rkbg
挹,rkc
挹,rkcn
捐,rke
捐,rkeg
扣,rkg
捉,rkh
捉,rkhy
操,rkk
操,rkks
拐,rkl
捌,rklj
拐,rkln
拐,rklt
损,rkm
损,rkmy
押,rl
摁,rld
摁,rldn
摆,rlf
畠,rlf
摆,rlfc
舞,rlg
擐,rlge
舞,rlgh
掴,rlgy
押,rlh
捙,rlh
斶,rlqj
捆,rls
捆,rlsy
撂,rlt
劧,rlt
劰,rlt
扐,rlt
劤,rlt
撂,rltk
摞,rlx
摞,rlxi
抽,rm
缸,rma
缸,rmag
罐,rmay
投,rmc
投,rmcy
揣,rmd
揣,rmdj
抽,rmg
帛,rmh
罅,rmhh
制,rmhj
帛,rmhj
掣,rmhr
缶,rmk
撄,rmm
撄,rmmv
缺,rmn
皑,rmnn
缺,rmnw
摧,rmw
摧,rmwy
所,rn
抿,rna
搌,rnae
抿,rnan
气,rnb
掘,rnbm
撖,rnbt
氢,rnc
氢,rnca
据,rnd
戶,rnd
据,rndg
氪,rndq
氖,rne
氖,rneb
氖,rner
扭,rnf
扭,rnfg
握,rng
挧,rng
?,rng
氰,rnge
握,rngf
氩,rngg
扭,rnhf
氘,rnj
氘,rnjj
氲,rnjl
氚,rnkj
擗,rnku
氤,rnl
氤,rnld
氙,rnm
氙,rnmj
扎,rnn
癿,rnn
撰,rnnw
氮,rno
氮,rnoo
氨,rnp
氨,rnpv
扬,rnr
摺,rnrg
所,rnrh
扬,rnrt
拨,rnt
氕,rntr
氡,rntu
拨,rnty
氧,rnu
摒,rnua
氧,rnud
氯,rnv
氯,rnvi
氛,rnw
氛,rnwv
抉,rnwy
擢,rnwy
氟,rnx
氟,rnxj
拟,rny
抋,rny
拟,rnyw
氦,rnyw
搂,ro
掞,rooy
搂,rov
搂,rovg
擞,rovt
近,rp
迫,rpd
廹,rpd
皖,rpf
皖,rpfq
揎,rpgg
近,rpk
挥,rpl
挥,rplh
摈,rpr
摈,rprw
拧,rps
拧,rpsh
挓,rpta
按,rpv
按,rpvg
控,rpw
控,rpwa
撺,rpwh
擦,rpwi
挖,rpwn
探,rpws
换,rq
抵,rqa
扺,rqan
抵,rqay
抑,rqb
皃,rqb
抑,rqbh
鬼,rqc
魑,rqcc
魃,rqcc
魈,rqce
魁,rqcf
鬼,rqci
魅,rqci
魍,rqcn
魆,rqct
魉,rqcw
魋,rqcy
撸,rqg
捦,rqg
撸,rqgj
挑,rqiy
拘,rqk
拘,rqkg
挽,rqkq
搀,rqku
换,rqm
换,rqmd
抱,rqn
抱,rqnn
兜,rqnq
掬,rqo
掬,rqoy
揿,rqq
揿,rqqw
掏,rqr
掏,rqrm
掐,rqv
掐,rqvg
挣,rqvh
欣,rqw
欣,rqwy
的,rqy
捣,rqym
的,rqyy
折,rr
扳,rrc
扳,rrcy
皈,rrcy
皞,rrdf
拍,rrg
?,rrg
折,rrh
抙,rrh
斦,rrh
搋,rrhm
抓,rrhy
蜇,rrj
晢,rrjf
蜇,rrju
哲,rrk
哲,rrkf
踅,rrkh
逝,rrp
逝,rrpk
掀,rrq
魄,rrqc
掀,rrqw
白,rrr
皛,rrrf
白,rrrr
捭,rrt
捭,rrtf
拆,rry
誓,rryf
皦,rryt
拆,rryy
打,rs
摽,rsfi
拪,rsg
打,rsh
揸,rsj
揸,rsjg
手,rt
托,rta
托,rtan
拖,rtb
拖,rtbn
括,rtd
括,rtdg
挢,rtdj
搬,rte
搬,rtec
插,rtf
郫,rtfb
捶,rtfg
鹎,rtfg
扦,rtfh
卑,rtfj
皓,rtfk
攒,rtfm
撬,rtfn
挺,rtfp
插,rtfv
手,rtg
捶,rtgf
手,rtgh
擤,rth
拃,rthf
攥,rthi
擤,rthj
揪,rto
播,rtol
皤,rtol
揪,rtoy
斤,rtt
斤,rtth
敀,rty
拉,ru
拼,rua
拼,ruah
搠,rub
搠,rube
搓,rud
搓,ruda
掷,rudb
拦,ruf
拦,rufg
抖,rufh
拌,rufh
拉,rug
捫,rug
撞,ruj
撞,rujf
掸,rujf
揞,rujg
掊,ruk
掊,rukg
摘,rum
摘,rumd
擿,rump
撇,rumt
扪,run
搒,rupy
皎,ruq
皎,ruqy
撙,rus
撙,rusf
搁,rut
搁,rutk
接,ruv
接,ruvg
搛,ruvo
扫,rv
挪,rvf
挪,rvfb
挦,rvfy
扫,rvg
?,rvg
搜,rvh
搜,rvhc
招,rvk
招,rvkg
抛,rvl
抛,rvln
抛,rvlt
殷,rvn
扏,rvn
殷,rvnc
拶,rvq
拶,rvqy
捃,rvt
?,rvt
捃,rvtk
执,rvy
垫,rvyf
鸷,rvyg
絷,rvyi
蛰,rvyj
势,rvyl
贽,rvym
热,rvyo
挚,rvyr
执,rvyy
失,rw
抢,rwb
抢,rwbn
拊,rwf
拊,rwfy
拴,rwg
揆,rwgd
拴,rwgg
捡,rwgi
揄,rwgj
拾,rwgk
搿,rwgr
失,rwi
迭,rwp
迭,rwpi
?,rwu
扮,rwv
扮,rwvn
掰,rwvr
扮,rwvt
挫,rww
挫,rwwf
抡,rwx
抡,rwxn
扒,rwy
擒,rwyc
拎,rwyc
携,rwye
推,rwyg
捻,rwyn
批,rx
皀,rxb
掾,rxe
掾,rxey
掼,rxf
掼,rxfm
拇,rxg
拇,rxgu
指,rxj
指,rxjg
拂,rxjh
拗,rxl
拗,rxln
拗,rxlt
?,rxn
搦,rxu
搦,rxuu
批,rxx
批,rxxn
揩,rxxr
拇,rxyy
扩,ry
摭,rya
摭,ryao
摛,rybc
撤,ryc
撤,ryct
拄,ryg
拄,rygg
掂,ryh
掂,ryhk
抃,ryhy
斥,ryi
掠,ryiy
挤,ryj
挤,ryjh
攘,ryk
攘,ryke
擅,ryl
擅,rylg
?,ryly
搞,rym
搞,rymk
抗,rymn
护,ryn
捩,rynd
掮,ryne
护,rynt
扩,ryt
?,ryt
邀,rytp
敫,ryty
搪,ryv
搪,ryvk
掖,ryw
捽,rywf
掖,rywy
摔,ryx
摔,ryxf
搐,ryxl
抆,ryy
要,s
械,sa
械,saa
栻,saag
械,saah
栉,sab
栉,sabh
棋,sad
榧,sadd
椹,sadn
棋,sadw
柑,saf
杢,saf
柑,safg
杠,sag
框,sagg
榧,sahd
栋,sai
欂,saif
栋,saiy
模,saj
模,sajd
棤,sajg
槿,sak
槿,sakg
棫,sakg
横,sam
横,samw
柜,san
柜,sang
楪,sans
檬,sap
檬,sape
枢,saq
枢,saqy
柩,saqy
桡,sat
桡,satq
杙,say
李,sb
椰,sbb
椰,sbbh
椭,sbd
椭,sbde
李,sbf
栮,sbg
杍,sbg
邒,sbh
?,sbh
杝,sbn
权,sc
杼,scb
杼,scbh
橘,scbk
懋,scbn
楙,scbs
桶,sce
桶,sceh
树,scf
柽,scfg
树,scfy
杩,scg
杷,scn
梭,scw
梭,scwt
权,scy
榪,scy
杈,scyy
枯,sd
枯,sdg
柘,sdg
?,sdg
橱,sdgf
楔,sdh
楔,sdhd
槭,sdht
槭,sdhy
枥,sdl
枥,sdln
枥,sdlt
顶,sdm
顶,sdmy
椅,sds
椅,sdsk
梆,sdt
梆,sdtb
梼,sdtf
橛,sdu
?,sdu
橑,sdui
橛,sduw
棒,sdw
楱,sdwd
棒,sdwh
椿,sdwj
榛,sdwt
栊,sdx
栊,sdxn
栊,sdxt
杖,sdy
杕,sdy
枤,sdy
杖,sdyy
极,se
桴,seb
桴,sebg
楹,sec
楹,secl
棚,see
棚,seeg
枂,seg
杉,set
?,set
极,sey
?,sey
极,seyy
椓,seyy
村,sf
鄄,sfb
鄄,sfbh
枝,sfc
枝,sfcy
?,sfcy
桂,sff
垔,sff
桂,sffg
樗,sffn
杜,sfg
甄,sfgn
甄,sfgy
杆,sfh
植,sfhg
樾,sfht
樾,sfhy
标,sfi
剽,sfij
飘,sfiq
票,sfiu
柰,sfiu
标,sfiy
瓢,sfiy
桔,sfk
桔,sfkg
檑,sfl
檑,sflg
楠,sfm
楠,sfmf
椟,sfn
椟,sfnd
梽,sfny
桲,sfpb
歅,sfqw
材,sft
楮,sftj
榰,sftj
栲,sftn
材,sftt
栳,sftx
樯,sfu
樯,sfuk
棱,sfw
棱,sfwt
村,sfy
本,sg
醋,sga
酣,sgaf
醛,sgag
枅,sgah
醋,sgaj
酏,sgb
酏,sgbn
酸,sgc
桎,sgcf
酸,sgct
本,sgd
酉,sgd
醐,sgde
酤,sgdg
醢,sgdl
酞,sgdy
酹,sge
酹,sgef
榑,sgef
酝,sgf
酵,sgfb
酝,sgfc
酐,sgfh
酎,sgfy
枉,sgg
酽,sggd
酾,sggy
酺,sggy
丁,sgh
醵,sghe
西,sghg
杯,sgi
杯,sgiy
醒,sgj
醒,sgjg
桓,sgjg
醍,sgjh
橞,sgjn
梗,sgjq
醌,sgjx
梧,sgk
梧,sgkg
酲,sgkg
楝,sgl
楝,sgli
柄,sgm
槽,sgmj
酮,sgmk
醴,sgmu
柄,sgmw
配,sgn
醪,sgne
醑,sgne
配,sgnn
朽,sgnn
酦,sgny
醚,sgo
桠,sgog
醚,sgop
醭,sgoy
梾,sgoy
酡,sgp
,sgpe
酡,sgpx
酌,sgq
酗,sgqb
酩,sgqk
杌,sgqn
酌,sgqy
酊,sgs
酊,sgsh
栈,sgt
酢,sgtf
酷,sgtk
酪,sgtk
醺,sgto
酰,sgtq
酶,sgtu
酥,sgty
酶,sgty
枰,sgu
枰,sguh
醅,sguk
酚,sgw
醮,sgwo
酴,sgwt
酚,sgwv
酯,sgx
酯,sgxj
醉,sgy
栈,sgy
醇,sgyb
醨,sgyc
酿,sgye
醉,sgyf
酬,sgyh
醣,sgyk
醯,sgyl
醾,sgyo
相,sh
相,shg
杫,shg
椒,shi
椒,shic
棹,shj
棹,shjh
桢,shm
桢,shmy
想,shn
栌,shnt
想,shnu
朴,shy
档,si
梢,sie
梢,sieg
桫,sii
桫,siit
樘,sip
樘,sipf
??,sipq
桃,siq
桃,siqn
桄,siqn
杪,sit
杪,sitt
档,siv
档,sivg
榉,siw
榉,siwh
?,siy
查,sj
杳,sjf
查,sjg
查,sjgf
覃,sjj
榅,sjlg
榻,sjn
榻,sjng
棵,sjs
棵,sjsy
槛,sjt
槛,sjtl
榄,sjtq
棍,sjx
棍,sjxx
可,sk
楫,skb
楫,skbg
可,skd
杏,skf
枵,skg
桯,skgg
枵,skgn
杊,skh
梠,skkg
榀,skkk
柷,skqn
哥,sks
哥,sksk
歌,sksw
枳,skw
枳,skwy
楞,sl
?,slf
柶,slg
柙,slh
枷,slk
枷,slkg
朸,sln
楒,slny
梿,slpy
椤,slq
椤,slqy
楞,sly
楞,slyn
楞,slyt
机,sm
椆,smfk
柚,smg
桐,smgk
杣,smh
栅,smm
栅,smmg
樱,smmv
机,smn
桤,smnn
枫,smq
枧,smqn
枫,smqy
?,smqy
贾,smu
賈,smu
枘,smw
梣,smwn
枘,smwy
梖,smy
杨,sn
橄,snb
?,snb
朰,snb
橄,snbt
椐,snd
椐,sndg
杻,snfg
栩,sng
楣,snh
楣,snhg
榍,sni
榍,snie
樨,snih
札,snn
杞,snn
杨,snr
杨,snrt
杺,sny
杰,so
棪,sooy
杰,sou
粟,sou
?,sou
楼,sov
楼,sovg
棕,sp
迺,spd
廼,spd
棕,spf
棕,spfi
楦,spg
楦,spgg
棺,sphn
棺,spn
棺,spnn
枕,spq
椀,spqb
枕,spqn
槟,spr
槟,sprw
柠,sps
柠,spsh
桉,spv
桉,spvg
榨,spw
榨,spwf
檫,spwi
榕,spwk
榷,spwy
柁,spx
柁,spxn
构,sq
柢,sqa
柢,sqay
构,sqc
构,sqcy
桅,sqd
桅,sqdb
檐,sqdy
桷,sqe
槲,sqef
桷,sqeh
檞,sqeh
橹,sqg
橹,sqgj
栎,sqi
桃,sqiy
栎,sqiy
橡,sqj
橡,sqje
栒,sqjg
枸,sqk
橡,sqke
枸,sqkg
枹,sqnn
攀,sqq
樊,sqqd
攀,sqqr
柳,sqt
柳,sqtb
榴,sqy
榴,sqyl
杓,sqyy
析,sr
板,src
板,srcy
槔,srd
槔,srdf
楯,srfh
,srfm
柏,srg
栀,srgb
析,srh
杽,srh
株,sri
株,sriy
棉,srm
棉,srmh
槐,srq
槐,srqc
櫆,srqf
皙,srr
皙,srrf
椑,srtf
檄,sry
檄,sryt
柝,sryy
林,ss
郴,ssb
郴,ssbh
彬,sse
彬,sset
禁,ssf
禁,ssfi
栖,ssg
槱,ssgo
朾,ssh
楂,ssj
楂,ssjg
柯,ssk
柯,sskg
榃,sslf
梵,ssm
梵,ssmy
槚,ssmy
楚,ssn
楚,ssnh
焚,sso
焚,ssou
梦,ssq
梦,ssqu
森,sss
木,ssss
森,sssu
栗,ssu
婪,ssv
婪,ssvf
棼,ssw
棽,sswn
棼,sswv
林,ssy
麓,ssyx
格,st
枨,sta
枨,stay
桥,std
栝,stdg
桥,stdj
橇,stf
棰,stfg
杵,stfh
桁,stfh
杄,stfh
梏,stfk
橇,stfn
梃,stfp
棰,stg
棰,stgf
柞,sth
柞,sthf
梴,sthp
格,stk
格,stkg
榭,stm
榭,stmf
栴,stmy
楸,sto
楸,stoy
?,stqi
覆,stt
覆,sttt
?,stu
柊,stuy
梅,stx
梅,stxu
梅,stxy
枚,sty
柇,sty
样,su
栟,suah
样,sud
槎,suda
棬,sudb
样,sudh
栏,suf
栏,sufg
柈,sufh
椚,sug
柆,sug
,sugd
梓,suh
樟,suj
橦,sujf
樟,sujh
榈,suk
棓,sukg
榈,sukk
棁,sukq
椪,suog
榜,sup
榜,supy
校,suq
校,suqy
榇,sus
樽,susf
榇,susy
梯,sux
梯,suxt
要,sv
概,svc
概,svcq
根,sve
根,svey
要,svf
楗,svfp
桕,svg
棣,svi
棣,sviy
柖,svkg
朹,svn
棂,svo
棂,svoy
朷,svt
检,sw
枪,swb
枪,swbn
松,swc
松,swcy
椴,swd
椴,swdc
桧,swf
桧,swfc
栓,swg
栓,swgg
检,swgi
榆,swgj
枍,swgn
楩,swgq
橙,swgu
槌,swn
槌,swnp
梌,swty
枞,sww
麴,swwo
枞,swwy
桦,swx
桦,swxf
椎,swy
朲,swy
朳,swy
檎,swyc
柃,swyc
槜,swye
榫,swyf
椎,swyg
樵,swyo
楷,sx
椽,sxe
椽,sxey
朼,sxn
杛,sxn
楷,sxx
橼,sxxe
枇,sxxn
楷,sxxr
?,sxy
术,sy
椁,syb
椁,sybg
梳,syc
梳,sycq
桩,syf
桩,syfg
槠,syfj
柱,syg
柱,sygg
术,syi
椋,syiy
榱,syk
榱,syke
檀,syl
檀,sylg
檩,syli
杭,sym
柿,symh
槁,symk
杭,symn
枋,syn
栐,syni
杧,synn
核,synw
述,syp
述,sypi
枋,syt
椸,sytb
榔,syv
榔,syvb
桹,syve
和,t
长,ta
筇,tab
筇,tabj
箕,tad
簸,tadc
篚,tadd
箬,tadk
箕,tadw
笁,taf
簕,tafl
筐,tag
筐,tagf
箧,tagw
逄,tah
篚,tahd
逄,tahp
升,tak
笸,takf
筑,tam
,tamu
簧,tamw
筑,tamy
秬,tang
簪,taq
簪,taqj
?,tau
乇,tav
彻,tavn
彻,tavt
筮,taw
筮,taww
长,tay
?,tay
长,tayi
季,tb
竾,tbb
?,tbb
季,tbf
?,tbf
秄,tbg
?,tbh
?,tbn
彵,tbn
迤,tbp
迤,tbpv
么,tc
径,tca
径,tcag
笆,tcb
?,tcde
笃,tcf
笞,tck
笞,tckf
么,tcu
篤,tcu
私,tcy
知,td
矩,tda
甜,tdaf
矩,tdan
榘,tdas
舌,tdd
?,tdf
短,tdg
?,tdg
秙,tdg
舔,tdgn
箴,tdgt
短,tdgu
箴,tdgy
逢,tdh
逢,tdhp
夭,tdi
籍,tdij
乔,tdj
徘,tdjd
刮,tdjh
乔,tdjj
知,tdk
知,tdkg
智,tdkj
岙,tdm
岙,tdmj
乱,tdn
稽,tdnj
嵇,tdnm
乱,tdnn
适,tdp
适,tdpd
鸹,tdq
舐,tdqa
鸹,tdqg
徛,tdsk
敌,tdt
筹,tdtf
矫,tdtj
憩,tdtn
矮,tdtv
敌,tdty
矢,tdu
辞,tduh
簝,tdui
矰,tduj
矬,tdw
矬,tdwf
雉,tdwy
笼,tdx
笼,tdxb
矧,tdxh
笼,tdxr
?,tdy
秀,te
艨,teae
舡,teag
秀,teb
稃,tebg
艋,tebl
舥,tecn
租,teg
?,teg
租,tegg
徂,tegg
艚,tegj
舻,teh
舻,tehn
舟,tei
艄,teie
舯,tek
甪,tek
舯,tekh
盘,tel
筋,telb
盘,telf
筋,telr
般,tem
般,temc
磐,temd
舳,temg
舢,temh
船,temk
舰,temq
槃,tems
艉,ten
艉,tenn
透,tep
透,tepe
透,tepv
舵,tepx
鸼,teqg
秀,ter
舶,ter
?,ter
舨,terc
舶,terg
艎,terg
徭,term
舸,tes
舾,tesg
舸,tesk
艇,tet
?,tet
舴,tetf
艇,tetp
艏,teu
艟,teuf
艏,teuh
稻,tev
艘,tevc
稻,tevg
舠,tevn
舱,tew
舱,tewb
舲,tewc
艅,tewt
舭,tex
舭,texx
航,tey
航,teym
舫,teyn
舣,teyq
舫,teyt
笈,teyu
舷,teyx
行,tf
垂,tfag
丢,tfc
丢,tfcu
壬,tfd
竺,tff
玍,tff
筀,tfff
街,tffh
衎,tffh
等,tffu
待,tffy
秆,tfh
稙,tfhg
鸻,tfhg
行,tfhh
衠,tfhh
稹,tfhw
徒,tfhy
午,tfj
竿,tfj
篝,tfjf
千,tfk
郜,tfkb
靠,tfkd
告,tfkf
秸,tfkg
鹄,tfkg
造,tfkp
德,tfl
德,tfln
毛,tfn
毪,tfnh
氇,tfnj
氆,tfnj
毡,tfnk
毳,tfnn
毯,tfno
毽,tfnp
毛,tfnv
迁,tfp
廷,tfpd
迁,tfpk
迕,tfpk
颋,tfpm
先,tfq
先,tfqb
酂,tfqb
赞,tfqm
选,tfqp
筠,tfqu
箸,tft
箸,tftj
乖,tfu
穑,tfuk
乖,tfux
歃,tfvw
稑,tfwf
生,tg
垂,tga
垂,tgaf
笄,tgaj
生,tgd
箐,tge
箐,tgef
簠,tgel
竽,tgf
竽,tgfj
彺,tgg
征,tgh
眚,tghf
征,tghg
惩,tghn
重,tgj
重,tgjf
穗,tgjn
筻,tgjq
衙,tgk
衙,tgkh
籁,tgkm
簌,tgkw
熏,tgl
甥,tgll
熏,tglo
策,tgm
策,tgmi
箦,tgmu
徕,tgo
徕,tgoy
笺,tgr
秣,tgs
秣,tgsy
甡,tgtg
笺,tgu
秤,tgu
秤,tguh
秉,tgv
秉,tgvi
处,th
算,tha
算,thaj
彼,thc
彼,thcy
自,thd
篡,thdc
徘,thdd
纂,thdi
臭,thdu
乍,thf
?,thf
乍,thfd
怎,thfn
迮,thfp
片,thg
?,thg
版,thgc
牍,thgd
牌,thgf
片,thgn
牒,thgs
牖,thgy
徙,thh
衢,thhh
徙,thhy
处,thi
昝,thj
昝,thjf
咎,thk
咎,thkf
鼻,thl
齉,thle
鼾,thlf
齄,thlg
齇,thlg
鼻,thlj
劓,thlj
齁,thlk
鼽,thlv
息,thn
息,thnu
延,thp
延,thpd
臬,ths
臬,thsu
秒,ti
稍,tie
筲,tief
稍,tieg
衍,tif
衍,tifh
愆,tifn
簿,tig
簿,tigf
乑,tii
徜,tim
徜,timk
箔,tir
箔,tirf
秒,tit
秒,titt
尓,tiu
筜,tivf
得,tj
香,tjf
馞,tjfb
得,tjg
得,tjgf
笪,tjgf
筛,tjgh
利,tjh
馧,tjjl
馝,tjnt
犁,tjr
犁,tjrh
梨,tjs
梨,tjsu
稞,tjsy
复,tjt
篮,tjtl
馥,tjtt
复,tjtu
?,tju
各,tk
各,tkf
?,tkf
和,tkg
程,tkgg
种,tkh
种,tkhh
篑,tkhm
稆,tkk
筥,tkkf
稆,tkkg
禹,tkm
鄅,tkmb
筼,tkmu
禹,tkmy
积,tkw
积,tkwy
雒,tkwy
务,tl
务,tlb
血,tld
甶,tld
篾,tldt
篾,tldy
备,tlf
盉,tlf
笽,tlf
睾,tlff
箅,tlg
衃,tlgi
箅,tlgj
笚,tlj
徊,tlk
笳,tlkf
徊,tlkg
惫,tln
衄,tlnf
惫,tlnu
粤,tlo
粤,tlon
笾,tlp
笾,tlpu
箩,tlq
囱,tlqi
囟,tlqi
箩,tlqu
务,tlr
竻,tlr
衅,tlu
衅,tluf
稷,tlw
稷,tlwt
向,tm
秃,tmb
役,tmc
役,tmcy
身,tmd
射,tmdf
躺,tmdk
颓,tmdm
躯,tmdq
躲,tmds
身,tmdt
躬,tmdx
秧,tmdy
笛,tmf
稠,tmfk
微,tmg
?,tmg
秞,tmg
筒,tmgk
微,tmgt
徽,tmgt
徵,tmgt
币,tmh
秈,tmh
币,tmhk
屲,tmj
?,tmj
向,tmk
向,tmkd
奥,tmo
奥,tmod
秽,tmq
笕,tmqb
秽,tmqy
筫,tmu
凢,tmv
処,tmv
秘,tn
乞,tnb
笥,tng
笥,tngk
筷,tnn
?,tnn
筷,tnnw
迄,tnp
迄,tnpv
秘,tnt
秘,tntt
秋,to
释,toc
释,toch
穙,togy
釆,toi
番,tol
鄱,tolb
番,tolf
,tolg
翻,toln
釉,tom
釉,tomg
悉,ton
簖,tonr
悉,tonu
愁,tonu
鹙,toqg
夈,tou
篓,tov
篓,tovf
秋,toy
管,tp
稼,tpe
稼,tpey
秾,tpey
筦,tpfq
管,tphn
乏,tpi
管,tpn
管,tpnn
箢,tpq
箢,tpqb
乏,tpu
箜,tpw
箜,tpwa
称,tq
禿,tqb
稀,tqd
衡,tqdh
稀,tqdh
衔,tqf
衔,tqfh
篯,tqgr
称,tqi
称,tqiy
徇,tqj
徇,tqjg
笱,tqk
笱,tqkf
移,tqq
移,tqqy
笏,tqr
篼,tqrq
笏,tqrr
黎,tqt
黎,tqti
黧,tqto
稳,tqv
筝,tqvh
稳,tqvn
物,tr
箍,tra
箝,traf
箍,trah
筢,trc
筢,trcb
箨,trch
犄,trd
牜,trd
牻,trde
牯,trdg
犄,trdk
特,trf
犊,trfd
特,trff
牡,trfg
循,trfh
徨,trg
?,trg
篁,trgf
徨,trgg
牾,trgk
御,trh
御,trhb
篪,trhm
犋,trhw
笊,trhy
穆,tri
穆,trie
筘,trk
筘,trkf
我,trn
鹅,trng
我,trnt
我,trny
物,trq
籀,trql
篼,trqq
物,trqr
牺,trs
牺,trsg
牧,trt
稗,trtf
牲,trtg
牿,trtk
牦,trtn
牧,trty
犍,trv
犍,trvp
秩,trw
秩,trwy
牝,trx
牝,trxn
徼,try
犏,trya
犒,tryk
牤,tryn
牥,tryn
徼,tryt
条,ts
?,tsf
笨,tsg
?,tsg
徆,tsg
笨,tsgf
箱,tsh
?,tsh
箱,tshf
簟,tsj
簟,tsjj
篥,tss
篥,tssu
箖,tssu
条,tsu
秫,tsy
秫,tsyy
笔,tt
笑,ttd
篷,ttdp
笑,ttdu
笔,ttf
筶,ttfk
笔,ttfn
簉,ttfp
筅,ttfq
竹,ttg
笙,ttgf
竹,ttgh
攵,ttgy
笮,tth
簰,tthf
笮,tthf
筵,tthp
丿,ttll
篦,ttlx
秭,ttnt
笫,ttnt
夂,ttny
簃,ttqq
禾,ttt
彳,ttth
禾,tttt
秝,tty
科,tu
徉,tud
徉,tudh
箭,tue
箭,tuej
穟,tuep
笠,tuf
科,tufh
乎,tuh
乎,tuhk
简,tuj
简,tujf
箪,tujf
穜,tujf
螽,tujj
税,tuk
税,tukq
乊,tur
冬,tuu
乘,tux
剩,tuxj
乘,tuxv
委,tv
笯,tvcu
很,tve
簋,tvel
很,tvey
委,tvf
律,tvfh
箫,tvij
箓,tviu
笤,tvk
笤,tvkf
逶,tvp
逶,tvpd
魏,tvr
魏,tvrc
笋,tvt
笋,tvtr
答,tw
筏,twa
筏,twar
筏,twau
符,twf
穄,twfi
符,twfu
答,twg
籥,twga
筌,twgf
签,twgi
劄,twgj
答,twgk
簦,twgu
筱,twh
筱,twht
黍,twi
黏,twik
黍,twiu
篌,twn
篌,twnd
徐,twt
徐,twty
稌,twty
秂,twu
稚,twy
稚,twyg
稔,twyn
第,tx
龜,txd
篆,txe
胤,txen
篆,txeu
每,txg
鳘,txgg
繁,txgi
毓,txgq
敏,txgt
每,txgu
第,txh
第,txht
系,txi
系,txiu
後,txty
秕,txx
筚,txxf
秕,txxn
鳘,txyg
繁,txyi
毓,txyq
敏,txyt
每,txyy
入,ty
篱,tyb
篱,tybc
?,tyf
往,tyg
往,tygg
入,tyi
汆,tyiu
穰,tyk
穰,tyke
稿,tym
稿,tymk
篙,tymk
彷,tyn
篇,tyna
簏,tynx
籴,tyo
籴,tyou
簇,tyt
彷,tyt
?,tyt
簇,tytd
稂,tyv
稂,tyve
筤,tyve
衒,tyxh
产,u
并,ua
疘,uad
凘,uadr
疳,uaf
疳,uafd
瓶,uag
冮,uag
疟,uagd
瓶,uagn
瓶,uagy
冻,uai
冻,uaiy
并,uaj
竎,uaj
瘼,uajd
阈,uak
阈,uakg
癀,uam
癀,uamw
迸,uap
迸,uapk
痨,uapl
瘩,uaw
瘩,uawk
?,uay
闻,ub
闻,ubd
聞,ubd
兯,ubj
疗,ubk
疖,ubk
瘾,ubq
瘾,ubqn
逆,ubt
朔,ubte
塑,ubtf
癃,ubtg
逆,ubtp
槊,ubts
冯,uc
痉,uca
痉,ucad
闯,ucd
瘆,ucde
痛,uce
痛,ucek
衮,uceu
冯,ucg
?,uci
闖,uci
冶,uck
冶,uckg
兖,ucq
兖,ucqb
疤,ucv
竣,ucw
竣,ucwt
瘫,ucwy
瘙,ucy
馮,ucy
瘙,ucyj
关,ud
差,uda
差,udaf
郑,udb
卷,udbb
郑,udbh
闳,udc
羟,udca
闳,udci
羓,udcn
羧,udct
竑,udcy
闫,udd
?,udd
閆,udd
?,udd
羱,uddi
豢,ude
豢,udeu
减,udg
?,udg
?,udg
减,udgt
减,udgy
着,udh
着,udhf
眷,udhf
瘛,udhn
头,udi
羊,udj
痱,udjd
判,udjh
阉,udjn
羯,udjn
疬,udl
疬,udle
疬,udlv
羰,udm
羖,udmc
羰,udmo
羞,udn
羌,udnb
羞,udnf
翔,udng
疣,udnv
疠,udnv
送,udp
送,udpi
闼,udpi
羝,udq
鲞,udqg
鲝,udqg
羝,udqy
拳,udr
叛,udrc
拳,udrj
桊,uds
桊,udsu
关,udu
鄯,udub
善,uduk
券,udv
券,udvb
券,udvr
凑,udw
羚,udwc
凑,udwd
状,udy
誊,udyf
养,udyj
前,ue
閒,ued
疓,uee
疽,ueg
疽,uegd
前,uej
前,uejj
翦,uejn
煎,uejo
剪,uejv
痈,uek
毅,uem
毅,uemc
遂,uep
阌,uepc
遂,uepi
豙,ueu
?,ueu
瘃,uey
瘃,ueyi
半,uf
阖,ufc
阖,ufcl
?,ufd
?,ufd
兰,uff
闺,uffd
痔,uffi
壮,ufg
阗,ufh
竍,ufh
癫,ufhm
阗,ufhw
疛,ufi
半,ufk
斗,ufk
閈,ufk
闬,ufk
癗,ufld
闱,ufn
闱,ufnh
痣,ufni
闭,uft
闭,ufte
阇,uftj
凌,ufw
凌,ufwt
装,ufy
装,ufye
闰,ug
痓,ugcf
闩,ugd
闰,ugd
閂,ugd
閏,ugd
美,ugdu
靖,uge
靖,ugeg
症,ugh
症,ughd
痞,ugi
痞,ugik
辣,ugk
痦,ugkd
辣,ugki
竦,ugki
瘌,ugkj
癞,ugkm
痘,ugku
盖,ugl
盖,uglf
阑,ugli
病,ugm
病,ugmw
恙,ugn
恙,ugnu
羔,ugo
羹,ugod
痖,ugog
羔,ugou
冽,ugq
冽,ugqj
羑,ugqy
羲,ugt
羲,ugtt
羲,ugty
羡,ugu
瘗,uguf
羡,uguw
姜,ugv
姜,ugvf
凄,ugvv
冱,ugx
冱,ugxg
痍,ugxw
癍,ugy
癍,ugyg
羕,ugyi
站,uh
疲,uhc
疲,uhci
阒,uhd
?,uhd
痱,uhdd
阒,uhdi
癯,uhh
癯,uhhy
丫,uhk
?,uhk
站,uhkg
夔,uht
夔,uhtt
疵,uhx
疵,uhxv
冰,ui
痧,uii
?,uii
閖,uii
痧,uiit
阔,uit
阔,uitd
瘠,uiw
瘠,uiwe
冰,uiy
间,uj
鄣,ujb
鄣,ujbh
间,ujd
間,ujd
彰,uje
彰,ujet
音,ujf
郸,ujfb
冁,ujfe
童,ujff
单,ujfj
??,ujfn
疸,ujg
疸,ujgd
闽,uji
痋,uji
閩,uji
章,ujj
阊,ujjd
瘟,ujl
瘟,ujld
意,ujn
阘,ujnd
意,ujnu
竟,ujq
竟,ujqb
竭,ujqn
韵,ujqu
歆,ujqw
赣,ujt
赣,ujtm
戆,ujtn
韶,ujv
韶,ujvk
部,uk
部,ukb
部,ukbh
问,ukd
問,ukd
咅,ukf
?,ukf
瓿,ukg
瓿,ukgn
瓿,ukgy
冲,ukh
冲,ukhh
剖,ukj
剖,ukjh
癌,ukk
闾,ukkd
癌,ukkm
总,ukn
总,uknu
况,ukq
竞,ukqb
兑,ukqb
况,ukqn
曾,ul
痼,uld
痼,uldd
兽,ulg
痹,ulgj
兽,ulgk
曾,ulj
鄫,uljb
曾,uljf
甑,uljn
?,uljn
甑,uljy
闸,ulk
閘,ulk
?,ulk
閳,ulk
痂,ulkd
瘸,ulkw
阃,uls
阃,ulsi
瘰,ulx
瘰,ulxi
商,um
疫,umc
疫,umci
端,umd
?,umd
端,umdj
凋,umf
凋,umfk
敝,umi
閴,umi
弊,umia
鳖,umig
瞥,umih
蹩,umih
憋,umin
敝,umit
疝,umk
閊,umk
瘿,umm
瘿,ummv
竌,umn
闿,umnv
疯,umq
疯,umqi
飒,umqy
商,umw
商,umwk
决,un
癜,una
癜,unac
阚,unb
阚,unbt
翊,ung
瘕,unh
瘕,unhc
闷,uni
悶,uni
癖,unk
癖,unku
乵,unn
?,unn
疡,unr
疡,unre
?,unv
决,unw
瘳,unwe
决,unwy
普,uo
普,uog
普,uogj
焛,uoi
疢,uoi
痰,uoo
痰,uooi
瘘,uov
瘘,uovd
帝,up
帝,upm
帝,upmh
啻,upmk
遆,upmp
旁,upy
旁,upyb
旁,upyr
交,uq
阍,uqa
阍,uqaj
郊,uqb
郊,uqbh
奖,uqd
?,uqd
?,uqd
奖,uqdu
将,uqf
将,uqfy
癣,uqg
凎,uqg
癣,uqgd
浆,uqi
浆,uqiu
阄,uqj
阄,uqjn
竘,uqkg
痪,uqm
痪,uqmd
疱,uqn
疱,uqnv
?,uqqg
桨,uqs
酱,uqsg
桨,uqsu
效,uqt
效,uqty
交,uqu
净,uqv
阎,uqvd
净,uqvh
竫,uqvh
次,uqw
咨,uqwk
盗,uqwl
资,uqwm
瓷,uqwn
恣,uqwn
粢,uqwo
姿,uqwv
次,uqwy
瓷,uqwy
疚,uqy
疚,uqyi
瘤,uqyl
瓣,ur
瓣,urc
瓣,urcu
?,urk
亲,us
閪,usd
瘭,usf
,usfd
瘭,usfi
尊,usg
奠,usgd
猷,usgd
尊,usgf
酋,usgf
遵,usgp
遒,usgp
?,ush
闲,usi
閑,usi
疔,usk
閅,usk
疴,uskd
鹇,usq
鹇,usqg
新,usr
新,usrh
凓,ussy
亲,usu
凇,usw
凇,uswc
产,ut
疾,utd
疾,utdi
痴,utdk
产,ute
閁,ute
瘢,utec
彦,utee
颜,utem
彦,uter
冼,utf
冼,utfq
首,uth
首,uthf
痄,uthf
馘,uthg
道,uthp
??,uths
夔,utht
瘪,uthx
痢,utj
痢,utjk
阁,utk
阁,utkd
疙,utn
疙,utnv
疼,utu
疼,utui
痿,utv
痿,utvd
立,uu
阙,uub
阙,uubw
痒,uud
閚,uud
闁,uud
瘥,uuda
痒,uudk
竝,uug
辡,uuh
阐,uuj
阐,uujf
瘅,uujf
瘴,uujk
癔,uujn
阅,uuk
?,uuk
阅,uukq
痫,uus
痫,uusi
立,uuu
立,uuuu
妆,uv
閰,uvd
痕,uve
痕,uvei
妾,uvf
妆,uvg
瘦,uvh
瘦,uvhc
兼,uvo
鹣,uvog
兼,uvou
歉,uvow
阋,uvq
阋,uvqv
瘐,uvw
瘐,uvwi
闪,uw
阀,uwa
阀,uwae
阀,uwai
疮,uwb
疮,uwbv
疹,uwe
疹,uwee
瘵,uwf
瘵,uwfi
痊,uwg
痊,uwgd
阕,uwgd
闪,uwi
閃,uwi
疥,uwj
疥,uwjk
益,uwl
益,uwlf
鹢,uwlg
蠲,uwlj
瘊,uwn
瘊,uwnd
痤,uww
痤,uwwf
疭,uwwi
准,uwy
閄,uwy
冷,uwyc
准,uwyg
北,ux
邶,uxb
邶,uxbh
背,uxe
背,uxef
弟,uxh
鹈,uxhg
剃,uxhj
递,uxhp
弟,uxht
冀,uxl
冀,uxlw
北,uxn
凝,uxt
凝,uxth
辫,uxu
辫,uxuh
疕,uxv
兹,uxx
孳,uxxb
鹚,uxxg
慈,uxxn
兹,uxxu
六,uy
訚,uyd
誾,uyd
閍,uye
冫,uyg
疰,uygd
疒,uygg
辛,uygh
丬,uygh
六,uygy
门,uyh
门,uyhn
闵,uyi
閔,uyi
凉,uyiy
凛,uyl
凛,uyli
闹,uym
闹,uymh
闶,uymv
阂,uyn
阂,uynw
辨,uyt
丷,uyt
辨,uytu
辩,uyu
辩,uyuh
阆,uyv
阆,uyve
瘁,uyw
瘁,uywf
瘀,uywu
阏,uywu
痃,uyx
痃,uyxi
发,v
毁,va
婼,vadk
娀,vadt
媒,vaf
媒,vafs
妅,vag
姬,vah
姬,vahh
舁,vaj
嫫,vajd
毁,vam
毁,vamc
媖,vamd
妪,vaq
妪,vaqy
娆,vat
嫕,vatn
娆,vatq
嬿,vauo
?,vay
好,vb
娵,vbcy
?,vbf
好,vbg
?,vbg
媸,vbh
邚,vbh
媸,vbhj
她,vbn
婀,vbs
婀,vbsk
妈,vc
既,vca
暨,vcag
,vcag
既,vcaq
即,vcb
孥,vcbf
堲,vcbf
即,vcbh
妤,vcbh
驽,vcc
驽,vccf
砮,vcdf
?,vceh
妈,vcg
始,vck
始,vckg
努,vcl
努,vclb
努,vclr
帑,vcm
帑,vcmh
胬,vcmw
怒,vcn
妑,vcn
怒,vcnu
,vcqg
厹,vcu
弩,vcx
弩,vcxb
奴,vcy
媽,vcy
姑,vd
妭,vdcy
娠,vdf
娠,vdfe
姱,vdfn
姑,vdg
妬,vdg
媆,vdmd
嫄,vdri
婍,vdsk
?,vdu
嫽,vdui
奶,ve
垦,vef
媛,vefc
垦,veff
姐,veg
姐,vegg
艮,vei
奶,ven
恳,venu
退,vep
嫒,vepc
退,vepi
媱,verm
奶,vet
寻,vf
彟,vfac
那,vfb
那,vfbh
,vfbh
妓,vfc
妓,vfcy
妘,vfcy
嬬,vfdj
娃,vff
娃,vffg
奸,vfh
聿,vfhk
建,vfhp
妹,vfi
妹,vfiy
媾,vfj
卆,vfj
媾,vfjf
嬉,vfk
姞,vfkg
嬉,vfkk
婻,vfmf
妩,vfq
妩,vfqn
妧,vfqn
孀,vfs
孀,vfsh
姥,vft
姥,vftx
寻,vfu
婞,vfuf
嫱,vfuk
姨,vg
妍,vga
妍,vgah
婧,vge
婧,vgeg
婊,vgey
嫣,vgh
嫣,vgho
姮,vgjg
嫩,vgk
嫩,vgkt
婳,vglb
娅,vgo
娅,vgog
婕,vgv
婕,vgvh
姨,vgx
姨,vgxw
叟,vh
嫭,vhah
虓,vham
叟,vhc
叟,vhcu
婌,vhic
肀,vhk
录,vi
隶,vii
肃,vij
鹔,vijg
剥,vijh
肃,vijk
盥,vilf
逮,vip
嫦,viph
逮,vipi
逯,vipi
姚,viq
姚,viqn
妙,vit
妙,vitt
录,viu
旭,vj
旭,vjd
旮,vjf
娌,vjfg
妲,vjg
妲,vjgg
媞,vjgh
娼,vjj
娼,vjjg
媪,vjl
嫚,vjlc
媪,vjlg
巢,vjs
剿,vjsj
巢,vjsu
婫,vjxx
如,vk
邵,vkb
邵,vkbh
邕,vkc
邕,vkcb
娟,vke
娟,vkeg
召,vkf
叴,vkf
如,vkg
娱,vkgd
劭,vkl
劭,vkln
劭,vklt
娲,vkm
娲,vkmw
恕,vkn
恕,vknu
迢,vkp
迢,vkpd
絮,vkx
絮,vkxi
舅,vl
姻,vld
姻,vldy
甾,vlf
?,vlg
嬛,vlge
舆,vlgw
舅,vll
舅,vllb
舅,vllr
邋,vlq
邋,vlqp
嫘,vlx
嫘,vlxi
妯,vm
婤,vmfk
妯,vmg
娉,vmgn
爨,vmgo
璺,vmgy
奾,vmh
?,vmj
姗,vmm
姗,vmmg
?,vmy
刀,vn
?,vnb
妞,vnf
妞,vnfg
彐,vngg
媚,vnh
婿,vnhe
妞,vnhf
媚,vnhg
妃,vnn
巛,vnnn
刀,vnt
娓,vntn
鼠,vnu
?,vnu
鼷,vnud
鼫,vnud
鼱,vnue
鼯,vnuk
鼩,vnuk
鼬,vnum
鼠,vnun
鼹,vnuv
鼢,vnuv
嫪,vnwe
嬥,vnwy
妮,vnx
妮,vnxn
姒,vny
姒,vnyw
灵,vo
灵,vou
災,vou
?,vou
巡,vp
嫁,vpe
辺,vpe
嫁,vpey
婶,vpj
婶,vpjh
帚,vpm
帚,vpmh
婠,vpnn
婉,vpq
婉,vpqb
嫔,vpr
嫔,vprw
姹,vpt
姹,vpta
巡,vpv
廵,vpv
婚,vq
婚,vqa
婚,vqaj
兒,vqb
姽,vqdb
姚,vqiy
娩,vqk
娩,vqkq
舄,vqo
舄,vqou
夛,vqu
妁,vqy
鸠,vqyg
妁,vqyy
媓,vrgg
姤,vrgk
妡,vrh
姝,vri
姝,vriy
婢,vrt
婢,vrtf
杂,vs
嫖,vsf
嫖,vsfi
?,vsg
奵,vsh
杂,vsu
九,vt
妖,vtd
娇,vtdj
妖,vtdy
尹,vte
妊,vtf
妊,vtfg
姓,vtg
姓,vtgg
媳,vth
臼,vth
臼,vthg
媳,vthn
群,vtk
郡,vtkb
群,vtkd
君,vtkd
??,vtkm
媲,vtl
媲,vtlx
九,vtn
姊,vtnt
娥,vtr
娥,vtrt
娥,vtry
姀,vty
嫌,vu
姘,vua
姘,vuah
婘,vudb
媄,vugd
?,vuh
婵,vuj
婵,vujf
嫜,vujh
嫡,vum
嫡,vumd
媂,vuph
姣,vuq
姣,vuqy
娴,vus
娴,vusy
嫉,vut
嫉,vutd
馗,vuth
嫌,vuv
嫌,vuvo
娣,vux
娣,vuxt
妇,vv
娜,vvf
?,vvf
娜,vvfb
妇,vvg
奻,vvg
嫂,vvh
嫂,vvhc
女,vvv
女,vvvv
姶,vwgk
?,vwgq
臾,vwi
刅,vwi
孅,vwwg
妗,vwy
姈,vwyc
妗,vwyn
姆,vx
姆,vxg
姆,vxgu
妣,vxx
妣,vxxn
姆,vxyy
妨,vy
訄,vyd
娮,vyg
刃,vyi
丸,vyi
刄,vyi
妫,vyl
嬗,vylg
妫,vyly
妨,vyn
妒,vynt
忍,vynu
婷,vyp
婷,vyps
嬷,vys
嬷,vysc
妨,vyt
?,vyt
娘,vyv
娘,vyve
妏,vyy
人,w
代,wa
偌,wad
偌,wadk
偡,wadn
仝,waf
垡,waff
垈,waff
仜,wag
伢,wah
伢,waht
借,waj
借,wajg
偃,wajv
黛,wal
黛,walo
贷,wam
岱,wamj
贷,wamu
僭,waqj
儆,waqt
伛,waqy
牮,war
牮,warh
伐,wat
侥,watq
供,waw
供,wawy
代,way
伐,way
袋,waye
他,wb
戗,wba
戗,wbat
戗,wbay
仓,wbb
倻,wbbh
仔,wbg
佴,wbg
创,wbj
创,wbjh
他,wbn
鸧,wbqg
公,wc
颂,wcd
颂,wcdm
俑,wce
俑,wceh
瓮,wcg
?,wcg
瓮,wcgn
瓮,wcgy
佁,wckg
翁,wcn
翁,wcnf
鹟,wcng
侔,wcr
侔,wcrh
俟,wct
俟,wctd
公,wcu
俊,wcw
俊,wcwt
傩,wcwy
仅,wcy
傌,wcy
仏,wcy
估,wd
佐,wda
佐,wdag
侑,wde
侑,wdeg
侉,wdf
倴,wdfa
傉,wdff
侉,wdfn
估,wdg
仨,wdg
佦,wdg
偰,wdhd
佰,wdj
俳,wdjd
佰,wdjg
俺,wdjn
佑,wdk
佑,wdkg
段,wdm
段,wdmc
偭,wdmd
优,wdn
优,wdnn
倚,wds
倚,wdsk
做,wdt
俦,wdtf
做,wdty
僚,wdu
僚,wdui
傣,wdw
俸,wdwh
傣,wdwi
伏,wdy
?,wdy
仗,wdyy
仍,we
俘,web
俘,webg
?,wef
仴,weg
佣,weh
偁,wemf
仍,wen
?,wer
仍,wet
傒,wexd
伋,weyy
会,wf
偾,wfa
偾,wfam
会,wfc
郐,wfcb
刽,wfcj
会,wfcu
伎,wfcy
儒,wfd
儒,wfdj
侍,wff
佳,wffg
侍,wffy
仁,wfg
仕,wfg
什,wfh
仠,wfh
值,wfhg
祭,wfi
畲,wfil
祭,wfiu
佘,wfiu
俅,wfiy
癷,wfj
仐,wfj
舍,wfk
舒,wfkb
舍,wfkf
佶,wfkg
僖,wfkk
舆,wfl
舆,wflw
璺,wfm
爨,wfmo
璺,wfmy
伟,wfn
伟,wfnh
传,wfny
佬,wft
佬,wftx
佞,wfv
佞,wfvg
付,wfy
全,wg
倒,wgc
侄,wgcf
倒,wgcj
癸,wgd
戣,wgda
癸,wgdu
傅,wge
鄃,wgeb
傅,wgef
倩,wgeg
俞,wgej
愈,wgen
毹,wgen
逾,wgep
觎,wgeq
俵,wgey
全,wgf
亼,wgf
伍,wgg
仼,wgg
剑,wgi
佥,wgif
伾,wgig
剑,wgij
敛,wgit
便,wgj
便,wgjq
合,wgk
龠,wgka
弇,wgka
命,wgkb
郃,wgkb
合,wgkf
鸽,wgkg
盒,wgkl
凳,wgkm
颌,wgkm
翕,wgkn
使,wgkq
拿,wgkr
龢,wgkt
登,wgku
歙,wgkw
龛,wgkx
僵,wgl
僵,wglg
俩,wgm
俩,wgmw
债,wgmy
俪,wgmy
佤,wgn
兮,wgnb
侴,wgnj
佤,wgnn
佤,wgny
俨,wgo
俨,wgod
俫,wgoy
例,wgq
例,wgqj
傲,wgqt
侠,wgu
侠,wguw
傃,wgxi
个,wh
俳,whdd
企,whf
仩,whg
佧,whhy
俶,whic
个,whj
倬,whjh
侦,whm
侦,whmy
候,whn
候,whnd
修,wht
倏,whtd
修,whte
脩,whte
悠,whtn
翛,whtn
攸,whty
俱,whw
俱,whwy
仆,why
偿,wi
俏,wie
俏,wieg
倘,wim
倘,wimk
偿,wip
偿,wipc
傥,wipq
佻,wiq
佻,wiqn
氽,wiu
尒,wiu
?,wiy
仦,wiy
介,wj
俚,wjf
俚,wjfg
但,wjg
但,wjgg
伸,wjh
伸,wjhh
介,wjj
倡,wjjg
偶,wjm
偶,wjmy
偈,wjq
偈,wjqn
倮,wjs
倮,wjsy
保,wk
?,wkf
俣,wkg
?,wkg
俣,wkgd
促,wkh
仲,wkhh
促,wkhy
侣,wkk
侣,wkkg
侃,wkq
侃,wkqn
保,wks
堡,wksf
煲,wkso
保,wksy
佃,wl
佃,wlg
伵,wlg
偎,wlge
儇,wlge
伡,wlh
俥,wlh
伽,wlk
伽,wlkg
儡,wll
儡,wlll
仂,wln
偲,wlny
仂,wlt
仙,wm
倜,wmf
倜,wmfk
佩,wmg
伷,wmg
佩,wmgh
侗,wmgk
俜,wmgn
仙,wmh
侧,wmj
仚,wmj
侧,wmjh
仉,wmn
伣,wmqn
催,wmw
催,wmwy
亿,wn
倔,wnb
倔,wnbm
倨,wnd
倨,wndg
伺,wng
偓,wngf
伺,wngk
假,wnh
假,wnhc
僻,wnk
僻,wnku
亿,wnn
?,wnn
阜,wnnf
追,wnnp
僎,wnnw
侯,wnt
侯,wntd
佖,wntt
亾,wnv
僇,wnwe
伲,wnx
伲,wnxn
似,wny
伈,wny
似,wnyw
伙,wo
倓,wooy
偻,wov
偻,wovg
伙,woy
侎,woy
侬,wpe
侬,wpey
倧,wpfi
伫,wpg
伫,wpgg
倌,wphn
倌,wpn
倌,wpnn
傧,wpr
傧,wprw
侘,wpta
飠,wpu
倥,wpw
倥,wpwa
傕,wpwy
佗,wpx
佗,wpxn
你,wq
低,wqa
低,wqay
爷,wqb
尣,wqb
仰,wqbh
爷,wqbj
爸,wqc
爸,wqcb
儋,wqd
俙,wqdh
儋,wqdy
釜,wqf
釡,wqf
釜,wqfu
你,wqi
您,wqin
你,wqiy
佻,wqiy
像,wqj
像,wqje
佝,wqk
像,wqke
佝,wqkg
儳,wqky
侈,wqq
爹,wqqq
侈,wqqy
斧,wqr
斧,wqrj
偬,wqrn
父,wqu
?,wqvg
?,wqy
伯,wr
?,wrf
伯,wrg
件,wrh
伒,wrh
?,wrh
件,wrhh
侏,wri
侏,wriy
傀,wrq
傀,wrqc
俾,wrt
俾,wrtf
佚,wrw
佚,wrwy
休,ws
体,wsg
価,wsg
体,wsgg
仃,wsh
何,wsk
何,wskg
僳,wso
僳,wsoy
鸺,wsq
鸺,wsqg
傈,wss
傈,wssy
休,wsy
作,wt
伥,wta
伥,wtay
叙,wtc
叙,wtcy
仫,wtcy
侨,wtd
佸,wtdg
侨,wtdj
任,wtf
任,wtfg
仟,wtfh
仵,wtfh
凭,wtfm
赁,wtfm
恁,wtfn
侹,wtfp
侁,wtfq
倕,wtgf
亻,wth
作,wthf
俐,wtj
俐,wtjh
伤,wtl
畬,wtlf
伤,wtln
伤,wtlt
傻,wtlt
仡,wtn
仡,wtnn
悆,wtnu
途,wtp
途,wtpi
俄,wtr
俄,wtrt
俄,wtry
余,wtu
斜,wtuf
?,wtuf
佟,wtuy
倭,wtv
倭,wtvg
侮,wtx
侮,wtxu
侮,wtxy
八,wty
们,wu
倦,wud
倦,wudb
佯,wudh
伴,wuf
伴,wufh
位,wug
們,wug
伞,wuh
伞,wuhj
僮,wuj
僮,wujf
,wujf
倍,wuk
倍,wukg
僧,wul
僧,wulj
们,wun
傍,wup
傍,wupy
佼,wuq
佽,wuqw
佼,wuqy
僔,wusf
仒,wuu
分,wv
分,wvb
邠,wvbh
颁,wvd
颁,wvdm
健,wvf
坌,wvff
健,wvfp
?,wvg
盆,wvl
盆,wvlf
贫,wvm
岔,wvmj
贫,wvmu
仇,wvn
忿,wvnu
侵,wvp
侵,wvpc
倪,wvq
倪,wvqn
分,wvr
伊,wvt
伊,wvtt
攽,wvty
仞,wvy
仞,wvyy
从,ww
耸,wwb
耸,wwbf
伧,wwbn
佾,wwe
俎,wweg
佾,wweg
坐,wwf
侩,wwfc
坐,wwff
傺,wwfi
丛,wwg
丛,wwgf
佺,wwgg
俭,wwgi
偷,wwgj
价,wwj
价,wwjh
谷,wwk
郤,wwkb
谷,wwkf
鹆,wwkg
欲,wwkw
谼,wwkw
怂,wwn
怂,wwnu
仌,wwu
份,wwv
份,wwvn
份,wwvt
众,www
俗,wwwk
众,wwwu
人,wwww
伦,wwx
伦,wwxn
从,wwy
仈,wwy
伶,wwyc
僬,wwyo
化,wx
仑,wxb
倾,wxd
倾,wxdm
华,wxf
华,wxfj
僶,wxg
佛,wxj
佛,wxjh
货,wxm
货,wxmu
化,wxn
仳,wxx
仳,wxxn
偕,wxxr
信,wy
禽,wyb
禽,wybc
令,wyc
邻,wycb
鸰,wycg
领,wycm
翎,wycn
瓴,wycn
令,wycu
瓴,wycy
依,wye
隽,wyeb
隽,wyer
依,wyey
储,wyf
詧,wyf
储,wyfj
隼,wyfj
信,wyg
隹,wyg
住,wygg
僦,wyi
僦,wyin
倞,wyiy
侪,wyj
侪,wyjh
售,wyk
儴,wyke
售,wykf
伪,wyl
伪,wyly
伉,wym
伉,wymn
仿,wyn
偏,wyna
今,wynb
衾,wyne
含,wynk
盦,wynl
贪,wynm
颔,wynm
念,wynn
儦,wyno
焦,wyo
鹪,wyog
劁,wyoj
焦,wyou
?,wyoy
停,wyp
停,wyps
仪,wyq
仪,wyqy
集,wys
集,wysu
仿,wyt
侂,wyta
亽,wyu
食,wyv
食,wyve
俍,wyve
俯,wyw
俯,wywf
犨,wywh
伭,wyxy
雠,wyy
伩,wyy
雠,wyyy
经,x
红,xa
绒,xad
绒,xadt
绀,xaf
绀,xafg
缂,xafh
红,xag
紅,xag
练,xan
绁,xann
练,xanw
,xaqy
绕,xat
绕,xatq
弛,xb
弭,xbg
?,xbg
?,xbg
鄳,xbh
弢,xbhc
绌,xbm
绌,xbmh
弛,xbn
?,xbn
经,xc
经,xca
经,xcag
弪,xcag
纾,xcb
纾,xcbh
缀,xcc
缀,xccc
绎,xcf
绎,xcfh
绐,xck
绐,xckg
弝,xcn
紦,xcn
弘,xcy
顷,xd
绂,xdc
绂,xdcy
纮,xdcy
毋,xde
绔,xdf
缛,xdff
绔,xdfn
缄,xdg
缄,xdgt
缄,xdgy
弼,xdj
绯,xdjd
弼,xdjx
顷,xdm
缅,xdmd
顷,xdmy
绮,xds
绮,xdsk
绑,xdt
绑,xdtb
缭,xdu
缭,xdui
紎,xdy
级,xe
绷,xee
绷,xeeg
弸,xeeg
缓,xef
缓,xefc
组,xeg
组,xegg
蠡,xej
蠡,xejj
绶,xep
绶,xepc
彖,xeu
绥,xev
绥,xevg
级,xey
级,xeyy
结,xf
纭,xfc
纭,xfcy
疆,xfg
疆,xfgg
缜,xfh
?,xfh
缜,xfhw
结,xfk
毌,xfk
结,xfkg
缬,xfkm
贯,xfm
??,xfmj
贯,xfmu
续,xfn
续,xfnd
纬,xfnh
鸨,xfq
鸨,xfqg
绪,xft
绪,xftj
绫,xfw
绫,xfwt
纣,xfy
紂,xfy
线,xg
纯,xgb
纯,xgbn
绖,xgcf
彑,xgd
?,xgd
缚,xge
缚,xgef
,xgeg
纡,xgf
弖,xgf
纡,xgfh
绠,xgj
绠,xgjq
缰,xgl
缰,xglg
绩,xgm
绩,xgmy
彝,xgo
彝,xgoa
缙,xgoj
线,xgt
彘,xgtx
母,xgu
母,xgui
彘,xgx
彘,xgxx
线,xgy
引,xh
绯,xhdd
?,xhg
引,xhh
缈,xhi
缈,xhit
绰,xhj
绰,xhjh
弔,xhk
纱,xi
颍,xid
颍,xidm
绡,xie
绡,xieg
绱,xim
绱,ximk
纱,xit
纱,xitt
糸,xiu
旨,xj
旨,xjf
缇,xjg
缇,xjgh
绅,xjh
绅,xjhh
?,xjj
弗,xjk
缦,xjl
缦,xjlc
缊,xjlg
费,xjm
费,xjmu
艴,xjq
艴,xjqc
缆,xjt
缆,xjtq
绲,xjx
绲,xjxx
强,xk
缉,xkb
缉,xkbg
绢,xke
绢,xkeg
紃,xkh
缋,xkhm
缱,xkhp
强,xkj
犟,xkjh
绳,xkjn
强,xkjy
缲,xkk
缲,xkks
织,xkw
织,xkwy
细,xl
,xldy
,xlff
细,xlg
細,xlg
缳,xlge
幼,xln
缌,xlny
幼,xlt
糼,xlt
辔,xlx
缧,xlxi
辔,xlxk
纲,xm
绸,xmf
绸,xmfk
紬,xmg
?,xmg
?,xmh
?,xmkg
缨,xmm
缨,xmmv
纲,xmq
纲,xmqy
纳,xmw
纳,xmwy
纪,xn
缗,xna
缗,xnaj
纽,xnf
纽,xnfg
弓,xng
?,xng
?,xng
弓,xngn
纠,xnh
纽,xnhf
纠,xnhh
纪,xnn
幻,xnn
紀,xnn
乣,xnn
糺,xnn
幺,xnny
缪,xnw
缪,xnwe
继,xo
颎,xodm
继,xon
继,xonn
缕,xov
缕,xovg
粥,xox
鬻,xoxh
粥,xoxn
?,xoy
综,xp
综,xpf
综,xpfi
,xpfq
绽,xpg
纻,xpgg
绽,xpgh
,xpgw
绾,xphn
绾,xpn
绾,xpnn
,xpqn
缤,xpr
缤,xprw
缩,xpw
缩,xpwj
约,xq
纸,xqa
纸,xqan
绝,xqc
绝,xqcn
??,xqdh
?,xqg
弥,xqi
弥,xqiy
绚,xqj
绚,xqjg
绹,xqrm
绉,xqv
绉,xqvg
约,xqy
约,xqyy
绵,xr
弧,xrc
弧,xrcy
絈,xrg
紤,xrh
缐,xriy
绵,xrm
绵,xrmh
缴,xry
缴,xryt
缥,xsf
缥,xsfi
絤,xsg
缃,xsh
糽,xsh
缃,xshg
,xssy
?,xsy
张,xt
张,xta
绛,xtah
张,xtay
颖,xtd
疑,xtdh
肄,xtdh
颖,xtdm
缝,xtdp
乡,xte
绣,xten
绣,xtet
纤,xtf
缍,xtfg
纴,xtfg
纤,xtfh
绗,xtfh
缵,xtfm
,xtfp
??,xtgo
绺,xth
绺,xthk
??,xthp
络,xtk
络,xtkg
匕,xtn
纥,xtnn
绦,xts
绦,xtsy
终,xtu
终,xtuy
飨,xtw
飨,xtwe
弱,xu
缮,xud
绻,xudb
缮,xudk
绊,xuf
绊,xufh
?,xuh
弹,xuj
弹,xujf
??,xujn
缯,xul
缯,xulj
缔,xup
缔,xuph
绞,xuq
绞,xuqy
缣,xuv
缣,xuvo
缢,xuw
缢,xuwl
弱,xux
绨,xuxt
弱,xuxu
绿,xv
绿,xvi
绿,xviy
缫,xvj
缫,xvjs
绍,xvk
绍,xvkg
弨,xvkg
缁,xvl
缁,xvlg
?,xvn
?,xvt
糿,xvt
纫,xvy
纫,xvyy
纨,xvyy
给,xw
缎,xwd
缎,xwdc
绘,xwf
绘,xwfc
给,xwg
给,xwgk
缏,xwgq
缑,xwn
缑,xwnd
缒,xwnp
纷,xwv
纷,xwvn
纷,xwvt
纵,xww
绤,xwwk
纵,xwwy
纶,xwx
纶,xwxn
维,xwy
维,xwyg
比,xx
畿,xxa
畿,xxal
缘,xxe
缘,xxey
毕,xxf
坒,xxff
毕,xxfj
丝,xxg
繩,xxg
丝,xxgf
鸶,xxgg
毙,xxgx
纼,xxhh
绋,xxj
绋,xxjh
幽,xxm
幽,xxmk
比,xxn
弜,xxn
毖,xxnt
皆,xxr
皆,xxrf
纰,xxxn
纟,xxxx
纺,xy
缡,xyb
缡,xybc
,xybg
统,xyc
统,xycq
弶,xyiy
??,xyiy
缠,xyj
缠,xyjf
缞,xyke
,xyke
缟,xym
缟,xymk
纺,xyn
编,xyna
纺,xyt
纩,xyt
紡,xyt
弦,xyx
弦,xyxy
纹,xyy
紋,xyy
母,xyyi
主,y
度,ya
试,yaa
试,yaag
诫,yaah
度,yac
度,yaci
诺,yad
诺,yadk
谌,yadn
谋,yaf
谋,yafs
讧,yag
訌,yag
诓,yagg
讶,yah
讶,yaht
?,yai
谟,yaj
谟,yajd
?,yaji
谨,yak
谨,yakg
廑,yakg
席,yam
席,yamh
谍,yan
讵,yang
谍,yans
庹,yany
庶,yao
鹧,yaog
庶,yaoi
遮,yaop
讴,yaq
谮,yaqj
讴,yaqy
诬,yaw
诬,yaww
谎,yay
谎,yayq
离,yb
郭,ybb
郭,ybbh
诹,ybc
诹,ybcy
享,ybf
斈,ybf
斊,ybf
誀,ybg
邝,ybh
邡,ybh
亨,ybj
?,ybk
?,ybk
离,ybm
离,ybmc
诎,ybmh
訑,ybn
烹,ybo
烹,ybou
鹑,ybq
鹑,ybqg
敦,ybt
憝,ybtn
敦,ybty
亸,ybuf
熟,ybv
塾,ybvf
熟,ybvo
孰,ybvy
充,yc
弃,yca
弃,ycaj
序,ycb
袤,ycbe
序,ycbk
谲,ycbk
育,yce
育,ycef
诵,yceh
裛,yceu
译,ycf
译,ycfh
広,yci
诒,yck
诒,yckg
充,ycq
充,ycqb
诶,yctd
庆,yd
诂,ydg
詁,ydg
??,ydgt
庆,ydi
诔,ydiy
诽,ydj
诽,ydjd
齑,ydjj
庵,ydjn
斋,ydm
斋,ydmj
诚,ydn
诚,ydnt
诚,ydny
诙,ydo
诙,ydoy
庞,ydx
庞,ydxe
庞,ydxv
衣,ye
彣,yee
谖,yef
谖,yefc
诅,yeg
?,yeg
诅,yegg
裔,yem
裔,yemk
谣,yer
谣,yerm
?,yet
?,yet
衣,yeu
哀,yeu
诼,yey
诼,yeyy
计,yf
庋,yfc
庋,yfci
庄,yfd
诗,yff
诖,yffg
庤,yffi
诗,yffy
计,yfh
讦,yfh
訐,yfh
計,yfh
讲,yfj
讲,yfjh
诘,yfk
诘,yfkg
谳,yfm
谳,yfmd
读,yfn
读,yfnd
讳,yfnh
庑,yfq
庑,yfqv
诸,yft
诸,yftj
庱,yfwt
讨,yfy
討,yfy
対,yfy
主,yg
斌,yga
斌,ygah
赟,ygam
??,ygaq
主,ygd
请,yge
请,ygeg
,ygfh
证,ygh
证,yghg
,ygjn
语,ygk
语,ygkg
谏,ygl
谏,ygli
廒,ygq
廒,ygqt
评,ygu
评,yguh
让,yh
谑,yha
谑,yhag
诐,yhcy
诽,yhdd
让,yhg
訨,yhg
店,yhk
店,yhkd
卞,yhu
讣,yhy
訃,yhy
就,yi
应,yid
鹫,yidg
就,yidn
诮,yie
诮,yieg
氷,yii
勍,yiln
谠,yip
谠,yipq
京,yiu
?,yiy
廛,yjf
齊,yjf
斉,yjf
亯,yjf
廛,yjff
,yjgh
刘,yjh
?,yjh
齑,yjhg
齐,yjj
亣,yjj
剂,yjjh
谩,yjl
谩,yjlc
谒,yjq
谒,yjqn
课,yjs
裹,yjse
课,yjsy
蚉,yju
训,yk
吝,ykf
误,ykg
误,ykgd
衰,ykge
训,ykh
訓,ykh
衷,ykhe
谴,ykhp
襄,ykk
襄,ykke
谔,ykkn
瓤,ykky
识,ykw
识,ykwy
为,yl
廙,ylaw
谓,yle
谓,yleg
亩,ylf
畗,ylf
訵,ylg
??,ylge
?,ylh
库,ylk
庫,ylk
庘,ylk
亶,ylkg
鹯,ylkg
禀,ylki
颤,ylkm
??,ylnu
谡,ylw
谡,ylwt
为,yly
为,ylyi
高,ym
亢,ymb
设,ymc
设,ymcy
庙,ymd
颃,ymdm
调,ymf
调,ymfk
?,ymg
??,ymgk
讪,ymh
訕,ymh
市,ymhj
高,ymk
鄗,ymkb
敲,ymkc
高,ymkf
诇,ymkg
讥,ymn
讽,ymq
讽,ymqy
讷,ymw
讷,ymwy
记,yn
邙,ynb
?,ynb
?,ynb
邙,ynbh
戾,ynd
扉,yndd
戾,yndi
户,yne
肩,yned
肓,ynef
望,yneg
讯,ynf
讯,ynfh
诩,yng
詡,yng
词,yngk
盲,ynh
扉,ynhd
谞,ynhe
盲,ynhf
扂,ynhk
永,yni
応,yni
永,ynii
昶,ynij
鹿,ynj
鄜,ynjb
麝,ynjf
麈,ynjg
麟,ynjh
麖,ynji
麂,ynjm
麋,ynjo
鏖,ynjq
麑,ynjq
麇,ynjt
麒,ynjw
鹿,ynjx
麀,ynjx
启,ynk
扈,ynkc
启,ynkd
赢,ynky
嬴,ynky
羸,ynky
蠃,ynky
遍,ynm
扁,ynma
扃,ynmk
翩,ynmn
遍,ynmp
记,ynn
記,ynn
氓,ynna
扇,ynnd
忘,ynnu
扊,ynoo
扅,ynqq
刻,ynt
肇,ynth
綮,ynti
刻,yntj
谧,yntl
劾,yntl
颏,yntm
棨,ynts
亥,yntw
废,ynty
戽,ynu
忞,ynu
悥,ynu
戽,ynuf
亡,ynv
妄,ynvf
雇,ynw
廖,ynw
廖,ynwe
谬,ynwe
雇,ynwy
诀,ynwy
房,yny
訫,yny
房,ynye
扆,ynye
房,ynyv
变,yo
弈,yoa
弈,yoaj
孪,yob
孪,yobf
变,yoc
变,yocu
奕,yod
奕,yodu
蛮,yoj
蛮,yoju
峦,yom
峦,yomj
脔,yomw
恋,yon
恋,yonu
谈,yoo
燮,yooc
谈,yooy
迹,yop
迹,yopi
谜,yopy
鸾,yoq
銮,yoqf
鸾,yoqg
挛,yor
挛,yorj
栾,yos
栾,yosu
亦,you
?,you
娈,yov
娈,yovf
弯,yox
弯,yoxb
詸,yoy
这,yp
這,ypd
谊,ype
?,ype
谊,ypeg
豪,ypeu
,ypgg
这,ypi
膏,ypk
膏,ypke
诨,ypl
诨,yplh
亮,ypm
亮,ypmb
亭,yps
亭,ypsj
毫,ypt
诧,ypta
亳,ypta
毫,yptn
义,yq
底,yqa
底,yqay
诋,yqay
讻,yqbh
诡,yqd
诡,yqdb
谵,yqdy
廨,yqe
廨,yqeh
义,yqi
询,yqj
询,yqjg
谗,yqk
谗,yqku
庖,yqn
庖,yqnv
,yqqw
诳,yqt
诳,yqtg
谄,yqvg
诌,yqvg
诤,yqvh
诉,yr
诟,yrg
诟,yrgk
訢,yrh
?,yrh
诛,yri
诛,yriy
庍,yrk
旆,yrmh
廆,yrqc
庳,yrt
庳,yrtf
亵,yrv
亵,yrve
诉,yry
诉,yryy
订,ys
,ysfg
订,ysh
訂,ysh
床,ysi
谭,ysj
谭,ysjh
诃,ysk
庁,ysk
诃,yskg
麻,yss
魔,yssc
麽,yssc
磨,yssd
靡,yssd
麻,yssi
縻,yssi
麾,yssn
糜,ysso
摩,yssr
放,yt
旗,yta
旗,ytaw
施,ytb
施,ytbn
话,ytd
话,ytdg
旖,ytdk
诱,yte
膂,ytee
诱,yten
诱,ytet
旅,ytey
许,ytf
许,ytfh
诰,ytfk
庭,ytfp
诜,ytfq
旆,ytg
旆,ytgh
诈,yth
诈,ythf
诞,ythp
旐,ytiq
谢,ytm
谢,ytmf
旃,ytmy
旋,ytn
旋,ytnh
讫,ytnn
旎,ytnx
族,ytt
族,yttd
旌,yttg
,yttg
旄,yttn
旞,ytup
诿,ytv
诿,ytvg
诲,ytx
诲,ytxu
诲,ytxy
放,yty
訸,yty
?,yty
州,ytyh
旒,ytyq
说,yu
详,yud
?,yud
详,yudh
庠,yudk
谫,yue
谫,yuev
谰,yug
斓,yugi
谰,yugi
?,yuh
谙,yuj
谙,yujg
说,yuk
说,yukq
谪,yum
谪,yumd
谱,yuo
谱,yuoj
谤,yup
谛,yuph
谤,yupy
谘,yuqk
谚,yut
谚,yute
谦,yuv
廉,yuvo
谦,yuvo
谥,yuw
谥,yuwl
良,yv
朗,yvc
郎,yvcb
朗,yvce
塱,yvcf
?,yvcs
良,yve
鄘,yveb
庸,yveh
良,yvei
裒,yveu
,yvey
唐,yvh
鄌,yvhb
??,yvhc
廋,yvhc
唐,yvhk
康,yvi
康,yvii
诏,yvk
诏,yvkg
亹,yvmg
訅,yvn
庚,yvw
鹒,yvwg
庚,yvwi
庾,yvwi
赓,yvwm
谀,yvwy
讱,yvyy
认,yw
讼,ywc
讼,ywcy
诊,ywe
诊,ywet
府,ywf
府,ywfi
腐,ywfw
诠,ywg
诠,ywgg
谕,ywgj
庂,ywi
褒,ywk
褒,ywke
庥,yws
庥,ywsi
夜,ywt
夜,ywty
於,ywu
於,ywuy
座,yww
膺,ywwe
座,ywwf
卒,ywwf
鹰,ywwg
谶,ywwg
论,ywx
论,ywxn
讹,ywxn
认,ywy
?,ywy
谁,ywyg
谂,ywyn
谯,ywyo
率,yx
庼,yxdm
譝,yxg
率,yxi
率,yxif
紊,yxiu
诣,yxj
诣,yxjg
畜,yxl
畜,yxlf
?,yxn
雍,yxt
饔,yxte
壅,yxtf
雍,yxty
玄,yxu
庀,yxv
庇,yxx
谐,yxxr
庇,yxxv
方,yy
廓,yyb
廓,yybb
谆,yybg
?,yyd
堃,yyff
广,yyg
亠,yyg
誩,yyg
方,yygn
方,yygt
广,yygt
文,yygy
谅,yyi
谅,yyiy
廪,yyli
丶,yyll
访,yyn
讠,yyn
谝,yyna
庐,yyne
该,yynw
议,yyq
议,yyqy
访,yyt
訪,yyt
廊,yyv
廊,yyvb
谇,yyw
谇,yywf
言,yyy
言,yyyy
世,a
七,a
苏,a
戈,a
工,aa
戒,aa
萨,ab
其,ad
斯,ad
期,ad
项,ad
若,ad
苦,ad
甚,ad
藏,ad
菲,ad
欺,ad
藏,adn
斯,adw
基,adw
期,adw
甚,adw
欺,adw
散,ae
某,af
著,af
勒,af
鞋,af
甘,af
鞋,aff
莱,ag
巧,ag
戈,ag
巧,agn
戈,agn
雅,ah
臣,ah
邪,ah
卧,ah
菲,ahd
卧,ahn
雅,aht
邪,aht
落,ai
范,ai
薄,ai
荡,ai
莎,ai
茫,ai
莎,aii
草,aj
莫,aj
幕,aj
蓝,aj
慕,aj
墓,aj
葛,aj
幕,ajd
慕,ajd
墓,ajd
勤,ak
惑,ak
勤,akg
惑,akg
燕,aku
苏,al
莲,al
苗,al
英,am
黄,am
恐,am
恐,amy
艺,an
巨,an
营,ap
劳,ap
荣,ap
蒙,ap
蒙,apf
获,aq
警,aq
欧,aq
敬,aq
艾,aq
匹,aq
葡,aq
警,aqk
医,at
莉,at
董,at
蒂,au
萧,av
花,aw
茶,aw
芬,aw
荷,aw
苍,aw
恭,aw
恭,awn
荷,aws
荒,ay
蓄,ay
荒,ayn
也,b
子,b
耳,b
耶,bb
聚,bc
随,bd
阻,be
阻,beg
陆,bf
陵,bf
耳,bg
隔,bg
函,bi
孟,bl
了,bn
孔,bn
也,bnh
院,bp
陶,bq
陷,bq
聊,bq
隐,bqv
隆,bt
障,bu
陪,bu
聪,bu
聪,buk
除,bw
险,bw
阶,bw
附,bw
孩,by
孩,byn
又,c
马,c
巴,c
矣,c
劲,ca
驱,ca
预,cb
予,cb
柔,cb
矛,cb
柔,cbt
又,cc
桑,cc
桑,ccc
骑,cd
通,ce
勇,ce
熊,ce
熊,cex
圣,cf
驶,ck
巴,cn
欢,cq
鸡,cq
验,cw
骗,cy
骗,cyn
大,d
而,d
三,d
古,d
础,db
雄,dc
码,dc
套,dd
厉,dd
励,dd
厌,dd
大,ddd
励,ddn
有,de
郁,de
压,df
奔,df
唇,df
奈,df
辱,df
夸,df
唇,dfe
辱,dfe
感,dg
研,dg
石,dg
古,dg
厂,dg
威,dg
硬,dg
厨,dg
感,dgk
厨,dgk
石,dgt
在,dh
存,dh
破,dh
夏,dh
慧,dh
艳,dh
戚,dh
耕,di
非,dj
悲,dj
厚,dj
辈,dj
碍,dj
奋,dl
而,dm
布,dm
页,dm
耐,dm
面,dmj
耐,dmj
万,dn
尤,dn
盛,dn
迈,dn
盛,dnn
牵,dp
碗,dp
确,dq
愿,dr
愿,dri
奇,ds
奇,dsk
故,dt
邦,dt
寿,dt
帮,dtb
碰,du
泰,dw
奉,dw
秦,dw
奏,dw
泰,dwi
袭,dx
态,dy
丈,dy
矿,dy
碎,dy
用,e
月,e
乃,e
腊,ea
盈,ec
月,ee
鹏,ee
貌,ee
貌,eer
脚,ef
肚,ef
脚,efc
县,eg
助,eg
悬,eg
悬,egc
爵,el
胁,el
股,em
乃,en
受,ep
逐,ep
胞,eq
脆,eq
脾,er
彩,es
腰,es
胜,et
乃,et
用,etn
脱,eu
腾,eu
胖,eu
膀,eu
腿,ev
脑,ey
脏,ey
脉,ey
脉,eyn
十,f
二,f
云,f
土,f
域,fa
塔,fa
戴,fa
裁,fa
截,fa
堪,fa
霸,fa
域,fak
戴,fal
塔,faw
去,fc
动,fc
却,fc
运,fc
云,fc
埃,fc
魂,fc
劫,fc
劫,fcl
需,fd
震,fd
土,ff
款,ff
封,ff
墙,ff
坛,ff
土,fff
封,fff
墙,ffu
十,fg
干,fg
士,fg
雨,fg
坏,fg
博,fg
寸,fg
干,fgg
士,fgh
雨,fgh
寸,fgh
起,fh
走,fh
真,fh
越,fh
赶,fh
超,fh
赵,fh
趣,fh
坡,fh
趋,fh
赴,fh
址,fh
赶,fhf
趋,fhq
求,fi
未,fi
救,fi
救,fiy
朝,fj
刊,fj
坦,fj
韩,fj
井,fj
埋,fj
堤,fj
翰,fj
韩,fjf
堤,fjg
喜,fk
露,fk
鼓,fk
嘉,fk
圳,fk
彭,fk
袁,fk
露,fkh
鼓,fku
嘉,fku
彭,fku
雷,fl
击,fm
献,fm
献,fmu
声,fn
场,fn
专,fn
块,fn
卖,fn
违,fn
亏,fn
韦,fn
霞,fn
违,fnh
霞,fnh
场,fnr
卖,fnu
赫,fo
索,fp
勃,fp
元,fq
远,fq
均,fq
都,ft
者,ft
老,ft
教,ft
考,ft
雾,ft
孝,ft
教,ftb
都,ftj
境,fu
幸,fu
培,fu
丧,fu
规,fw
替,fw
堆,fw
零,fw
霍,fw
零,fwy
霍,fwy
五,g
王,g
戋,g
形,ga
型,ga
武,ga
弄,ga
刑,ga
型,gaj
刑,gaj
顿,gb
顿,gbn
至,gc
致,gc
玛,gc
到,gcf
致,gcf
吞,gd
青,ge
静,ge
甫,ge
球,gf
玩,gf
一,gg
王,gg
环,gg
琴,gg
瑟,gg
戋,gg
戋,ggg
政,gh
正,gh
玻,gh
还,gi
否,gi
更,gj
惠,gj
带,gk
整,gk
副,gk
速,gk
束,gk
融,gk
赖,gk
吾,gk
逼,gk
豆,gk
整,gki
速,gki
赖,gki
逼,gkl
两,gm
再,gm
责,gm
丽,gm
瑞,gm
刺,gm
遭,gm
曹,gm
遭,gma
两,gmw
瓦,gn
瓦,gnn
亚,go
严,go
恶,go
灭,go
晋,go
恶,gog
晋,gog
死,gq
烈,gq
残,gq
殊,gq
裂,gq
殖,gq
烈,gqj
裂,gqj
碧,gr
琳,gs
麦,gt
夹,gu
素,gx
毒,gx
班,gy
璃,gy
目,h
止,h
虎,h
卜,h
虑,ha
虚,ha
颇,hc
非,hdh
悲,hdh
辈,hdh
上,hh
目,hh
卡,hh
卜,hh
止,hhg
督,hi
叔,hi
频,hi
督,hic
桌,hj
卓,hj
点,hk
战,hk
睁,hq
睡,htf
瞧,hw
龄,hw
盼,hw
瞪,hw
龄,hwb
些,hx
紫,hx
柴,hx
小,i
满,ia
港,ia
洪,ia
汇,ia
鸿,ia
漠,ia
灌,ia
渠,ia
满,iag
渠,ian
鸿,iaq
港,iaw
治,ic
泽,ic
涌,ic
源,id
湖,id
涛,id
浮,ie
溪,ie
潮,if
洁,if
污,if
汗,if
潜,if
尘,if
清,ig
添,ig
浅,ig
波,ih
泪,ih
婆,ih
涉,ih
淑,ih
婆,ihc
淑,ihi
消,ii
沙,ii
温,ij
混,ij
漫,ij
湿,ij
渴,ij
漫,ijl
油,im
尚,im
测,im
沿,im
洞,im
滑,im
洞,img
尚,imk
泥,in
汤,in
常,ip
党,ip
觉,ip
深,ip
演,ip
沉,ip
堂,ip
掌,ip
沈,ip
赏,ip
浓,ip
尝,ip
滨,ip
浑,ip
常,ipk
堂,ipk
掌,ipk
赏,ipk
觉,ipm
逃,iq
辉,iq
沟,iq
溜,iq
耀,iq
耀,iqn
辉,iqp
溜,iqy
派,ir
激,ir
汽,ir
浙,ir
河,is
酒,is
漂,is
酒,isg
活,it
海,it
省,it
洛,it
澳,it
洗,it
泛,it
沃,it
浩,it
劣,it
潘,it
沃,itd
浩,itf
潘,ito
滚,iu
润,iu
滴,iu
滋,iu
润,iug
津,iv
染,iv
梁,iv
津,ivf
举,iw
誉,iw
涂,iw
誉,iwy
济,iy
流,iy
游,iy
洲,iy
湾,iy
浪,iy
渡,iy
游,iyt
日,j
早,j
曰,j
晓,ja
暴,ja
坚,jc
贤,jc
盟,je
暖,je
里,jf
野,jf
是,jg
题,jg
师,jg
晴,jg
旦,jg
旺,jg
题,jgh
曰,jh
申,jh
冒,jh
虫,jh
畅,jh
曰,jhn
虫,jhn
畅,jhn
日,jj
日,jjj
曼,jl
曙,jlf
映,jm
愚,jm
遇,jmh
愚,jmh
蛇,jp
易,jq
昂,jq
歇,jq
颗,js
星,jt
监,jt
临,jt
览,jt
鉴,jt
监,jty
览,jty
鉴,jty
照,jv
昭,jv
照,jvk
影,jy
影,jyi
口,k
川,k
吗,kc
叹,kc
唉,kc
喊,kd
喊,kdg
味,kf
吐,kf
喷,kf
号,kg
吴,kg
吓,kg
吨,kg
吁,kg
吁,kgf
路,kh
跟,kh
足,kh
跑,kh
嘴,kh
贵,kh
跳,kh
遗,kh
忠,kh
践,kh
距,kh
跃,kh
跨,kh
踏,kh
踪,kh
跌,kh
贵,khg
遗,khg
踏,khi
跳,khq
跃,kht
喝,kj
唱,kj
口,kk
品,kk
器,kk
哭,kk
骂,kk
患,kk
串,kk
哭,kkd
患,kkh
口,kkk
别,kl
喂,kl
喂,klg
吊,km
呢,kn
兄,kq
吹,kq
吻,kq
鸣,kq
唤,kq
啦,kr
呵,ks
吃,kt
响,kt
咱,kt
川,kt
哦,kt
川,kth
咬,ku
哈,kw
唯,kw
吟,kw
唯,kwy
吟,kwy
哼,ky
嚷,ky
四,l
车,l
田,l
轲,l
轰,lc
罪,ld
恩,ld
固,ld
转,lf
团,lf
黑,lf
围,lf
置,lf
园,lf
罢,lf
默,lf
署,lf
墨,lf
置,lfh
围,lfn
默,lfo
墨,lfo
署,lft
国,lg
辆,lg
甲,lh
罪,lhd
四,lhn
甲,lhn
回,lk
架,lk
圆,lk
辑,lk
贺,lk
驾,lk
圆,lkm
田,ll
连,lp
软,lq
逻,lq
暂,lr
轲,ls
图,lt
略,lt
轿,lt
圈,lu
界,lw
输,lw
轮,lw
由,m
山,m
贝,m
骨,m
典,ma
贼,ma
贼,mad
岸,md
岩,md
岸,mdf
周,mf
赌,mf
雕,mf
雕,mfk
赌,mft
峡,mg
赋,mg
贝,mh
幅,mh
贴,mh
帽,mh
帕,mh
帐,mh
巾,mh
贴,mhk
由,mhn
贝,mhn
山,mm
岗,mm
册,mmg
凯,mn
崇,mp
见,mq
刚,mq
网,mq
岁,mq
购,mq
败,mt
峰,mt
账,mt
肉,mw
幽,mxx
丹,my
心,n
已,n
己,n
巳,n
展,na
异,na
懂,na
惜,na
慌,na
殿,na
惜,naj
屈,nb
惨,nc
剧,nd
忧,nd
恢,nd
层,nf
迅,nf
慰,nf
愤,nf
丑,nf
慎,nf
情,ng
司,ng
屋,ng
悟,ng
懒,ng
悟,ngk
懒,ngk
惧,nh
眉,nh
蛋,nh
疏,nh
丑,nhf
壁,nk
臂,nk
避,nku
壁,nku
臂,nku
翼,nl
刷,nm
已,nn
己,nn
书,nn
快,nn
局,nn
尸,nn
羽,nn
忌,nn
巳,nn
尸,nng
巳,nng
已,nnn
发,nt
性,nt
改,nt
属,nt
尾,nt
悔,nt
履,nt
飞,nu
买,nu
悦,nu
屏,nu
买,nud
怜,nw
恰,nw
惟,nw
怜,nwy
惯,nx
以,ny
尽,ny
惊,ny
忙,ny
迟,ny
翠,ny
尺,ny
恼,ny
惊,nyi
翠,nyw
业,o
火,o
米,o
烧,oa
炼,oa
炼,oan
烦,od
糊,od
精,og
糟,og
糟,ogm
爆,oj
火,oo
燃,oq
煌,org
炸,ot
烂,ou
烂,ouf
数,ov
粮,oy
炉,oy
糖,oy
糖,oyv
家,p
之,p
宏,pd
寄,pd
割,pd
割,pdh
农,pe
宜,pe
完,pf
赛,pf
塞,pf
宗,pf
寒,pf
冠,pf
赛,pfj
塞,pfj
冠,pfq
写,pg
富,pg
宣,pg
室,pg
宝,pg
宇,pg
官,phn
宴,pj
密,pn
牢,pr
宋,ps
额,pt
宪,pt
宅,pt
额,ptk
初,pu
被,pu
补,pu
袖,pu
衫,pu
裕,pu
裤,pu
被,puh
案,pv
究,pw
容,pw
突,pw
穿,pw
察,pw
窗,pw
穷,pw
宿,pw
窝,pw
穿,pwa
宿,pwd
察,pwf
窝,pwk
礼,py
神,py
视,py
福,py
祖,py
祝,py
祥,py
礼,pyn
多,q
金,q
错,qa
昏,qa
昏,qaj
迎,qb
怨,qb
希,qd
危,qd
解,qe
触,qe
触,qej
镇,qf
镇,qfh
印,qg
鲁,qg
鲜,qg
鱼,qg
铺,qg
钻,qh
尔,qi
销,qi
锁,qi
逃,qip
象,qj
句,qk
够,qk
钟,qk
免,qk
勉,qk
象,qke
钟,qkh
够,qkq
勉,qkq
链,ql
钢,qm
铜,qm
铜,qmg
馆,qn
饭,qn
乌,qn
饰,qn
饮,qn
饱,qn
饿,qn
饱,qnq
饰,qnt
金,qq
钦,qq
金,qqq
忽,qr
锦,qr
匆,qr
杀,qs
独,qt
犯,qt
狂,qt
狗,qt
猛,qt
犹,qt
猜,qt
狠,qt
锋,qt
狱,qt
猫,qt
卿,qt
猪,qt
夕,qt
狼,qt
猫,qta
猛,qtb
犹,qtd
猪,qtf
猜,qtg
夕,qtn
卿,qtv
狱,qty
镜,qu
银,qv
急,qv
键,qv
皱,qv
键,qvf
皱,qvh
铃,qw
铃,qwy
留,qy
贸,qy
岛,qy
鸟,qy
岛,qyn
鸟,qyn
留,qyv
手,r
气,r
白,r
斤,r
措,ra
描,ra
摸,ra
拒,ra
撒,ra
搭,ra
摸,raj
搭,raw
摄,rb
摄,rbc
把,rc
择,rc
抬,rc
返,rc
瓜,rc
挨,rc
摊,rc
排,rd
拜,rd
振,rd
拔,rd
扰,rd
掩,rd
捧,rd
拜,rdf
掩,rdj
摇,re
拥,re
授,re
援,re
技,rf
质,rf
挂,rf
扶,rf
盾,rf
抚,rf
挂,rff
兵,rg
皇,rg
捕,rg
岳,rg
捷,rg
抹,rg
看,rh
掉,rh
牛,rh
扑,rh
爬,rh
扯,rh
披,rh
排,rhd
年,rhf
爬,rhy
挑,ri
泉,ri
挡,ri
担,rj
揭,rj
提,rjg
操,rk
损,rk
捐,rk
捉,rk
舞,rl
摆,rl
制,rm
投,rm
缺,rm
制,rmh
气,rn
据,rn
扬,rn
握,rn
扎,rn
拟,rn
扭,rn
拨,rn
氛,rn
扭,rnh
所,rnr
按,rp
挥,rp
控,rp
探,rp
迫,rp
擦,rp
挖,rp
探,rpw
擦,rpw
挖,rpw
的,rq
抱,rq
鬼,rq
抵,rq
欣,rq
挣,rq
挑,rqi
挣,rqv
白,rr
抓,rr
拍,rr
哲,rr
逝,rr
誓,rr
抓,rrh
誓,rry
托,rt
括,rt
播,rt
插,rt
挺,rt
拖,rt
搬,rt
斤,rt
挺,rtf
播,rto
接,ru
摘,ru
抖,ru
拼,ru
撞,ru
抖,ruf
热,rv
势,rv
执,rv
招,rv
搜,rv
抛,rv
热,rvy
势,rvy
推,rw
抢,rw
拾,rw
扮,rw
拾,rwg
推,rwy
指,rx
护,ry
抗,ry
搞,ry
邀,ry
挤,ry
撤,ry
抗,rym
邀,ryt
西,s
木,s
丁,s
模,sa
横,sa
棋,sa
柜,sa
框,sa
框,sag
树,sc
顶,sd
椅,sd
材,sf
标,sf
票,sf
杜,sf
植,sf
枝,sf
飘,sf
桂,sf
植,sfh
票,sfi
飘,sfi
丁,sg
西,sg
配,sg
醒,sg
杯,sg
醉,sg
酸,sg
酷,sg
西,sgh
酷,sgt
想,sh
朴,sh
桃,si
哥,sk
歌,sk
歌,sks
贾,sm
楼,so
柳,sq
桃,sqi
板,sr
棉,sr
柏,sr
木,ss
梦,ss
楚,ss
禁,ss
森,ss
柯,ss
木,sss
梅,st
桥,st
覆,st
枚,st
校,su
梯,su
栏,su
根,sv
概,sv
松,sw
枪,sw
检,swg
述,sy
核,sy
柱,sy
杭,sy
核,syn
德,t
竹,t
禾,t
升,ta
彻,ta
筑,ta
彻,tav
私,tc
径,tc
乱,td
适,td
短,td
智,td
敌,td
乔,td
辞,td
筹,td
籍,td
甜,td
矩,td
逢,td
笼,td
舌,td
甜,tda
籍,tdi
智,tdk
筹,tdt
辞,tdu
盘,te
船,te
般,te
透,te
航,te
租,te
船,tem
等,tf
先,tf
德,tf
告,tf
造,tf
选,tf
千,tf
待,tf
毛,tf
靠,tf
街,tf
午,tf
赞,tf
徒,tf
丢,tf
迁,tf
廷,tf
垂,tfa
待,tff
等,tff
街,tff
行,tfh
徒,tfh
告,tfk
造,tfk
靠,tfk
廷,tfp
选,tfq
赞,tfq
重,tg
策,tg
征,tg
垂,tg
自,th
算,th
怎,th
息,th
片,th
版,th
牌,th
延,th
彼,th
鼻,th
臭,th
臭,thd
怎,thf
版,thg
牌,thg
稍,ti
利,tj
复,tj
香,tj
篮,tj
篮,tjt
和,tk
种,tk
程,tk
积,tk
程,tkg
备,tl
血,tl
身,tm
微,tm
奥,tm
射,tm
币,tm
躺,tm
躲,tm
役,tm
徽,tm
射,tmd
躺,tmd
躲,tmd
徽,tmg
翻,to
释,to
番,to
悉,to
愁,to
翻,tol
愁,ton
乏,tp
管,tph
稳,tq
移,tq
黎,tq
衡,tq
稀,tq
衡,tqd
我,tr
特,tr
牧,tr
循,tr
牲,tr
穆,tr
秩,tr
牺,tr
御,tr
循,trf
牲,trt
箱,ts
笑,tt
竹,tt
禾,tt
乎,tu
简,tu
税,tu
冬,tu
乘,tu
剩,tu
箭,tu
科,tuf
剩,tux
很,tv
律,tv
律,tvf
徐,tw
签,tw
符,tw
签,twg
系,tx
每,tx
繁,tx
敏,tx
每,txy
繁,txy
敏,txy
往,ty
篇,ty
稿,ty
篇,tyn
门,u
立,u
六,u
辛,u
瓶,ua
疗,ub
塑,ub
塑,ubt
痛,uc
着,ud
头,ud
送,ud
善,ud
养,ud
差,ud
状,ud
判,ud
减,ud
卷,ud
郑,ud
羊,ud
拳,ud
券,ud
羞,ud
凑,ud
卷,udb
判,udj
善,udu
养,udy
剪,ue
毅,ue
遂,ue
剪,uej
装,uf
兰,uf
斗,uf
闭,uf
壮,uf
凌,uf
美,ug
病,ug
盖,ug
症,ug
美,ugd
疲,uh
站,uhk
阔,ui
意,uj
单,uj
音,uj
章,uj
竟,uj
童,uj
韵,uj
单,ujf
童,ujf
韵,ujq
问,uk
总,uk
况,uk
冲,uk
竞,uk
竞,ukq
端,um
疯,um
闷,un
旁,up
将,uq
次,uq
资,uq
效,uq
奖,uq
净,uq
盗,uq
姿,uq
资,uqw
盗,uqw
姿,uqw
新,us
尊,us
闲,us
遵,us
遵,usg
道,ut
首,ut
疾,ut
颜,ut
阁,ut
疼,ut
颜,ute
道,uth
阅,uu
兼,uv
瘦,uv
痕,uv
准,uw
益,uw
冷,uw
冷,uwy
弟,ux
背,ux
递,ux
凝,ux
慈,ux
兹,ux
递,uxh
慈,uxx
门,uy
闹,uy
辛,uy
凉,uy
辩,uy
六,uyg
辛,uyg
凉,uyi
女,v
九,v
刀,v
媒,va
她,vb
即,vc
始,vc
既,vc
努,vc
怒,vc
奴,vc
姐,ve
退,ve
那,vf
建,vf
妹,vf
娃,vf
建,vfh
妙,vi
肃,vi
姚,vi
召,vk
妮,vn
嫁,vp
姚,vqi
群,vt
君,vt
姓,vt
姊,vt
娇,vt
娇,vtd
君,vtk
姊,vtn
女,vv
娜,vv
嫂,vv
姆,vxy
娘,vy
忍,vy
忍,vyn
几,w
八,w
登,w
供,wa
借,wa
袋,wa
贷,wa
伐,wa
袋,way
创,wb
仔,wb
仅,wc
俊,wc
翁,wc
做,wd
优,wd
段,wd
伏,wd
仗,wd
仗,wdy
什,wf
传,wf
值,wf
伟,wf
付,wf
仁,wf
舍,wf
佳,wf
舒,wf
侍,wf
佳,wff
值,wfh
舒,wfk
传,wfn
合,wg
使,wg
便,wg
命,wg
倒,wg
拿,wg
例,wg
剑,wg
登,wg
伍,wg
愈,wg
债,wg
俩,wg
傲,wg
傅,wg
愈,wge
使,wgk
命,wgk
拿,wgk
登,wgk
债,wgm
傲,wgq
企,wh
候,wh
修,wh
仆,wh
俱,wh
悠,wh
悠,wht
倘,wi
但,wj
伸,wj
偶,wj
倡,wj
倡,wjj
促,wk
堡,wk
仲,wk
仲,wkh
堡,wks
佩,wm
侧,wm
似,wn
假,wn
追,wn
侯,wn
追,wnn
像,wq
父,wq
您,wq
低,wq
爷,wq
爸,wq
仰,wq
爹,wq
仰,wqb
您,wqi
像,wqk
爹,wqq
件,wr
体,ws
何,ws
任,wt
八,wt
余,wt
伤,wt
俄,wt
途,wt
凭,wt
斜,wt
傻,wt
叙,wt
侨,wt
凭,wtf
作,wth
傻,wtl
斜,wtu
位,wu
伴,wu
倍,wu
伊,wv
健,wv
贫,wv
侵,wv
仇,wv
盆,wv
人,ww
众,ww
坐,ww
价,ww
份,ww
伦,ww
欲,ww
偷,ww
谷,ww
俗,ww
丛,ww
偷,wwg
欲,wwk
人,www
俗,www
华,wx
佛,wx
货,wx
倾,wx
今,wy
住,wy
领,wy
集,wy
令,wy
念,wy
依,wy
停,wy
食,wy
含,wy
仿,wy
售,wy
偏,wy
仪,wy
储,wy
邻,wy
焦,wy
伪,wy
贪,wy
领,wyc
邻,wyc
住,wyg
今,wyn
念,wyn
含,wyn
偏,wyn
贪,wyn
母,x
弓,x
幺,x
练,xa
绕,xa
组,xe
缓,xe
续,xf
贯,xf
绪,xf
疆,xf
母,xg
绩,xg
纯,xg
费,xj
弗,xj
织,xk
绳,xk
绳,xkj
幼,xl
纳,xm
幻,xn
纽,xn
纠,xn
弓,xn
幺,xn
纽,xnh
幺,xnn
缩,xp
绝,xq
纸,xq
弥,xq
乡,xt
终,xt
疑,xt
络,xt
缝,xt
疑,xtd
缝,xtd
弹,xu
绍,xv
维,xw
纷,xw
纵,xw
绘,xw
丝,xx
毕,xx
缘,xx
皆,xx
幽,xx
统,xy
母,xy
编,xy
缠,xy
编,xyn
母,xyy
方,y
文,y
言,y
广,y
席,ya
试,ya
诺,ya
谋,ya
谨,ya
熟,yb
享,yb
敦,yb
郭,yb
育,yc
译,yc
弃,yc
诚,yd
庞,yd
哀,ye
讲,yf
读,yf
诗,yf
讨,yf
庄,yf
诸,yf
语,yg
请,yg
证,yg
评,yg
店,yh
应,yi
京,yi
就,yid
刘,yj
齐,yj
课,yj
识,yk
误,yk
衰,yk
衰,ykg
库,yl
谓,yl
亩,yl
颤,yl
颤,ylk
市,ym
设,ym
调,ym
敲,ym
庙,ym
市,ymh
敲,ymk
望,yn
房,yn
户,yn
刻,yn
讯,yn
永,yn
词,yn
忘,yn
遍,yn
亡,yn
肩,yn
启,yn
废,yn
赢,yn
扇,yn
望,yne
肩,yne
词,yng
赢,ynk
忘,ynn
扇,ynn
废,ynt
谈,yo
亦,yo
迹,yo
恋,yo
弯,yo
亮,yp
毫,yp
豪,yp
谊,yp
亭,yp
豪,ype
底,yq
询,yq
床,ys
麻,ys
摩,ys
磨,ys
魔,ys
摩,yss
磨,yss
魔,yss
话,yt
许,yt
施,yt
族,yt
州,yt
谢,yt
旅,yt
庭,yt
旗,yt
旋,yt
诱,yt
诞,yt
旅,yte
庭,ytf
诞,yth
州,yty
廉,yu
详,yu
廉,yuv
康,yv
唐,yv
朗,yv
郎,yv
郎,yvc
论,yw
府,yw
谁,yw
夜,yw
座,yw
腐,yw
腐,ywf
谁,ywy
玄,yx
文,yy
议,yy
该,yy
言,yy
广,yy
访,yy
廊,yy
谅,yy
方,yyg
文,yyg
该,yyn
水,i
序,yc
