工,aaaa
式,aad
匿,aadk
慝,aadn
葚,aadn
萁,aadw
苷,aaff
甙,aafd
芽,aaht
戒,aak
苣,aanf
荛,aatq
节,abj
荫,abef
茸,abf
邛,abh
蒸,abio
菡,abib
荪,abiu
茁,abmj
芤,abnb
菰,abry
萨,abut
芭,acb
茎,acaf
蓣,acbm
茅,acbt
苔,ackf
基,adwf
莽,adaj
蕻,adaw
苊,adbb
茇,adcu
戎,ade
葫,adef
苦,adf
蓐,adff
萘,adfi
葳,adgt
荐,adhb
葜,adhd
茬,adhf
藉,adij
藕,adiy
菲,adjd
匪,adjd
若,adkf
惹,adkn
苈,adlb
项,admy
蒇,admt
茂,adnt
藏,adnt
蕨,aduw
其,adwu
戡,adwa
期,adwe
斟,adwf
綦,adwi
勘,adwl
甚,adwn
斯,adwr
蓁,adwt
欺,adww
茏,adxb
菜,aesu
艿,aeb
菔,aebc
莩,aebf
藐,aeeq
蒯,aeej
苴,aegf
散,aety
蕤,aetg
藤,aeui
荽,aevf
芨,aeyu
革,afj
鞯,afab
鞴,afae
邯,afbh
靶,afcn
鞣,afcs
芸,afcu
芰,afcu
甘,afd
薷,afdj
鞑,afdp
芏,aff
鞋,afff
鞲,afff
葑,afff
蒜,afii
鞘,afie
靼,afjg
薹,afkf
勒,afln
蕾,aflf
贰,afmi
鞅,afmd
苇,afnh
鞍,afpv
荸,afpb
鞠,afqo
芜,afqb
芫,afqb
鞔,afqq
莰,afqw
鞫,afqy
靳,afrh
某,afsu
著,aftj
蓍,aftj
鞒,aftj
蔷,afuk
鞭,afwq
菱,afwt
芙,afwu
靴,afwx
藿,afwy
七,agn
荆,agaj
匡,agd
莆,agey
菁,agef
芋,agfj
廿,aghg
艹,aghh
蔫,agho
苤,agig
蕙,agjn
蔌,agkw
芾,agmh
颟,agmm
匚,agn
巧,agnn
戈,agnt
弋,agny
莱,agou
葬,agqa
薤,agqg
茉,agsu
廾,agth
苹,aguh
荚,aguw
萋,agvv
荑,agxw
牙,ahte
蘧,ahap
芷,ahf
苜,ahf
菽,ahic
苫,ahkf
颐,ahkm
赜,ahkm
熙,ahko
臣,ahnh
卧,ahnh
邪,ahtb
鸦,ahtg
迓,ahtp
雅,ahty
茈,ahxb
东,aii
茳,aiaf
蕖,aias
范,aibb
菹,aieg
薄,aigf
萍,aigh
蒲,aigy
菠,aihc
莎,aiit
藻,aiks
荡,ainr
鸫,aiqg
蒎,aire
菏,aisk
落,aitk
藩,aitl
汞,aiu
茫,aiyn
蒗,aiye
划,ajh
蕞,ajbc
莫,ajdu
蓦,ajdc
墓,ajdf
幕,ajdh
暮,ajdj
募,ajdl
慕,ajdn
摹,ajdr
萌,ajef
昔,ajf
莳,ajfu
草,ajj
菖,ajjf
蔓,ajlc
葛,ajqn
鹊,ajqg
蓝,ajtl
茧,aju
郾,ajvb
或,akgd
葺,akbf
蕺,akbt
叵,akd
鄞,akgb
堇,akgf
勤,akgl
惑,akgn
觐,akgq
匮,akhm
蒉,akhm
颧,akkm
莒,akkf
鹳,akkg
萼,akkn
莴,akmw
功,aln
茵,aldu
蒽,aldn
蔑,aldt
苗,alf
薯,alfj
匣,alk
茄,alkf
茴,alkf
荔,alll
葸,alnu
莲,alpu
瞢,alph
甍,alpn
薨,alpx
萝,alqu
鹋,alqg
菌,altu
匦,alvv
苏,alwu
贡,amu
芟,amcu
英,amdu
苒,amff
茼,amgk
匝,amhk
萜,amhk
苘,amkf
苋,amqb
黄,amwu
芮,amwu
巩,amyy
跫,amyh
蛩,amyj
恐,amyn
銎,amyq
世,anv
苠,anab
艺,anb
芑,anb
巨,and
蔚,anff
蔬,anhq
葭,anhc
忒,ani
薜,anku
贳,anmu
蕊,annn
芯,anu
荬,anud
蓼,anwe
苡,anyw
荩,anyu
蒌,aovf
薮,aovt
芝,apu
菪,apdf
茔,apff
蔻,apfl
莞,apfq
蒙,apge
苎,apgf
萱,apgg
莹,apgy
荥,apiu
萤,apju
营,apkk
劳,aplb
荤,aplj
茕,apnf
菅,apnn
荧,apou
莺,apqg
菀,apqb
蓥,apqf
荦,aprh
荣,apsu
蓉,apwk
蓿,apwj
萦,apxi
区,aqi
芪,aqab
苑,aqbb
葡,aqgy
茚,aqgb
藓,aqgd
蓟,aqgj
瓯,aqgn
荀,aqjf
敬,aqkt
苟,aqkf
茗,aqkf
擎,aqkr
檠,aqks
警,aqky
菟,aqky
殴,aqmc
苞,aqnb
菊,aqou
欧,aqqw
鸥,aqqg
萄,aqrm
葱,aqrn
蔸,aqrq
芴,aqrr
获,aqtd
茆,aqtb
莸,aqtn
荻,aqto
艾,aqu
匹,aqv
萏,aqvf
芡,aqwu
芍,aqyu
鸢,aqyg
茑,aqyg
匠,ark
葩,arcb
菝,ardc
茱,ariu
芹,arj
萆,artf
苛,askf
茜,asf
苯,asgf
蘸,asgo
葙,ashf
蕈,asjj
菥,asrj
菘,aswc
攻,aty
苌,atay
医,atdi
荞,atdj
翳,atdn
蓬,atdp
莠,ateb
芊,atfj
荇,atfh
莛,atfp
董,atgf
翘,atgn
薰,atgo
尧,atgq
蓰,athh
莉,atjj
蓖,atlx
薇,atmt
蕃,atol
藜,atqi
蘅,atqh
莪,atrt
萎,atvf
莓,atxu
蘩,atxi
燕,auko
蒴,aube
莘,auj
薏,aujn
蕲,aujr
菩,aukf
蔽,aumt
蒂,auph
蒡,aupy
蒋,auqf
茭,auqu
茨,auqw
薪,ausr
蒺,autd
蒹,auvo
蔺,auwy
切,avn
艽,avb
菇,avdf
薅,avdf
茛,aveu
荨,avfu
萧,avij
茹,avkf
苕,avkf
萸,avwu
芄,avyu
共,awu
苍,awbb
蓊,awcn
茯,awdu
蔡,awfi
荟,awfc
茌,awff
苻,awfu
葵,awgd
荃,awgf
莶,awgi
蔹,awgt
莜,awht
芥,awjj
葆,awks
巷,awnb
孽,awnb
蘖,awns
薛,awnu
恭,awnu
茶,awsu
荷,awsk
荼,awtu
荏,awtf
莅,awuf
蓓,awuk
芬,awvb
巫,awwi
觋,awwq
苁,awwu
花,awxb
蕉,awyo
苓,awyc
萑,awyf
劐,awyj
芩,awyn
药,axqy
荭,axaf
芎,axb
荮,axfu
莼,axgn
蕴,axjl
芗,axtr
芘,axxb
荜,axxf
蒈,axxr
芳,ayb
蔗,ayao
蓠,aybc
茺,aycq
苄,ayhu
蔼,ayjn
荠,ayjj
蓑,ayke
蒿,aymk
藁,ayms
芒,aynb
匾,ayna
荒,aynq
芦,aynr
葶,ayps
蘑,aysd
蘼,aysd
蔟,aytd
莨,ayve
萃,aywf
菸,aywu
蓄,ayxl
蕹,ayxy
了,bnh
陈,baiy
子,bbbb
陬,bbcy
耶,bbh
取,bcy
陉,bcag
聂,bccu
颞,bccm
聚,bcti
鄹,bctb
娶,bcvf
承,bdii
隋,bdae
隳,bdan
随,bdep
堕,bdef
陌,bdjg
陇,bdxn
阴,beg
阻,begg
际,bfiy
孺,bfdj
陡,bfhy
阱,bfjh
陆,bfmh
阮,bfqn
陵,bfwt
卫,bgd
耳,bghg
隔,bgkh
陋,bgmn
阢,bgqn
陕,bguw
耻,bhg
陂,bhcy
蚩,bhgj
陟,bhit
骘,bhic
屮,bhk
阽,bhkg
孙,biy
函,bibk
丞,bigf
卺,bigb
隙,biji
逊,bipi
阳,bjg
陧,bjfg
隅,bjmy
隰,bjxo
职,bkwy
亟,bkcg
聩,bkhm
陨,bkmy
阵,blh
孟,blf
隈,blge
勐,blln
出,bmk
祟,bmfi
聃,bmfg
聘,bmgn
粜,bmou
也,bnhn
卩,bnh
阝,bnh
凵,bnh
孑,bnhg
孔,bnn
耿,boy
辽,bpk
院,bpfq
耽,bpqn
聍,bpsh
陀,bpxn
隐,bqvn
孢,bqnn
陶,bqrm
聊,bqtb
陷,bqvg
孤,brcy
阪,brcy
隍,brgg
隗,brqc
陴,brtf
阿,bskg
耵,bsh
降,btah
聒,btdg
阡,btfh
隆,btgg
陲,btgf
阼,bthf
孜,bty
联,budy
隧,buep
障,bujh
陪,bukg
聪,bukn
隘,buwl
限,bvey
队,bwy
附,bwfy
坠,bwff
险,bwgi
阶,bwjh
除,bwty
聆,bwyc
陛,bxxf
防,byn
孓,byi
孩,bynw
陔,bynw
以,nywy
戏,cat
颈,cadm
骐,cadw
弁,caj
刭,cajh
劲,caln
迳,capd
驱,caqy
骁,catq
巯,cayq
邓,cbh
骤,cbci
预,cbdm
予,cbj
驰,cbn
豫,cbqe
矛,cbtr
骛,cbtc
鹬,cbtg
鹜,cbtg
瞀,cbth
蝥,cbtj
蟊,cbtj
矜,cbtn
鍪,cbtq
柔,cbts
婺,cbtv
双,ccy
又,cccc
垒,cccf
叠,cccg
颡,cccm
桑,cccs
骖,ccde
驿,ccfh
骀,cckg
骏,ccwt
驭,ccy
骚,ccyj
参,cder
叁,cddf
毵,cden
畚,cdlf
骑,cdsk
驮,cdy
能,cexx
驵,cegg
甬,cej
勇,celb
恿,cenu
通,cepk
熊,cexo
对,cfy
圣,cff
怼,cfnu
骊,cgmy
骒,cjsy
台,ckf
邰,ckbh
驯,ckh
怠,cknu
炱,ckou
迨,ckpd
驶,ckqy
劝,cln
驷,clg
骡,clxi
观,cmqn
骋,cmgn
马,cnng
骣,cnbb
巴,cnhn
厶,cny
驼,cpxn
允,cqb
驹,cqkg
驳,cqqy
驺,cqvg
欢,cqwy
鸡,cqyg
骝,cqyl
牟,crhj
骠,csfi
矣,ctdu
骄,ctdj
骆,ctkg
骢,ctln
骈,cuah
骥,cuxw
艰,cvey
难,cwyg
驸,cwfy
验,cwgi
逡,cwtp
皴,cwtc
骅,cwxf
骓,cwyg
驻,cygg
叉,cyi
蚤,cyju
骧,cyke
驴,cynt
骗,cyna
骟,cynn
骇,cynw
在,dhfd
左,daf
厮,dadr
砑,daht
礴,daif
厝,dajd
磺,damw
砸,damh
碟,dans
礞,dape
奁,daqu
砹,daqy
硗,datq
砌,davn
礤,dawi
硭,dayn
顾,dbdm
耷,dbf
础,dbmh
厄,dbv
友,dcu
磉,dccs
碜,dcde
码,dcg
雄,dcwy
大,dddd
磊,dddf
靥,dddl
砺,dddn
飙,dddq
碱,ddgt
厦,ddht
厌,ddi
厣,ddlk
硕,ddmy
厉,ddnv
励,ddnl
魇,ddrc
套,ddu
餍,ddwe
胡,deg
郁,debh
硼,deeg
有,def
髻,defk
髡,degq
髭,dehx
鬟,dele
髯,demf
鬃,depi
鬓,depw
鹕,deqg
髟,det
髦,detn
鬏,deto
鬈,deub
髫,devk
鬣,devn
髹,dews
夺,dfu
奔,dfaj
磕,dfcl
砝,dfcy
辰,dfei
辱,dfef
蜃,dfej
唇,dfek
硅,dffg
奎,dfff
矸,dfh
奈,dfiu
夸,dfnb
刳,dfnj
匏,dfnn
砖,dfny
瓠,dfny
奢,dftj
压,dfyi
三,dggg
研,dgah
硎,dgaj
砘,dgbn
古,dghg
硬,dgjq
咸,dgkt
厨,dgkf
感,dgkn
礓,dglg
碛,dgmy
戌,dgnt
厂,dgt
石,dgtg
犬,dgty
砰,dguh
硖,dguw
威,dgvt
碡,dgxu
丰,dhk
戛,dhar
存,dhbd
破,dhcy
慧,dhdn
酆,dhdb
砉,dhdf
彗,dhdv
戚,dhit
蹙,dhih
砧,dhkg
艳,dhqc
夏,dhtu
契,dhvd
恝,dhvn
挈,dhvr
砂,ditt
耢,dial
磲,dias
耔,dibg
耙,dicn
耨,didf
硝,dieg
耕,difj
耘,difc
耩,diff
耒,dii
耥,diik
耖,diit
耦,dijy
耜,dinn
耧,diov
耗,ditn
泵,diu
耪,diuy
耠,diwk
耱,diyd
百,djf
厚,djbd
非,djdd
裴,djde
韭,djdg
蜚,djdj
辈,djdl
悲,djdn
翡,djdn
斐,djdy
厘,djfd
碍,djgf
砷,djhh
奄,djnb
鹌,djng
碣,djqn
右,dkf
夼,dkj
历,dlv
夯,dlb
奋,dlf
砗,dlh
厍,dlk
面,dmjd
碘,dmaw
碳,dmdo
碉,dmfk
硐,dmgk
布,dmhj
而,dmjj
耐,dmjf
鸸,dmjg
厕,dmjk
恧,dmjn
耍,dmjv
矶,dmn
砚,dmqn
砜,dmqy
页,dmu
矾,dmyy
成,dnnt
碾,dnae
臧,dndt
嘏,dnhc
尴,dnjl
虿,dnju
趸,dnkh
劢,dnln
盛,dnnl
迈,dnpv
尥,dnqy
砀,dnrt
万,dnv
尤,dnv
尢,dnv
尬,dnwj
戊,dnyt
灰,dou
盔,dolf
磷,doqh
达,dpi
碹,dpgg
碇,dpgh
碗,dpqb
牵,dprh
砣,dpxn
克,dqb
磔,dqas
砥,dqay
兢,dqdq
确,dqeh
砾,dqiy
爽,dqqq
砍,dqwy
矽,dqy
鸪,dqyg
原,drii
斫,drh
愿,drin
碑,drtf
厅,dsk
硒,dsg
厢,dshd
碴,dsjg
奇,dskf
剞,dskj
欹,dskw
帮,dtbh
邦,dtbh
寿,dtfu
焘,dtfo
砟,dthf
硌,dtkg
硇,dtlq
砭,dtpy
硪,dtrt
故,dty
磁,duxx
劂,dubj
厥,dubw
磙,duce
磋,duda
砬,dug
辜,duj
鹩,dujg
碚,dukg
碰,duog
磅,dupy
碲,duph
肆,dvfh
厩,dvcq
碌,dviy
春,dwjf
砼,dwag
奉,dwfh
奏,dwgd
硷,dwgi
磴,dwgu
仄,dwi
泰,dwiu
蠢,dwjj
秦,dwtu
舂,dwvf
雁,dwwy
赝,dwwm
礁,dwyo
碓,dwyg
龙,dxv
龚,dxaw
聋,dxbf
砻,dxdf
垄,dxff
砩,dxjh
砒,dxxn
袭,dxye
太,dyi
礅,dybt
硫,dycq
丈,dyi
态,dynu
碥,dyna
戍,dynt
矿,dyt
碎,dywf
肛,eag
腻,eafm
胨,eaiy
腊,eajg
膜,eajd
朦,eape
服,ebcy
郛,ebbh
孕,ebf
孚,ebf
乳,ebnn
肥,ecn
胫,ecag
胎,eckg
盈,eclf
戤,ecla
须,edmy
肱,edcy
胯,edfn
腓,edjd
腌,edjn
腼,edmd
腠,edwd
胧,edxn
肽,edyy
朋,eeg
貘,eead
脬,eebg
貊,eedj
月,eeee
豺,eeft
豳,eemk
燹,eeou
鹏,eeqg
豹,eeqy
豸,eer
邈,eerp
貌,eerq
肜,eet
貉,eetk
貔,eetx
貂,eevk
貅,eews
豚,eey
肝,efh
肢,efcy
脚,efcb
肚,efg
虢,efhm
肼,efjh
膨,efke
臌,efkc
腩,efmf
肟,efnn
脖,efpb
朊,efqn
爰,eftc
肤,efwy
肘,efy
且,egd
肫,egbn
县,egcu
悬,egcn
脯,egey
膊,egef
腈,egeg
胚,egig
膈,egkh
助,egln
肺,egmh
豕,egty
雎,egwy
胰,egxw
胩,ehhy
鼐,ehnn
胪,ehnt
膛,eipf
胱,eiqn
尕,eiu
胆,ejgg
刖,ejh
胂,ejhh
腽,ejlg
腥,ejtg
肿,ekhh
腭,ekkn
臊,ekks
脶,ekmw
肋,eln
胭,eldy
胛,elh
腮,elny
爵,elvf
胁,elwy
肌,emn
腆,emaw
股,emcy
胴,emgk
觅,emqb
肭,emwy
甩,env
脲,eniy
肠,enrt
膦,eoqh
脒,eoy
爱,epdc
受,epcu
脓,epey
脘,epfq
腙,epfi
腚,epgh
逐,epi
腕,epqb
舜,epqh
膑,eprw
胺,epvg
腔,epwa
膣,epwf
胸,eqqb
胝,eqay
脆,eqdb
朐,eqkg
胞,eqnn
脎,eqsy
肷,eqwy
遥,ermp
胍,ercy
腺,eriy
鹞,ermg
繇,ermi
脾,ertf
采,esu
彩,eset
膘,esfi
腰,esvg
膝,eswi
用,etnh
胀,etay
胜,etgg
胙,ethf
腹,etjt
胳,etkg
乃,etn
彡,ettt
胶,euqy
胼,euah
腾,eudc
塍,eudf
滕,eudi
膳,eudk
媵,eudv
朕,eudy
胖,eufh
臆,eujn
脱,eukq
膀,eupy
膪,eupk
妥,evf
腿,evep
舀,evf
腱,evfp
腴,evwy
脸,ewgi
胗,ewet
脍,ewfc
腧,ewgj
脞,ewwf
脂,exjg
奚,exdu
及,eyi
脑,eybh
脏,eyfg
脐,eyjh
膻,eylg
肮,eymn
肪,eyn
脉,eyni
胲,eynw
臁,eyuo
腑,eywf
腋,eywy
臃,eyxy
地,fbn
载,falk
堪,fadn
霰,faet
霸,fafe
坩,fafg
卉,faj
堰,fajv
哉,fakd
域,fakg
戴,falw
贲,famu
堞,fans
栽,fasi
截,fawy
塔,fawk
裁,faye
邗,fbh
支,fcu
却,fcbh
动,fcln
盍,fclf
劫,fcln
翅,fcnd
运,fcpi
魂,fcrc
埃,fctd
去,fcu
云,fcu
城,fdnt
震,fdfe
垮,fdfn
埯,fdjn
霏,fdjd
坜,fdln
雳,fdlb
需,fdmj
颥,fdmm
顸,fdmy
塬,fdri
垅,fdxn
圾,feyy
堋,feeg
霾,feef
埒,fefy
寺,ffu
坛,ffcy
圭,fff
土,ffff
封,fffy
填,ffhw
埴,ffhg
卦,ffhy
款,ffiw
圬,ffnn
雩,ffnb
恚,ffnu
堵,fftj
墙,ffuk
二,fgg
垤,fgcf
博,fgef
埔,fgey
圩,fgfh
干,fggh
十,fgh
士,fghg
雨,fghy
寸,fghy
坏,fgiy
坯,fgig
埂,fgjq
垣,fgjg
塥,fgkh
垭,fgog
坪,fguh
直,fhf
越,fhat
墟,fhag
趣,fhbc
坡,fhcy
趄,fheg
矗,fhfh
赶,fhfk
址,fhg
趔,fhgj
赴,fhhi
趟,fhik
亍,fhk
坫,fhkg
盐,fhlf
起,fhnv
赳,fhnh
垆,fhnt
赵,fhqi
趋,fhqv
趱,fhtm
走,fhu
趑,fhuw
超,fhvk
真,fhwu
趁,fhwe
颠,fhwm
示,fiu
霄,fief
霪,fief
霈,figh
未,fii
嫠,fitv
墚,fivs
求,fiyi
裘,fiye
逑,fiyp
救,fiyt
进,fjpk
戟,fjat
朝,fjeg
埋,fjfg
韩,fjfh
埘,fjfy
坦,fjgg
堤,fjgh
遘,fjgp
觏,fjgq
刊,fjh
坤,fjhh
亓,fjj
井,fjk
墁,fjlc
塌,fjng
埸,fjqr
乾,fjtn
翰,fjwn
斡,fjwf
吉,fkf
颉,fkdm
袁,fkeu
埕,fkgg
圳,fkh
露,fkhk
酃,fkkb
埚,fkmw
埙,fkmy
喜,fkuk
鼓,fkuc
彭,fkue
鼙,fkuf
瞽,fkuh
嘉,fkuk
甏,fkun
熹,fkuo
协,flwy
雷,flf
塄,flyn
南,fmuf
垌,fmgk
击,fmk
垲,fmnn
垛,fmsy
献,fmud
坝,fmy
坍,fmyg
志,fnu
堀,fnbm
韦,fnhk
霞,fnhc
韫,fnhl
违,fnhp
韬,fnhv
韧,fnhy
墀,fnih
霹,fnku
馨,fnmj
磬,fnmd
罄,fnmm
謦,fnmy
圯,fnn
圮,fnn
声,fnr
场,fnrt
卖,fnud
觌,fnuq
亏,fnv
块,fnwy
坭,fnxn
专,fnyi
赤,fou
郝,fobh
赧,fobc
赫,fofo
赭,fofj
赦,foty
螫,fotj
过,fpi
勃,fpbl
孛,fpbf
鹁,fpbg
垸,fpfq
壹,fpgu
彀,fpgc
觳,fpgc
懿,fpgn
毂,fplc
壳,fpmb
悫,fpmn
壶,fpog
索,fpxi
坨,fpxn
无,fqv
坻,fqay
元,fqb
顽,fqdm
堍,fqky
鼋,fqkn
雹,fqnb
坞,fqng
远,fqpv
均,fqug
坎,fqwy
垢,frgk
坂,frcy
圻,frh
埤,frtf
坼,fryy
霜,fshf
堙,fsfg
坷,fskg
霖,fssu
才,fte
孝,ftbf
教,ftbt
霆,ftfp
考,ftgn
埏,fthp
者,ftjf
都,ftjb
翥,ftjn
煮,ftjo
雾,ftlb
垧,ftmk
圪,ftnn
老,ftxb
耋,ftxf
耆,ftxj
耄,ftxn
霉,ftxu
增,fulj
丧,fueu
幸,fufj
垃,fug
境,fujq
培,fukg
啬,fulk
墒,fumk
霎,fuvf
雪,fvf
垠,fvey
埭,fviy
埽,fvph
霓,fvqb
夫,fwi
替,fwfj
辇,fwfl
逵,fwfp
规,fwmq
埠,fwnf
堠,fwnd
赍,fwwm
麴,fwwo
堆,fwyg
零,fwyc
霍,fwyf
埝,fwyn
坶,fxgu
坳,fxln
坟,fyy
墩,fybt
垴,fybh
霁,fyjj
霭,fyjn
壤,fyke
坑,fymn
坊,fyn
垓,fynw
壕,fype
圹,fyt
雯,fyu
塘,fyvk
墉,fyvh
一,ggll
开,gak
邢,gabh
琪,gadw
形,gaet
武,gahd
琊,gahb
鹉,gahg
弄,gaj
型,gajf
刑,gajh
瑾,gakg
瑛,gamd
璜,gamw
珙,gawy
屯,gbnv
珥,gbg
顿,gbnm
到,gcfj
至,gcff
郅,gcfb
致,gcft
臻,gcft
玛,gcg
天,gdi
瑚,gdeg
蚕,gdju
吞,gdkf
顼,gdmy
忝,gdnu
琦,gdsk
珑,gdxn
表,geu
青,gef
瑗,gefc
甫,gehy
逋,gehp
敷,geht
靓,gemq
靛,geph
瑷,gepc
静,geqh
瑶,germ
琢,geyy
于,gfk
珐,gfcy
球,gfiy
盂,gflf
玮,gfnh
迂,gfpk
玩,gfqn
五,gghg
琶,ggcb
王,gggg
戋,gggt
环,ggiy
瑟,ggnt
琴,ggwn
琵,ggxx
珏,ggyy
下,ghi
琥,gham
璩,ghae
玻,ghcy
正,ghd
焉,ghgo
鄢,ghgb
玷,ghkg
丐,ghnv
忑,ghnu
璨,ghqo
政,ghty
不,gii
甭,giej
歪,gigh
邳,gigb
丕,gigf
否,gikf
琐,gimy
还,gipi
珧,giqn
孬,givb
理,gjfg
墼,gjff
軎,gjfk
亘,gjgf
芈,gjgh
惠,gjhn
瑁,gjhg
丌,gjk
更,gjqi
琨,gjxx
事,gkvh
吾,gkf
囊,gkhe
蠹,gkhj
璐,gkhk
橐,gkhs
束,gkii
整,gkih
剌,gkij
赖,gkim
速,gkip
敕,gkit
卅,gkk
噩,gkkk
副,gklj
逼,gklp
融,gkmj
鬲,gkmh
翮,gkmn
带,gkph
吏,gkqi
豆,gkuf
豇,gkua
豌,gkub
豉,gkuc
逗,gkup
画,glbj
盏,glf
柬,glii
珈,glkg
琏,glpy
现,gmqn
曹,gmaj
遭,gmap
瑞,gmdj
再,gmfd
珮,gmgh
刺,gmij
棘,gmii
枣,gmiu
珊,gmmg
璎,gmmv
玑,gmn
责,gmu
丙,gmwi
邴,gmwb
两,gmww
璀,gmwy
丽,gmyy
郦,gmyb
鹂,gmyg
逦,gmyp
与,gngd
珉,gnan
琚,gndg
欤,gngw
瑕,gnhc
瓦,gnyn
来,goi
严,godr
亚,gogd
戬,goga
垩,gogf
晋,gogj
恶,gogn
璞,gogy
灭,goi
赉,gomu
琰,gooy
琮,gpfi
珲,gplh
琬,gpqb
琛,gpws
列,gqjh
殛,gqbg
殆,gqck
殂,gqeg
殍,gqeb
殖,gqfh
殪,gqfu
麸,gqfw
残,gqgt
歹,gqi
裂,gqje
虺,gqji
烈,gqjo
殒,gqkm
殃,gqmd
殁,gqmc
殡,gqpw
殉,gqqj
殊,gqri
歼,gqtf
聱,gqtb
骜,gqtc
獒,gqtd
鳌,gqtg
螯,gqtj
赘,gqtm
熬,gqto
遨,gqtp
鏊,gqtq
殇,gqtr
敖,gqty
殚,gquf
兀,gqv
殓,gqwi
殄,gqwe
餮,gqwe
死,gqxb
玖,gqyy
珠,griy
碧,grdf
珀,grg
瑰,grqc
末,gsi
玎,gsh
珂,gskg
琳,gssy
玫,gty
珩,gtfh
瓒,gtfm
珞,gtkg
璁,gtln
麦,gtu
平,guhk
璋,gujh
夹,guwi
郏,guwb
颊,guwm
妻,gvhv
瑙,gvtq
珍,gwet
玳,gway
瑜,gwgj
玢,gwvn
玲,gwyc
互,gxgd
纛,gxfi
毒,gxgu
素,gxiu
夷,gxwi
玉,gyi
璃,gybc
琉,gycq
斑,gygg
琼,gyiy
班,gytg
璇,gyth
琅,gyve
瑭,gyvk
玟,gyy
上,hhgg
虎,hamv
虐,haag
遽,haep
眶,hagg
瞒,hagw
虞,hakd
瞄,halg
虏,halv
彪,hame
虑,hani
虚,haog
觑,haoq
眍,haqy
虍,hav
虔,hayi
皮,hci
颇,hcdm
眙,hckg
眸,hcrh
攴,hcu
睃,hcwt
睚,hdff
肯,hef
瞬,heph
睬,hesy
睦,hfwf
歧,hfcy
瞌,hfcl
眭,hffg
睹,hftj
睛,hgeg
盹,hgbn
盱,hgfh
眄,hghn
凸,hgmg
睐,hgoy
睫,hgvh
止,hhhg
目,hhhh
丨,hhll
卡,hhu
矍,hhwc
氍,hhwn
瞿,hhwy
眦,hhxn
卜,hhy
步,hir
叔,hicy
督,hich
频,hidm
颦,hidf
瞠,hipf
眺,hiqn
眇,hitt
旧,hjg
卓,hjj
桌,hjsu
占,hkf
战,hkat
觇,hkmq
乩,hknn
点,hkou
卤,hlqi
卣,hlnf
鹾,hlqa
贞,hmu
卢,hne
眠,hnan
瞰,hnbt
鼎,hndn
颅,hndm
鸬,hnqg
瞩,hnty
忐,hnu
眯,hoy
瞵,hoqh
瞎,hpdk
壑,hpgf
睿,hpgh
瞑,hpju
眈,hpqn
餐,hqce
粲,hqco
瞻,hqdy
眵,hqqy
睁,hqvh
睥,hrtf
盯,hsh
瞟,hsfi
睡,htgf
瞅,htoy
眨,htpy
瞳,hujf
睇,huxt
眼,hvey
瞍,hvhc
睨,hvqn
具,hwu
齿,hwbj
龄,hwbc
龈,hwbe
龌,hwbf
龃,hwbg
龊,hwbh
龆,hwbk
龉,hwbk
龅,hwbn
龀,hwbx
龇,hwbx
龋,hwby
瞪,hwgu
睽,hwgd
睑,hwgi
盼,hwvn
瞧,hwyo
睢,hwyg
此,hxn
砦,hxdf
些,hxff
赀,hxmu
觜,hxqe
柴,hxsu
雌,hxwy
紫,hxxi
訾,hxyf
眩,hyxy
江,iag
湛,iadn
漭,iada
澌,iadr
淇,iadw
泔,iafg
懑,iagn
满,iagw
漠,iajd
灌,iaky
潢,iamw
汇,ian
泄,iann
渠,ians
渫,ians
涝,iapl
潆,iapi
滢,iapy
沤,iaqy
鸿,iaqg
柒,iasu
浇,iatq
沏,iavn
潇,iavj
洪,iawy
港,iawn
池,ibn
滠,ibcc
洱,ibg
涵,ibib
凼,ibk
泐,ibln
滁,ibwt
汉,icy
泾,icag
渗,icde
涌,iceh
泽,icfh
治,ickg
滩,icwy
浚,icwt
汊,icyy
尖,idu
湖,ideg
洧,ideg
涯,idff
溽,idff
沽,idg
沣,idhh
滟,idhc
尜,idiu
淹,idjn
沥,idln
湎,idmd
源,idri
涛,idtf
潦,idui
溱,idwt
泷,idxn
汰,idyy
肖,ief
浮,iebg
淝,iecn
沮,iegg
削,iejh
逍,iepd
淫,ietf
滔,ievg
溪,iexd
汲,ieyy
涿,ieyy
法,ifcy
灞,ifae
溘,ifcl
濡,ifdj
尘,iff
洼,iffg
汗,ifh
汁,ifh
滇,ifhw
潮,ifje
瀚,ifjn
洁,ifkg
澎,ifke
澍,ifkf
污,ifnn
渎,ifnd
渤,ifpl
沅,ifqn
渚,iftj
潜,ifwj
汪,igg
沌,igbn
添,igdn
清,igeg
溥,igef
浦,igey
沔,ighn
洹,igjg
滞,igkh
浯,igkg
涑,igki
濑,igkm
漱,igkw
渍,igmy
沛,igmh
漕,igmj
涞,igoy
洌,igqj
沫,igsy
浅,igt
浃,iguw
小,ihty
滤,ihan
滹,ihah
波,ihcy
婆,ihcv
泪,ihg
涉,ihit
淑,ihic
濒,ihim
渺,ihit
淖,ihjh
沾,ihkg
浈,ihmy
泸,ihnt
瀣,ihqg
濉,ihwy
水,iiii
消,iieg
淼,iiiu
淌,iimk
洮,iiqn
沙,iitt
裟,iite
鲨,iitg
挲,iitr
娑,iitv
浊,ijy
瀑,ijai
沓,ijf
涅,ijfg
汩,ijg
汨,ijg
温,ijlg
漫,ijlc
溻,ijng
湿,ijog
渴,ijqn
滥,ijtl
混,ijxx
灏,ijym
澡,ikks
涓,ikeg
溃,ikhm
潞,ikhk
浞,ikhy
渑,ikjn
漶,ikkn
涡,ikmw
渐,ilrh
涸,ildg
洇,ildy
渭,ileg
溷,iley
涠,ilfh
泗,ilg
淠,ilgj
洄,ilkg
涟,ilpy
泅,ilwy
漯,ilxi
没,imcy
澧,imau
湍,imdj
泱,imdy
滑,imeg
油,img
洞,imgk
溅,imgt
汕,imh
测,imjh
沿,imkg
尚,imkf
氅,imkn
敞,imkt
涔,imwn
沁,iny
泯,inan
澉,inbt
潺,inbb
汛,infh
漏,infy
渥,ingf
湄,inhg
涮,inmj
汜,inn
汤,inrt
烫,inro
泌,intt
泼,inty
濯,inwy
泥,inxn
淡,iooy
瀵,iolw
学,ipbf
黉,ipaw
浓,ipey
尝,ipfc
淙,ipfi
浣,ipfq
演,ipgw
泻,ipgg
渲,ipgg
淀,ipgh
泶,ipiu
渖,ipjh
溟,ipju
党,ipkq
裳,ipke
堂,ipkf
常,ipkh
赏,ipkm
掌,ipkr
棠,ipks
浑,iplh
沉,ipmn
觉,ipmq
涫,ipnn
沈,ipqn
鲎,ipqg
滨,iprw
泞,ipsh
喾,iptk
滓,ipuh
深,ipws
溶,ipwk
沱,ipxn
光,iqb
汹,iqbh
沟,iqcy
淆,iqde
浠,iqdh
澹,iqdy
鼗,iqfc
淦,iqg
渔,iqgg
泺,iqiy
洵,iqjg
浼,iqkq
涣,iqmd
泡,iqnn
耀,iqny
逃,iqpv
辉,iqpl
淘,iqrm
泖,iqtb
潴,iqtj
漪,iqtk
兆,iqv
汐,iqy
溜,iqyl
泊,irg
湃,irdf
派,irey
湟,irgg
浜,irgw
沂,irh
洙,iriy
汽,irnn
浙,irrh
激,iryt
洒,isg
漂,isfi
湮,isfg
酒,isgg
汀,ish
湘,ishg
潭,isjh
渣,isjg
河,iskg
淅,isrh
淋,issy
潸,isse
漤,issv
溧,issy
漆,iswi
淞,iswc
沐,isy
沭,isyy
少,itr
洚,itah
沲,itbn
活,itdg
鋈,itdq
沃,itdy
洗,itfq
浩,itfk
省,ithf
溴,ithd
洎,ithg
濞,ithj
涎,ithp
潲,itie
洛,itkg
劣,itlb
洫,itlg
澳,itmd
汔,itnn
渊,itoh
潘,itol
湫,itoy
泛,itpy
涤,itsy
滗,ittn
海,itxu
洋,iudh
溯,iube
滚,iuce
湔,iuej
泮,iufh
泣,iug
润,iugg
澜,iugi
漾,iugi
漳,iujh
潼,iujf
涧,iujg
涪,iukg
滴,iumd
滂,iupy
溢,iuwl
滋,iuxx
涕,iuxt
当,ivf
溉,ivcq
津,ivfh
浔,ivfy
汝,ivg
溲,ivhc
渌,iviy
沼,ivkg
洳,ivkg
淄,ivlg
浸,ivpc
染,ivsu
梁,ivws
粱,ivwo
涩,ivyh
兴,iwu
沧,iwbn
脊,iwef
举,iwfh
浍,iwfc
洽,iwgk
瀹,iwga
渝,iwgj
潋,iwgt
澄,iwgu
濮,iwoy
滏,iwqu
涂,iwty
溆,iwtc
汾,iwvn
湓,iwvl
浴,iwwk
沦,iwxn
淮,iwyg
泠,iwyc
誉,iwyf
雀,iwyf
涨,ixty
泓,ixcy
沸,ixjh
溺,ixuu
潍,ixwy
注,iygg
渡,iyac
淳,iybg
漓,iybc
流,iycq
鎏,iycq
澈,iyct
汴,iyhy
济,iyjh
浏,iyjh
沩,iyly
澶,iylg
沆,iymn
沪,iynt
泳,iyni
漉,iynx
瀛,iyny
湾,iyox
滦,iyos
濠,iype
洲,iyth
游,iytb
浒,iytf
漩,iyth
濂,iyuo
浪,iyve
溏,iyvk
液,iywy
淬,iywf
淤,iywu
泫,iyxy
汶,iyy
氵,iyyg
是,jghu
虹,jag
蜞,jadw
蟒,jada
蚶,jafg
螨,jagw
蚜,jaht
蜡,jajg
蟆,jajd
蜮,jakg
蠛,jalt
蟥,jamw
蝶,jans
蠓,jape
蝾,japs
晓,jatq
蛲,jatq
暴,jawi
蠖,jawc
最,jbcu
蜢,jblg
紧,jcxi
肾,jcef
蛹,jceh
坚,jcff
蛏,jcfg
蚂,jcg
贤,jcmu
蛑,jcrh
竖,jcuf
晨,jdfe
蛎,jddn
蝴,jdeg
蝰,jdff
蛄,jdg
蚌,jdhh
晟,jdnt
螈,jdri
昃,jdwu
蝽,jdwj
螓,jdwt
明,jeg
蜉,jebg
暖,jefc
蛆,jegg
盟,jelf
暧,jepc
时,jfy
野,jfcb
墅,jfcf
昙,jfcu
里,jfd
蠕,jfdj
蛙,jffg
旰,jfh
昧,jfiy
旱,jfj
蟛,jfke
蝻,jfmf
暑,jftj
蚨,jfwy
量,jgjf
蛭,jgcf
昊,jgdu
晴,jgeg
蜻,jgeg
晡,jgey
旦,jgf
旺,jgg
韪,jghh
题,jghm
匙,jghx
虾,jghy
蟪,jgjn
晤,jgkg
蝠,jgkl
师,jgmh
螬,jgmj
蛱,jguw
早,jhnh
冒,jhf
刂,jhh
蠼,jhhc
申,jhk
勖,jhln
曰,jhng
畅,jhnr
虫,jhny
晃,jiqb
蛸,jieg
螳,jipf
晁,jiqb
昌,jjf
曝,jjai
蛳,jjgh
晶,jjjf
日,jjjj
蝎,jjqn
蜴,jjqr
蜾,jjsy
蝇,jkjn
蜈,jkgd
蜗,jkmw
曙,jlfj
曼,jlcu
蛊,jlf
蝈,jlgy
蛔,jlkg
螺,jlxi
遇,jmhp
蛐,jmag
映,jmdy
蚺,jmfg
蜩,jmfk
蚰,jmg
帅,jmhh
愚,jmhn
禺,jmhy
虮,jmn
蚬,jmqn
蚋,jmwy
电,jnv
暇,jnhc
虬,jnn
遢,jnpd
曜,jnwy
昵,jnxn
显,jogf
炅,jou
蝼,jovg
晕,jplj
暄,jpgg
螟,jpju
暝,jpju
晖,jplh
蜿,jpqb
晏,jpvf
蛇,jpxn
晚,jqkq
昂,jqbj
蟾,jqdy
蟓,jqje
煦,jqko
冕,jqkq
易,jqrr
剔,jqrj
昴,jqtb
昀,jqug
歇,jqww
曷,jqwn
遏,jqwp
蝗,jrgg
蚯,jrgg
昕,jrh
蛛,jriy
蜱,jrtf
果,jsi
颗,jsdm
螵,jsfi
晒,jsg
蚵,jskg
夥,jsqq
晰,jsrh
蜥,jsrh
杲,jsu
昨,jthf
蜂,jtdh
蛞,jtdg
蜘,jtdk
蚝,jtfn
蜓,jtfp
星,jtgf
戥,jtga
曛,jtgo
蚱,jthf
晷,jthk
螅,jthn
蜒,jthp
蜊,jtjh
蝮,jtjt
晌,jtmk
虼,jtnn
蟋,jton
蟠,jtol
蛾,jtrt
蝌,jtuf
晦,jtxu
临,jtyj
监,jtyl
鉴,jtyq
览,jtyq
暗,jujg
蛘,judh
蜷,judb
蟮,judk
蜣,judn
昱,juf
蚪,jufh
曦,jugt
蝉,jujf
蟑,jujh
蜕,jukq
螃,jupy
蛟,juqy
蝤,jusg
归,jvg
旯,jvb
螋,jvhc
昭,jvkg
照,jvko
蛤,jwgk
蚣,jwcy
暌,jwgd
蝓,jwgj
蚧,jwjh
蜍,jwty
晔,jwxf
暹,jwyp
蛉,jwyc
晗,jwyk
昆,jxxb
曳,jxe
蚓,jxhh
蚴,jxln
蚍,jxxn
景,jyiu
暾,jybt
螭,jybc
蛀,jygg
影,jyie
颢,jyim
晾,jyiy
蛴,jyjh
曩,jyke
虻,jynn
蝙,jyna
蚁,jyqy
旷,jyt
蝣,jytb
蠊,jyuo
螂,jyvb
螗,jyvk
蟀,jyxf
蚊,jyy
中,khk
呀,kaht
嘶,kadr
喏,kadk
嘞,kafl
哐,kagg
噶,kajn
喵,kalg
咂,kamh
呓,kann
喋,kans
唠,kapl
哎,kaqy
呕,kaqy
哓,katq
哄,kawy
嗒,kawk
嗬,kawk
嚆,kayk
啊,kbsk
嗫,kbcc
叩,kbh
嗤,kbhj
咄,kbmh
吼,kbnn
戢,kbnt
吧,kcn
邑,kcb
嗓,kccs
啜,kccc
嗵,kcep
吗,kcg
吮,kcqn
哞,kcrh
唉,kctd
唆,kcwt
叹,kcy
顺,kdmy
呃,kdbn
喹,kdff
咕,kdg
喊,kdgt
嘎,kdha
嗄,kdht
嘁,kdht
啡,kdjd
喱,kdjf
呖,kdln
咴,kdoy
哒,kdpy
噘,kduw
嘹,kdui
唪,kdwh
嗪,kdwt
咙,kdxn
吠,kdy
呔,kdyy
吸,keyy
咀,kegg
嚼,kelf
嗳,kepc
鹃,keqg
啄,keyy
叶,kfh
喷,kfam
吱,kfcy
嗑,kfcl
嚅,kfdj
哇,kffg
吐,kfg
嗔,kfhw
味,kfiy
嘲,kfje
嘻,kfkk
嘭,kfke
咭,kfkg
鄙,kflb
喃,kfmf
哧,kfoy
噎,kfpu
嚏,kfph
嗦,kfpi
呒,kfqn
哮,kftb
嘟,kftb
嗜,kftj
呋,kfwy
嚯,kfwy
呈,kgf
吨,kgbn
郢,kgbh
吴,kgdu
哺,kgey
吁,kgfh
吓,kghy
呸,kgig
哽,kgjq
喇,kgkj
囔,kgke
唔,kgkg
嗝,kgkh
嗽,kgkw
啧,kgmy
嘈,kgmj
号,kgnb
饕,kgne
哑,kgog
逞,kgpd
咧,kgqj
嗷,kgqt
唛,kgty
咦,kgxw
嗉,kgxi
距,khan
噱,khae
嘘,khag
躇,khaj
唬,kham
跷,khaq
蹀,khas
蹒,khaw
躏,khay
蹑,khbc
踊,khce
跆,khck
蹂,khcs
跨,khdn
跋,khdc
踌,khdf
蹰,khdf
跖,khdg
蹶,khdw
啃,kheg
蹊,khed
踩,khes
蹈,khev
趿,khey
趺,khfw
跬,khff
践,khgt
趼,khga
贵,khgm
遗,khgp
遣,khgp
趾,khhg
跛,khhc
踔,khhj
咔,khhy
跳,khiq
踏,khij
踢,khjr
蹋,khjn
踝,khjs
躁,khks
盅,khlf
躅,khlj
跏,khlk
跺,khms
蹦,khme
跚,khmg
踹,khmj
忠,khnu
踞,khnd
跽,khnn
蹼,khoy
躞,khoc
踪,khpi
蹿,khph
跎,khpx
跑,khqn
跪,khqb
跞,khqi
趵,khqy
跌,khrw
踬,khrm
路,khtk
跃,khtd
踵,khtf
鹭,khtg
踟,khtk
蹯,khtl
躜,khtm
跹,khtp
跣,khtq
踽,khty
足,khu
蹉,khua
踯,khub
蹲,khuf
蹄,khuh
蹭,khuj
踣,khuk
跤,khuq
跟,khve
躐,khvn
踺,khvp
趴,khwy
啮,khwb
跄,khwb
跗,khwf
蹬,khwu
嘴,khxe
跸,khxf
呲,khxn
卟,khy
蹁,khya
踱,khyc
踉,khye
躔,khyf
跻,khyj
踮,khyk
蹴,khyn
吵,kitt
哨,kieg
啵,kihc
唢,kimy
咣,kiqn
嗨,kitu
虽,kju
嘬,kjbc
哩,kjfg
呻,kjhh
唱,kjjg
喁,kjmy
黾,kjnb
喝,kjqn
吕,kkf
骂,kkcf
器,kkdk
嚣,kkdk
哭,kkdu
鄂,kkfb
鹗,kkfg
颚,kkfm
串,kkhk
患,kkhn
品,kkkf
口,kkkk
噪,kkks
鼍,kkln
咒,kkmb
另,klb
咽,kldy
嗯,kldn
喟,kleg
嘿,klfo
啭,klfy
喂,klge
呷,klh
别,kljh
咖,klkg
叻,kln
员,kmu
嗣,kmak
郧,kmbh
喘,kmdj
嘣,kmee
啁,kmfk
吊,kmhj
勋,kmln
嘤,kmmv
叽,kmn
哕,kmqy
哚,kmsy
呐,kmwy
剐,kmwj
呙,kmwu
呗,kmy
叫,knhh
叼,kngg
喔,kngf
噼,knku
唰,knmj
嘱,knty
呢,knxn
吣,kny
噗,kogy
啖,kooy
喽,kovg
咪,koy
喧,kpgg
哝,kpey
噻,kpff
啶,kpgh
嘧,kpnm
咛,kpsh
喀,kptk
咤,kpta
嚓,kpwi
史,kqi
兄,kqb
唏,kqdh
噜,kqgj
唤,kqmd
咆,kqnn
呜,kqng
哆,kqqy
吻,kqrt
啕,kqrm
唿,kqrn
吹,kqwy
鸣,kqyg
听,krh
唣,kran
呱,krcy
嗥,krdf
哌,krey
啪,krrg
哳,krrh
啤,krtf
啦,krug
呆,ksu
嘌,ksfi
哂,ksg
叮,ksh
喳,ksjg
呵,kskg
啉,kssy
噤,kssi
呼,ktuh
噬,ktaw
吒,ktan
唾,ktgf
咱,kthg
嗅,kthd
咋,kthf
川,kthh
咯,ktkg
响,ktmk
噢,ktmd
吃,ktnn
啾,ktoy
哦,ktrt
咚,ktuy
啼,kuph
嗍,kube
咩,kudh
嗟,kuda
吖,kuhh
喑,kujg
噫,kujn
噌,kulj
嘀,kumd
咬,kuqy
唼,kuvg
嗌,kuwl
哪,kvfb
呶,kvcy
唧,kvcb
哏,kvey
嗖,kvhc
啸,kvij
叨,kvn
只,kwu
呛,kwbn
嗡,kwcn
咐,kwfy
哙,kwfc
啥,kwfk
哈,kwgk
喻,kwgj
噔,kwgu
喉,kwnd
嗲,kwqq
咻,kwsy
吩,kwvn
咿,kwvt
唑,kwwf
哗,kwxf
叭,kwy
噙,kwyc
呤,kwyc
唯,kwyg
吟,kwyn
噍,kwyo
哟,kxqy
喙,kxey
吲,kxhh
呦,kxln
叱,kxn
吡,kxxn
哔,kxxf
咝,kxxg
喈,kxxr
吆,kxy
嘛,kyss
哼,kybh
唷,kyce
唁,kyg
哜,kyjh
嚷,kyke
吭,kymn
咏,kyni
唳,kynd
咳,kynw
嚎,kype
嗾,kytd
啷,kyvb
啐,kywf
国,lgyi
轼,laag
羁,lafc
囝,lbd
辄,lbnn
轻,lcag
轰,lccu
辍,lccc
因,ldi
轭,ldbn
固,ldd
囿,lded
罟,ldf
轱,ldg
罪,ldjd
罨,ldjn
恩,ldnu
畸,ldsk
畴,ldtf
辏,ldwd
畎,ldy
胃,lef
轩,lfh
罢,lfcu
罴,lfco
畦,lffg
置,lfhf
辕,lfke
罱,lfmf
转,lfny
围,lfnh
黑,lfou
默,lfod
黩,lfod
黪,lfoe
墨,lfof
黥,lfoi
黯,lfoj
黠,lfok
黝,lfol
黜,lfom
黔,lfon
黟,lfoq
黢,lfot
园,lfqv
团,lfte
署,lftj
圉,lfuf
车,lgnh
囤,lgbn
轾,lgcf
畏,lgeu
圊,lged
辅,lgey
圃,lgey
罡,lghf
罘,lgiu
畀,lgjj
辐,lgkl
圄,lgkd
辆,lgmw
四,lhng
罩,lhjj
皿,lhng
囗,lhng
甲,lhnh
轳,lhnt
辊,ljxx
加,lkg
辑,lkbg
驾,lkcf
回,lkd
贺,lkmu
圆,lkmi
迦,lkpd
架,lksu
哿,lksk
轵,lkwy
袈,lkye
男,llb
圜,llge
田,llll
勰,llln
嬲,llvl
轴,lmg
辋,lmun
思,lnu
辗,lnae
轧,lnn
罹,lnwy
辚,loqh
边,lpv
辖,lpdk
连,lpk
畹,lpqb
罗,lqu
轹,lqiy
蜀,lqju
逻,lqpi
囫,lqre
软,lqwy
鸭,lqyg
斩,lrh
畈,lrcy
堑,lrff
暂,lrjf
錾,lrqf
椠,lrsu
轶,lrwy
困,lsi
町,lsh
轲,lskg
力,ltn
轿,ltdj
略,ltkg
辂,ltkg
图,ltui
轷,ltuh
畋,lty
较,luqy
圈,ludb
畔,lufh
疃,lujf
罾,lulj
轨,lvn
囡,lvd
轺,lvkg
辎,lvlg
轫,lvyy
办,lwi
轸,lwet
畛,lwet
输,lwgj
辁,lwgg
囚,lwi
界,lwjj
轮,lwxn
囵,lwxv
囹,lwyc
累,lxiu
毗,lxxn
罚,lyjj
辙,lyct
詈,lyf
辘,lynx
同,mgkd
曲,mad
贼,madt
嵌,mafw
岈,maht
岽,maiu
崂,mapl
嵘,maps
岖,maqy
典,mawu
邮,mbh
凤,mci
岜,mcb
峄,mcfh
贻,mckg
殳,mcu
峻,mcwt
央,mdi
贿,mdeg
岩,mdf
赈,mdfe
崖,mdff
岸,mdfj
岵,mdg
崴,mdgt
崦,mdjn
盎,mdlf
遄,mdmp
颛,mdmm
炭,mdou
鸯,mdqg
崎,mdsk
骨,mef
髓,medp
骷,medg
崩,meef
胄,mef
髁,mejs
髑,melj
骰,memc
髅,meov
髂,mepk
髋,mepq
髌,mepw
鹘,meqg
骶,meqy
骺,merk
髀,merf
骼,metk
骱,mewj
骸,meyw
岌,meyu
财,mftt
岐,mfcy
冉,mfd
峙,mffy
巅,mfhm
赇,mfiy
周,mfkd
雕,mfky
赎,mfnd
赌,mftj
赋,mgah
岍,mgah
赙,mgef
屿,mgng
崃,mgoy
夙,mgqi
贱,mgt
峡,mguw
由,mhng
帱,mhdf
帏,mhfh
幅,mhgl
帻,mhgm
帖,mhhk
帔,mhhc
帧,mhhm
帽,mhjh
幔,mhjc
幌,mhjq
巾,mhk
贴,mhkg
帜,mhkw
帼,mhly
帆,mhmy
冂,mhn
幄,mhnf
贝,mhny
幞,mhoy
帕,mhrg
帙,mhrw
帐,mhty
幡,mhtl
幢,mhuf
幛,mhuj
帷,mhwy
峭,mieg
嵴,miwe
则,mjh
赐,mjqr
岿,mjvf
迥,mkpd
贶,mkqn
崭,mlrj
崮,mldf
岬,mlh
崽,mlnu
册,mmgd
岫,mmg
凹,mmgd
删,mmgj
峒,mmgk
兕,mmgq
山,mmmm
岗,mmqu
岘,mmqn
岚,mmqu
罂,mmrm
婴,mmvf
鹦,mmvg
岂,mnb
岷,mnan
崛,mnbm
嵋,mnhg
剀,mnjh
凯,mnmn
觊,mnmq
屺,mnn
赆,mnyu
赕,mooy
嶙,moqh
嵝,movg
迪,mpd
崇,mpfi
贮,mpgg
崆,mpwa
风,mqi
见,mqb
购,mqcy
赡,mqdy
崤,mqde
飓,mqhw
冈,mqi
刚,mqjh
峋,mqjg
刿,mqjh
岣,mqkg
飚,mqoo
网,mqqi
飑,mqqn
峁,mqtb
岁,mqu
峥,mqvh
飕,mqvc
贩,mrcy
凰,mrgd
嵬,mrqc
朵,msu
剁,msjh
岢,mskf
崾,msvg
崧,mswc
几,mtn
账,mtay
峰,mtdh
峤,mtdj
赂,mtkg
屹,mtnn
贬,mtpy
峨,mtrt
嵊,mtux
巍,mtvc
败,mty
赠,mulj
嵯,muda
嶂,mujh
赔,mukg
赚,muvo
嵫,muxx
罔,muyn
内,mwi
赊,mwfi
嵛,mwgj
嶝,mwgu
肉,mwwi
峪,mwwk
崔,mwyf
岭,mwyc
岑,mwyn
嶷,mxth
凡,myi
崞,mybg
丹,myd
彤,myet
赃,myfg
嵩,mymk
赅,mynw
民,nav
展,naei
惬,nagw
异,naj
羿,naj
惜,najg
懵,nalh
屉,nanv
怄,naqy
懂,natf
愍,natn
殿,nawc
臀,nawe
慌,nayq
敢,nbty
孱,nbbb
慑,nbcc
屈,nbmk
屙,nbsk
憨,nbtn
怪,ncfg
惨,ncde
怿,ncfh
怡,nckg
悛,ncwt
居,ndd
惰,ndae
恹,nddy
怙,ndg
憾,ndgn
剧,ndjh
悱,ndjd
怖,ndmh
忧,ndnn
恢,ndoy
导,nfu
愤,nfam
层,nfci
恸,nfcl
怯,nfcy
忮,nfcy
丑,nfd
懦,nfdj
恃,nffy
慎,nfhw
慰,nfin
尉,nfif
熨,nfio
迅,nfpk
悖,nfpb
怃,nfqn
屠,nftj
悻,nfuf
忖,nfy
怀,ngiy
屋,ngcf
刁,ngd
情,ngeg
怔,nghg
恒,ngjg
司,ngkd
悟,ngkg
悚,ngki
懒,ngkm
怦,nguh
愫,ngxi
收,nhty
眉,nhd
戕,nhda
奘,nhdd
爿,nhde
胥,nhef
遐,nhfp
疋,nhi
蛋,nhju
悼,nhjh
鹛,nhqg
惧,nhwy
疏,nhyq
悄,nieg
屑,nied
尿,nii
惝,nimk
恍,niqn
犀,nirh
慢,njlc
悭,njcf
悍,njfh
悝,njfg
怛,njgg
愠,njlg
惕,njqr
惺,njtg
憬,njyi
避,nkup
悒,nkcn
忡,nkhh
愦,nkhm
愕,nkkn
辟,nkuh
臂,nkue
襞,nkue
壁,nkuf
甓,nkun
鐾,nkuq
擘,nkur
檗,nkus
劈,nkuv
嬖,nkuv
譬,nkuy
璧,nkuy
惭,nlrh
翼,nlaw
悃,nlsy
愣,nlyn
届,nmd
惴,nmdj
怏,nmdy
惆,nmfk
恫,nmgk
刷,nmhj
恻,nmjh
恺,nmnn
惘,nmun
忆,nnn
巽,nnaw
忸,nnfg
己,nngn
巳,nngn
尸,nngt
书,nnhy
局,nnkd
乙,nnll
已,nnnn
忌,nnu
乜,nnv
快,nnwy
怩,nnxn
羽,nnyg
屡,novd
屎,noi
忱,npqn
恽,nplh
惋,npqb
懈,nqeh
恂,nqjg
惚,nqrn
怕,nrg
惶,nrgg
忻,nrh
忾,nrnn
愧,nrqc
憷,nssh
怵,nsyy
必,nte
怅,ntay
悸,ntbg
发,ntcy
恬,ntdg
尾,ntfn
屐,ntfc
忏,ntfh
忤,ntfh
性,ntgg
怍,nthf
屣,nthh
虱,ntji
愎,ntjt
属,ntky
恪,ntkg
恤,ntlg
懊,ntmd
愀,ntoy
屦,ntov
履,nttt
悔,ntxu
改,nty
习,nud
屏,nuak
羼,nudd
买,nudu
翌,nuf
飞,nui
惮,nujf
憧,nujf
悦,nukq
憎,nulj
慊,nuvo
悌,nuxt
悯,nuyy
恨,nvey
慨,nvcq
怊,nvkg
忉,nvn
尻,nvv
愉,nwgj
怆,nwbn
忪,nwcy
戮,nwea
鹨,nweg
恰,nwgk
惟,nwyg
戳,nwya
怜,nwyc
翟,nwyf
憔,nwyo
尼,nxv
惯,nxfm
怫,nxjh
屁,nxxv
心,nyny
恼,nybh
惦,nyhk
忄,nyhy
忭,nyhy
尺,nyi
惊,nyiy
昼,nyjg
咫,nykw
懔,nyli
忙,nynn
迟,nypi
尽,nyuu
慷,nyvi
慵,nyvh
翠,nywf
悴,nywf
为,ylyi
煤,oafs
炬,oang
炼,oanw
烧,oatq
烘,oawy
粪,oawu
籽,obg
烃,ocag
糅,ocbs
糁,ocde
粑,ocn
类,odu
粝,oddn
糊,odeg
煳,odeg
炻,odg
烦,odmy
燎,odui
粗,oegg
爝,oelf
灶,ofg
糯,ofdj
炜,ofnh
烤,oftn
业,ogd
邺,ogbh
炖,ogbn
精,ogeg
粳,ogjq
焐,ogkg
炳,ogmw
糟,ogmj
凿,ogub
黻,oguc
黹,ogui
黼,oguy
粘,ohkg
焯,ohjh
炒,oitt
烛,ojy
爆,ojai
焊,ojfh
熳,ojlc
煜,ojug
炽,okwy
燥,okks
烟,oldy
煨,olge
灿,omh
籼,omh
炯,omkg
断,onrh
糈,onhe
熠,onrg
炀,onrt
炔,onwy
烬,onyu
炎,oou
郯,oobh
剡,oojh
火,oooo
焱,ooou
迷,opi
烷,opfq
粽,opfi
煊,opgg
熔,opwk
炮,oqnn
遴,oqap
粼,oqab
烯,oqdh
燃,oqdo
烁,oqiy
焕,oqmd
焰,oqvg
炊,oqwy
灼,oqyy
熘,oqyl
煌,orgg
粕,org
灯,osh
粞,osg
烽,otdh
糙,otfp
炸,othf
糗,othd
糌,othj
熄,othn
烙,otkg
燠,otmd
燔,otol
烀,otuh
敉,oty
料,oufh
烊,oudh
燧,ouep
烂,oufg
粒,oug
糕,ougo
焙,oukg
熵,oumk
焖,ouny
糍,ouxx
娄,ovf
煺,ovep
数,ovty
粉,owvn
炝,owbn
煅,owdc
烩,owfc
糇,ownd
烨,owxf
焓,owyk
糨,oxkj
米,oyty
炷,oygg
炕,oymn
炉,oynt
煸,oyna
煽,oynn
燮,oyoc
粮,oyve
糖,oyvk
糠,oyvi
粹,oywf
炫,oyxy
灬,oyyy
这,ypi
宽,pamq
宦,pahh
寞,pajd
字,pbf
害,pdhk
宏,pdcu
寡,pdev
宥,pdef
宕,pdf
宸,pdfe
割,pdhj
豁,pdhk
寄,pdsk
寮,pdui
宠,pdxb
家,peu
宜,pegf
农,pei
冢,peyu
守,pfu
宗,pfiu
寒,pfju
骞,pfjc
褰,pfje
塞,pfjf
蹇,pfjh
赛,pfjm
搴,pfjr
寨,pfjs
謇,pfjy
完,pfqb
寇,pfqc
冠,pfqf
定,pghu
室,pgcf
宇,pgfj
宣,pgjg
富,pgkl
寅,pgmw
写,pgng
宝,pgyu
寂,phic
宵,pief
审,pjhj
幂,pjdh
寓,pjmy
冥,pjuu
宴,pjvf
宫,pkkf
军,plj
郓,plbh
寰,plge
皲,plhc
宙,pmf
冗,pmb
官,pnhn
甯,pnej
寐,pnhi
寤,pnhk
逭,pnhp
密,pntm
蜜,pntj
宓,pntr
寥,pnwe
廴,pny
灾,pou
之,pppp
宛,pqbb
剜,pqbj
冤,pqky
鸩,pqqg
宾,prgw
牢,prhj
宁,psj
宋,psu
客,ptkf
宅,ptab
宪,ptfq
额,ptkm
实,pudu
褡,puak
衩,pucy
裰,pucc
褥,pudf
衫,puet
衬,pufy
褂,pufh
褚,pufj
襦,pufj
袜,pugs
裱,puge
补,puhy
被,puhc
衤,pui
裆,puiv
宰,puj
袒,pujg
褴,pujl
褐,pujn
裼,pujr
裸,pujs
裎,pukg
裢,pulp
袖,pumg
衲,pumw
袂,punw
裾,pund
褶,punr
褛,puov
袍,puqn
裨,purf
褫,purm
襟,pusi
襻,pusr
袄,putd
衽,putf
袼,putk
袢,puuf
褙,puue
裥,puuj
初,puvn
寝,puvc
裉,puve
裙,puvk
褪,puvp
裕,puwk
袱,puwd
裣,puwi
袷,puwk
衿,puwn
褓,puws
襁,puxj
裤,puyl
褊,puya
安,pvf
宄,pvb
案,pvsu
空,pwaf
窍,pwan
穿,pwat
窃,pwav
窿,pwbg
突,pwdu
宿,pwdj
罕,pwfj
窦,pwfd
察,pwfi
窥,pwfq
窒,pwgf
窀,pwgn
窕,pwiq
窠,pwjs
窜,pwkh
窝,pwkw
穷,pwlb
帘,pwmh
窟,pwnm
窭,pwov
穸,pwqu
窑,pwrm
窳,pwry
窗,pwtq
窄,pwtf
窖,pwtk
窆,pwtp
穴,pwu
窨,pwuj
邃,pwup
究,pwvb
窘,pwvk
容,pwwk
窬,pwwj
穹,pwxb
窈,pwxl
鹤,pwyg
它,pxb
社,pyfg
祺,pyaw
祁,pybh
祷,pydf
祓,pydc
禊,pydd
祜,pydg
祖,pyeg
祛,pyfc
禧,pyfk
福,pygl
祆,pygd
祉,pyhg
祯,pyhm
礻,pyi
祧,pyiq
神,pyjh
祝,pykq
祸,pykw
视,pymq
冖,pyn
祠,pynk
礼,pynn
祀,pynn
辶,pyny
祢,pyqi
祗,pyqy
祈,pyrh
祚,pytf
祥,pyud
禅,pyuf
禚,pyuo
禄,pyvi
宀,pyyn
禳,pyye
我,trnt
氏,qav
锘,qadk
钳,qafg
舛,qahh
铘,qahb
桀,qahs
错,qajg
镆,qajd
昏,qajf
钷,qakg
锚,qalg
钜,qang
钺,qant
铽,qany
铹,qapl
铙,qatq
镬,qawc
氐,qayi
邸,qayb
鸱,qayg
凶,qbk
镊,qbcc
铒,qbg
钌,qbh
眢,qbhf
锰,qblg
怨,qbnu
迎,qbpk
鸳,qbqg
锕,qbsk
色,qcb
铎,qcfh
勾,qci
钯,qcn
钗,qcyy
然,qdou
危,qdbb
郄,qdcb
钹,qdcy
肴,qdef
铕,qdeg
锛,qdfa
钴,qdg
锲,qdhd
希,qdmh
郗,qdmb
钸,qdmh
欷,qdmw
铖,qdnt
铸,qdtf
镣,qdui
镢,qduw
詹,qdwy
钛,qdyy
角,qej
锊,qefy
锾,qefc
钥,qeg
觫,qegi
锄,qegl
觥,qeiq
触,qejy
觖,qenw
觚,qery
钐,qet
觞,qetr
斛,qeuf
觯,qeuf
解,qevh
蟹,qevj
邂,qevp
针,qfh
钍,qfg
镇,qfhw
镭,qflg
锗,qftj
铐,qftn
铑,qftx
钱,qgt
鲽,qgas
鳓,qgal
印,qgbh
鲰,qgbc
钝,qgbn
鲐,qgck
鳋,qgcj
鱿,qgdn
鲅,qgdc
鲱,qgdd
鲔,qgde
鲕,qgdj
鳜,qgdw
铺,qgey
锖,qgeg
鳐,qgem
匍,qgey
鱼,qgf
鲑,qgff
鳍,qgfj
鲒,qgfk
鲼,qgfm
鲮,qgft
鳕,qgfv
鲆,qggh
鲭,qgge
鲠,qggq
鲡,qggy
钙,qghn
钲,qghg
鲇,qghk
鲈,qghn
盥,qgil
钚,qgiy
鲁,qgjf
鳗,qgjc
鲤,qgjf
鲣,qgjf
鲥,qgjf
鲳,qgjj
鳎,qgjn
鲲,qgjx
匐,qgkl
镉,qgkh
鳄,qgkn
鳃,qgln
鲴,qgld
鳏,qgli
鲢,qglp
鲷,qgmk
鳢,qgmu
鲺,qgnj
鳞,qgoh
铼,qgoy
鲩,qgpq
鲍,qgqn
鳇,qgrg
鳔,qgsi
鲧,qgti
鳅,qgto
鲦,qgts
鳆,qgtt
稣,qgty
鲜,qgud
鳟,qguf
鳝,qguk
鲛,qguq
铗,qguw
鲟,qgvf
鲫,qgvb
鲻,qgvl
鲵,qgvq
鲋,qgwf
鲶,qgwn
鲸,qgyi
鳊,qgya
鳙,qgyh
鲚,qgyj
鲂,qgyn
钰,qgyy
外,qhy
铍,qhcy
钼,qhg
钻,qhkg
钋,qhy
乐,qii
销,qieg
玺,qigy
锁,qimy
铴,qinr
迩,qipi
镗,qipf
铫,qiqn
钞,qitt
尔,qiu
铛,qivg
旬,qjd
郇,qjbh
铿,qjcf
象,qjeu
锂,qjfg
钽,qjgg
锝,qjgf
钊,qjh
刈,qjh
镘,qjlc
龟,qjnb
锡,qjqr
锞,qjsy
锟,qjxx
名,qkf
句,qkd
锃,qkgg
钏,qkh
钟,qkhh
铝,qkkg
锷,qkkn
劬,qkln
锅,qkmw
铞,qkmh
免,qkqb
鸲,qkqg
勉,qkql
逸,qkqp
够,qkqq
兔,qkqy
甸,qld
锢,qldg
铟,qldy
钿,qlg
钾,qlh
锶,qlny
链,qlpy
锣,qlqy
镯,qlqj
镙,qlxi
负,qmu
奂,qmdu
铀,qmg
铜,qmgk
铡,qmjh
铅,qmkg
铠,qmnn
钢,qmqy
钠,qmwy
钡,qmy
钒,qmyy
包,qnv
饶,qnaq
馍,qnad
馑,qnag
馓,qnat
饣,qnb
饵,qnbg
饴,qnck
锯,qndg
馁,qnev
钮,qnfg
饽,qnfb
乌,qngd
邬,qngb
馕,qnge
饨,qngn
饯,qngt
镅,qnhg
蚀,qnjy
馒,qnjc
刨,qnjh
馄,qnjx
馈,qnkm
饥,qnmn
钇,qnn
钆,qnn
饲,qnnk
锔,qnnk
饧,qnnr
馔,qnnw
馆,qnpn
饮,qnqw
馏,qnql
饱,qnqn
馋,qnqu
馅,qnqv
饭,qnrc
饩,qnrn
馇,qnsg
饿,qntt
饫,qntd
饪,qntf
饰,qnth
饷,qntk
饬,qntl
铋,qntt
饼,qnua
馐,qnuf
饺,qnuq
馊,qnvc
馀,qnwt
铌,qnxn
炙,qou
鬯,qobx
镤,qogy
锬,qooy
镂,qovg
钬,qoy
锭,qpgh
镓,qpey
夤,qpgw
镔,qprw
铵,qpvg
镩,qpwh
镲,qpwi
铊,qpxn
多,qqu
匈,qqbk
钩,qqcy
铯,qqcn
镥,qqgj
铄,qqiy
铭,qqkg
钨,qqng
鑫,qqqf
金,qqqq
锪,qqrn
铩,qqsy
铆,qqtb
爻,qqu
钧,qqug
铮,qqvh
钦,qqwy
镏,qqyl
钓,qqyy
铁,qrwy
钣,qrcy
勿,qre
铂,qrg
铢,qriy
刎,qrjh
锦,qrmh
忽,qrnu
兜,qrnq
锨,qrqw
匆,qryi
钉,qsh
弑,qsaa
镖,qsfi
钵,qsgg
刹,qsjh
镡,qsjh
钶,qskg
杀,qsu
儿,qtn
猎,qtaj
狨,qtad
猫,qtal
獾,qtay
犯,qtbn
卯,qtbh
狲,qtbi
猛,qtbl
狁,qtcq
犸,qtcg
猱,qtcs
狻,qtct
锋,qtdh
猢,qtde
獠,qtdi
猗,qtdk
犹,qtdn
獗,qtdw
犭,qte
狙,qteg
锈,qten
钎,qtfh
铥,qtfc
猿,qtfe
犴,qtfh
猪,qtfj
锆,qtfk
铤,qtfp
铣,qtfq
橥,qtfs
锸,qtfv
狂,qtgg
猜,qtge
锤,qtgf
锺,qtgf
獭,qtgm
钅,qtgn
逛,qtgp
狭,qtgw
镍,qths
独,qtjy
狸,qtjf
猩,qtjg
狮,qtjh
猖,qtjj
猓,qtjs
铬,qtkg
狷,qtke
狎,qtlh
猬,qtle
猥,qtle
猡,qtlq
猾,qtme
狈,qtmy
勹,qtn
狃,qtnf
猸,qtnh
夕,qtny
锹,qtoy
逖,qtop
狄,qtoy
狞,qtps
狩,qtpf
狗,qtqk
狰,qtqh
獬,qtqh
狍,qtqn
狐,qtry
锇,qtrt
猹,qtsg
猁,qttj
獯,qtto
狡,qtuq
獐,qtuj
獍,qtuq
狠,qtve
卿,qtvb
犰,qtvn
猊,qtvq
猴,qtwd
狯,qtwc
猃,qtwi
猞,qtwk
狳,qtwt
狒,qtxj
狴,qtxf
猕,qtxi
狼,qtye
狱,qtyd
猝,qtyf
狺,qtyg
犷,qtyt
匀,qud
锩,qudb
钭,qufh
镁,qugd
锎,quga
镧,qugi
锌,quh
镜,qujq
锏,qujg
镱,qujn
锐,qukq
锫,qukg
镝,qumd
钔,qun
镨,quoj
镑,qupy
铰,quqy
锵,quqf
铲,qutt
镒,quwl
锑,quxt
争,qvhj
邹,qvbh
银,qvey
刍,qvf
键,qvfp
钕,qvg
皱,qvhc
锼,qvhc
铷,qvkg
锱,qvlg
急,qvnu
锓,qvpc
煞,qvto
雏,qvwy
欠,qwu
锻,qwdc
铨,qwgg
铪,qwgk
镎,qwgr
镫,qwgu
锉,qwwf
铧,qwxf
锥,qwyg
铃,qwyc
飧,qwye
镌,qwye
钤,qwyn
镄,qxjm
镪,qxkj
锴,qxxr
久,qyi
镀,qyac
镦,qybt
铳,qycq
锍,qycq
訇,qyd
铱,qyey
锿,qyey
勺,qyi
镶,qyke
镐,qymk
铈,qymh
钪,qymn
钫,qyn
鹱,qync
袅,qyne
鸟,qyng
岛,qynm
凫,qynm
镳,qyno
枭,qyns
鸵,qynx
灸,qyou
卵,qyty
孵,qytb
镞,qytd
镟,qyth
镰,qyuo
贸,qyvm
锒,qyve
镛,qyvh
留,qyvl
遛,qyvp
铉,qyxy
的,rqyy
找,rat
拭,raag
皂,rab
撕,radr
撒,raet
扛,rag
措,rajg
摸,rajd
揠,rajv
描,ralg
拒,rang
揲,rans
拣,ranw
捞,rapl
抠,raqy
挠,ratq
拱,rawy
搭,rawk
搽,raws
报,rbcy
揶,rbbh
摄,rbcc
拯,rbig
拙,rbmh
反,rci
拚,rcah
抒,rcbh
揉,rcbs
掇,rccc
搡,rccs
掺,rcde
捅,rceh
择,rcfh
抬,rckg
把,rcn
返,rcpi
挨,rctd
摊,rcwy
瓜,rcyi
搔,rcyj
瓞,rcyw
拓,rdg
扼,rdbn
拔,rdcy
振,rdfe
捱,rdff
拜,rdfh
捺,rdfi
皋,rdfj
挎,rdfn
翱,rdfn
撼,rdgn
排,rdjd
掩,rdjn
颀,rdmy
扰,rdnn
挞,rdpy
掎,rdsk
撩,rdui
撅,rduw
捧,rdwh
揍,rdwd
拢,rdxn
扔,ren
援,refc
捋,refy
拥,reh
授,repc
摇,rerm
持,rffy
技,rfcy
挂,rffg
盾,rfhd
遁,rfhp
擀,rfjf
拮,rfkg
撷,rfkm
擂,rflg
质,rfmi
抟,rfny
挝,rfpy
抚,rfqn
拷,rftn
扶,rfwy
撵,rfwl
攉,rfwy
后,rgkd
邱,rgbh
卮,rgbv
丘,rgd
掭,rgdn
捕,rgey
搏,rgef
皇,rgf
扌,rghg
攮,rgke
捂,rgkg
逅,rgkp
岳,rgmj
遑,rgpd
抹,rgsy
乒,rgtr
挟,rguw
抨,rguh
捷,rgvh
兵,rgwu
乓,rgyu
年,rhfk
掳,rhal
摅,rhan
卸,rhbh
披,rhcy
看,rhf
扯,rhg
攫,rhhc
掉,rhjh
牛,rhk
拈,rhkg
扑,rhy
爬,rhyc
爪,rhyi
朱,rii
邾,ribh
捎,rieg
撑,ripr
搅,ripq
挑,riqn
抄,ritt
泉,riu
挡,rivg
提,rjgh
撮,rjbc
捍,rjfh
捏,rjfg
担,rjgg
抻,rjhh
揭,rjqn
揽,rjtq
拽,rjxt
扣,rkg
揖,rkbg
挹,rkcn
捐,rkeg
捉,rkhy
操,rkks
拐,rkln
捌,rklj
损,rkmy
押,rlh
摁,rldn
摆,rlfc
舞,rlgh
擐,rlge
掴,rlgy
捆,rlsy
撂,rltk
摞,rlxi
抽,rmg
缸,rmag
罐,rmay
投,rmcy
揣,rmdj
帛,rmhj
罅,rmhh
制,rmhj
掣,rmhr
缶,rmk
撄,rmmv
缺,rmnw
皑,rmnn
摧,rmwy
所,rnrh
抿,rnan
搌,rnae
气,rnb
掘,rnbm
撖,rnbt
氢,rnca
据,rndg
氪,rndq
氖,rneb
扭,rnfg
握,rngf
氰,rnge
氩,rngg
氘,rnjj
氲,rnjl
擗,rnku
氚,rnkj
氤,rnld
氙,rnmj
扎,rnn
撰,rnnw
氮,rnoo
氨,rnpv
扬,rnrt
摺,rnrg
拨,rnty
氕,rntr
氡,rntu
氧,rnud
摒,rnua
氯,rnvi
氛,rnwv
抉,rnwy
擢,rnwy
氟,rnxj
拟,rnyw
氦,rnyw
搂,rovg
擞,rovt
近,rpk
迫,rpd
皖,rpfq
揎,rpgg
挥,rplh
摈,rprw
拧,rpsh
按,rpvg
控,rpwa
撺,rpwh
擦,rpwi
挖,rpwn
探,rpws
换,rqmd
抵,rqay
抑,rqbh
鬼,rqci
魃,rqcc
魑,rqcc
魈,rqce
魁,rqcf
魅,rqci
魍,rqcn
魉,rqcw
撸,rqgj
拘,rqkg
挽,rqkq
搀,rqku
抱,rqnn
掬,rqoy
揿,rqqw
掏,rqrm
掐,rqvg
挣,rqvh
欣,rqwy
捣,rqym
折,rrh
扳,rrcy
皈,rrcy
拍,rrg
搋,rrhm
抓,rrhy
蜇,rrju
哲,rrkf
踅,rrkh
逝,rrpk
掀,rrqw
魄,rrqc
白,rrrr
捭,rrtf
拆,rryy
誓,rryf
打,rsh
揸,rsjg
手,rtgh
托,rtan
拖,rtbn
括,rtdg
挢,rtdj
搬,rtec
插,rtfv
郫,rtfb
鹎,rtfg
扦,rtfh
卑,rtfj
皓,rtfk
攒,rtfm
撬,rtfn
挺,rtfp
捶,rtgf
擤,rthj
攥,rthi
揪,rtoy
播,rtol
皤,rtol
斤,rtth
拉,rug
拼,ruah
搠,rube
搓,ruda
掷,rudb
拦,rufg
拌,rufh
抖,rufh
撞,rujf
掸,rujf
揞,rujg
掊,rukg
摘,rumd
撇,rumt
扪,run
皎,ruqy
撙,rusf
搁,rutk
接,ruvg
搛,ruvo
扫,rvg
挪,rvfb
搜,rvhc
招,rvkg
抛,rvln
殷,rvnc
拶,rvqy
捃,rvtk
执,rvyy
垫,rvyf
鸷,rvyg
絷,rvyi
蛰,rvyj
势,rvyl
贽,rvym
热,rvyo
挚,rvyr
失,rwi
抢,rwbn
拊,rwfy
拴,rwgg
揆,rwgd
捡,rwgi
揄,rwgj
拾,rwgk
搿,rwgr
迭,rwpi
扮,rwvn
掰,rwvr
挫,rwwf
抡,rwxn
扒,rwy
擒,rwyc
拎,rwyc
携,rwye
推,rwyg
捻,rwyn
批,rxxn
掾,rxey
掼,rxfm
拇,rxgu
指,rxjg
拂,rxjh
拗,rxln
搦,rxuu
揩,rxxr
扩,ryt
摭,ryao
撤,ryct
拄,rygg
掂,ryhk
斥,ryi
掠,ryiy
挤,ryjh
攘,ryke
擅,rylg
搞,rymk
抗,rymn
护,rynt
捩,rynd
掮,ryne
邀,rytp
敫,ryty
搪,ryvk
掖,rywy
摔,ryxf
搐,ryxl
要,svf
械,saah
栉,sabh
棋,sadw
榧,sadd
椹,sadn
柑,safg
杠,sag
框,sagg
栋,saiy
模,sajd
槿,sakg
横,samw
柜,sang
檬,sape
枢,saqy
柩,saqy
桡,satq
李,sbf
椰,sbbh
椭,sbde
权,scy
杼,scbh
橘,scbk
懋,scbn
桶,sceh
树,scfy
柽,scfg
杩,scg
杷,scn
梭,scwt
杈,scyy
枯,sdg
柘,sdg
橱,sdgf
楔,sdhd
槭,sdht
枥,sdln
顶,sdmy
椅,sdsk
梆,sdtb
橛,sduw
棒,sdwh
楱,sdwd
椿,sdwj
榛,sdwt
栊,sdxn
杖,sdyy
极,seyy
桴,sebg
楹,secl
棚,seeg
杉,set
村,sfy
鄄,sfbh
枝,sfcy
桂,sffg
樗,sffn
杜,sfg
甄,sfgn
杆,sfh
植,sfhg
樾,sfht
标,sfiy
剽,sfij
飘,sfiq
票,sfiu
柰,sfiu
瓢,sfiy
桔,sfkg
檑,sflg
楠,sfmf
椟,sfnd
材,sftt
楮,sftj
栲,sftn
栳,sftx
樯,sfuk
棱,sfwt
本,sgd
醋,sgaj
酣,sgaf
醛,sgag
酏,sgbn
酸,sgct
桎,sgcf
酉,sgd
醐,sgde
酤,sgdg
醢,sgdl
酞,sgdy
酹,sgef
酝,sgfc
酵,sgfb
酐,sgfh
酎,sgfy
枉,sgg
酽,sggd
酾,sggy
丁,sgh
醵,sghe
西,sghg
杯,sgiy
醒,sgjg
桓,sgjg
醍,sgjh
梗,sgjq
醌,sgjx
梧,sgkg
酲,sgkg
楝,sgli
柄,sgmw
槽,sgmj
酮,sgmk
醴,sgmu
配,sgnn
醑,sgne
醪,sgne
朽,sgnn
醚,sgop
桠,sgog
醭,sgoy
酡,sgpx
酌,sgqy
酗,sgqb
酩,sgqk
杌,sgqn
酊,sgsh
栈,sgt
酢,sgtf
酷,sgtk
酪,sgtk
醺,sgto
酰,sgtq
酶,sgtu
酥,sgty
枰,sguh
醅,sguk
酚,sgwv
醮,sgwo
酴,sgwt
酯,sgxj
醉,sgyf
醇,sgyb
酿,sgye
酬,sgyh
醣,sgyk
醯,sgyl
相,shg
椒,shic
棹,shjh
桢,shmy
想,shnu
栌,shnt
朴,shy
档,sivg
梢,sieg
桫,siit
樘,sipf
桃,siqn
桄,siqn
杪,sitt
榉,siwh
查,sjgf
杳,sjf
覃,sjj
榻,sjng
棵,sjsy
槛,sjtl
榄,sjtq
棍,sjxx
可,skd
楫,skbg
杏,skf
枵,skgn
榀,skkk
哥,sksk
歌,sksw
枳,skwy
楞,slyn
柙,slh
枷,slkg
椤,slqy
机,smn
柚,smg
桐,smgk
栅,smmg
樱,smmv
桤,smnn
枫,smqy
枧,smqn
贾,smu
枘,smwy
杨,snrt
橄,snbt
椐,sndg
栩,sng
楣,snhg
榍,snie
樨,snih
札,snn
杞,snn
杰,sou
粟,sou
楼,sovg
棕,spfi
楦,spgg
棺,spnn
枕,spqn
槟,sprw
柠,spsh
桉,spvg
榨,spwf
檫,spwi
榕,spwk
榷,spwy
柁,spxn
构,sqcy
柢,sqay
桅,sqdb
檐,sqdy
桷,sqeh
槲,sqef
橹,sqgj
栎,sqiy
橡,sqje
枸,sqkg
攀,sqqr
樊,sqqd
柳,sqtb
榴,sqyl
杓,sqyy
析,srh
板,srcy
槔,srdf
柏,srg
栀,srgb
株,sriy
棉,srmh
槐,srqc
皙,srrf
檄,sryt
柝,sryy
林,ssy
郴,ssbh
彬,sset
禁,ssfi
栖,ssg
楂,ssjg
柯,sskg
梵,ssmy
楚,ssnh
焚,ssou
梦,ssqu
森,sssu
木,ssss
栗,ssu
婪,ssvf
棼,sswv
麓,ssyx
格,stkg
枨,stay
桥,stdj
栝,stdg
橇,stfn
杵,stfh
桁,stfh
梏,stfk
梃,stfp
棰,stgf
柞,sthf
榭,stmf
楸,stoy
覆,sttt
梅,stxu
枚,sty
样,sudh
槎,suda
栏,sufg
梓,suh
樟,sujh
榈,sukk
榜,supy
校,suqy
榇,susy
樽,susf
梯,suxt
概,svcq
根,svey
楗,svfp
桕,svg
棣,sviy
棂,svoy
检,swgi
枪,swbn
松,swcy
椴,swdc
桧,swfc
栓,swgg
榆,swgj
橙,swgu
槌,swnp
枞,swwy
桦,swxf
椎,swyg
檎,swyc
柃,swyc
榫,swyf
樵,swyo
楷,sxxr
椽,sxey
橼,sxxe
枇,sxxn
术,syi
椁,sybg
梳,sycq
桩,syfg
槠,syfj
柱,sygg
椋,syiy
榱,syke
檀,sylg
檩,syli
杭,symn
柿,symh
槁,symk
枋,syn
核,synw
述,sypi
榔,syvb
和,tkg
长,tayi
筇,tabj
箕,tadw
簸,tadc
篚,tadd
箬,tadk
筐,tagf
箧,tagw
逄,tahp
升,tak
笸,takf
筑,tamy
簧,tamw
簪,taqj
乇,tav
彻,tavn
筮,taww
季,tbf
迤,tbpv
么,tcu
径,tcag
笆,tcb
笃,tcf
笞,tckf
私,tcy
知,tdkg
矩,tdan
甜,tdaf
榘,tdas
舌,tdd
短,tdgu
舔,tdgn
箴,tdgt
逢,tdhp
夭,tdi
籍,tdij
乔,tdjj
徘,tdjd
刮,tdjh
智,tdkj
岙,tdmj
乱,tdnn
稽,tdnj
嵇,tdnm
适,tdpd
鸹,tdqg
舐,tdqa
敌,tdty
筹,tdtf
矫,tdtj
憩,tdtn
矮,tdtv
矢,tdu
辞,tduh
矬,tdwf
雉,tdwy
笼,tdxb
矧,tdxh
秀,teb
舡,teag
艨,teae
稃,tebg
艋,tebl
租,tegg
徂,tegg
艚,tegj
舻,tehn
舟,tei
艄,teie
舯,tekh
盘,telf
筋,telb
般,temc
磐,temd
舳,temg
舢,temh
船,temk
舰,temq
艉,tenn
透,tepv
舵,tepx
舶,terg
舨,terc
徭,term
舸,tesk
舾,tesg
艇,tetp
舴,tetf
艏,teuh
艟,teuf
稻,tevg
艘,tevc
舱,tewb
舭,texx
航,teym
舫,teyn
舣,teyq
笈,teyu
舷,teyx
行,tfhh
丢,tfcu
壬,tfd
竺,tff
街,tffh
等,tffu
待,tffy
秆,tfh
稹,tfhw
徒,tfhy
午,tfj
竿,tfj
篝,tfjf
千,tfk
郜,tfkb
靠,tfkd
告,tfkf
秸,tfkg
鹄,tfkg
造,tfkp
德,tfln
毛,tfnv
毪,tfnh
氇,tfnj
氆,tfnj
毡,tfnk
毳,tfnn
毯,tfno
毽,tfnp
迁,tfpk
廷,tfpd
迕,tfpk
先,tfqb
赞,tfqm
选,tfqp
筠,tfqu
箸,tftj
乖,tfux
穑,tfuk
歃,tfvw
生,tgd
垂,tgaf
笄,tgaj
箐,tgef
竽,tgfj
征,tghg
眚,tghf
惩,tghn
重,tgjf
穗,tgjn
筻,tgjq
衙,tgkh
籁,tgkm
簌,tgkw
熏,tglo
甥,tgll
策,tgmi
箦,tgmu
徕,tgoy
笺,tgr
秣,tgsy
秤,tguh
秉,tgvi
处,thi
算,thaj
彼,thcy
自,thd
篡,thdc
纂,thdi
臭,thdu
乍,thfd
怎,thfn
迮,thfp
片,thgn
版,thgc
牍,thgd
牌,thgf
牒,thgs
牖,thgy
徙,thhy
衢,thhh
昝,thjf
咎,thkf
鼻,thlj
鼾,thlf
齄,thlg
劓,thlj
鼽,thlv
息,thnu
延,thpd
臬,thsu
秒,titt
稍,tieg
筲,tief
衍,tifh
愆,tifn
簿,tigf
徜,timk
箔,tirf
得,tjgf
香,tjf
笪,tjgf
筛,tjgh
利,tjh
犁,tjrh
梨,tjsu
稞,tjsy
复,tjtu
篮,tjtl
馥,tjtt
各,tkf
程,tkgg
种,tkhh
篑,tkhm
稆,tkkg
禹,tkmy
积,tkwy
雒,tkwy
务,tlb
血,tld
篾,tldt
备,tlf
睾,tlff
箅,tlgj
徊,tlkg
笳,tlkf
惫,tlnu
衄,tlnf
粤,tlon
笾,tlpu
箩,tlqu
囱,tlqi
囟,tlqi
衅,tluf
稷,tlwt
向,tmkd
秃,tmb
役,tmcy
身,tmdt
射,tmdf
躺,tmdk
颓,tmdm
躯,tmdq
躲,tmds
躬,tmdx
秧,tmdy
笛,tmf
稠,tmfk
微,tmgt
筒,tmgk
徽,tmgt
徵,tmgt
币,tmhk
奥,tmod
秽,tmqy
笕,tmqb
秘,tntt
乞,tnb
笥,tngk
筷,tnnw
迄,tnpv
秋,toy
释,toch
番,tolf
鄱,tolb
翻,toln
釉,tomg
悉,tonu
簖,tonr
愁,tonu
篓,tovf
管,tpnn
稼,tpey
乏,tpi
箢,tpqb
箜,tpwa
称,tqiy
稀,tqdh
衡,tqdh
衔,tqfh
徇,tqjg
笱,tqkf
移,tqqy
笏,tqrr
篼,tqrq
黎,tqti
黧,tqto
稳,tqvn
筝,tqvh
物,trqr
箍,trah
箝,traf
筢,trcb
箨,trch
犄,trdk
牯,trdg
特,trff
犊,trfd
牡,trfg
循,trfh
徨,trgg
篁,trgf
牾,trgk
御,trhb
篪,trhm
犋,trhw
笊,trhy
穆,trie
筘,trkf
鹅,trng
籀,trql
牺,trsg
牧,trty
稗,trtf
牲,trtg
牿,trtk
牦,trtn
犍,trvp
秩,trwy
牝,trxn
徼,tryt
犏,trya
犒,tryk
条,tsu
笨,tsgf
箱,tshf
簟,tsjj
篥,tssu
秫,tsyy
笔,ttfn
笑,ttdu
篷,ttdp
筅,ttfq
竹,ttgh
笙,ttgf
攵,ttgy
笮,tthf
筵,tthp
丿,ttll
篦,ttlx
夂,ttny
秭,ttnt
笫,ttnt
禾,tttt
彳,ttth
科,tufh
徉,tudh
箭,tuej
笠,tuf
乎,tuhk
简,tujf
箪,tujf
螽,tujj
税,tukq
冬,tuu
乘,tuxv
剩,tuxj
委,tvf
很,tvey
簋,tvel
律,tvfh
箫,tvij
笤,tvkf
逶,tvpd
魏,tvrc
笋,tvtr
答,twgk
筏,twar
符,twfu
筌,twgf
签,twgi
簦,twgu
筱,twht
黍,twiu
黏,twik
篌,twnd
徐,twty
稚,twyg
稔,twyn
第,txht
篆,txeu
胤,txen
每,txgu
鳘,txgg
繁,txgi
毓,txgq
敏,txgt
系,txiu
後,txty
秕,txxn
筚,txxf
入,tyi
篱,tybc
往,tygg
汆,tyiu
穰,tyke
稿,tymk
篙,tymk
彷,tyn
篇,tyna
簏,tynx
籴,tyou
簇,tytd
稂,tyve
产,ute
并,uaj
疳,uafd
瓶,uagn
疟,uagd
冻,uaiy
瘼,uajd
阈,uakg
癀,uamw
迸,uapk
痨,uapl
瘩,uawk
闻,ubd
疗,ubk
疖,ubk
瘾,ubqn
逆,ubtp
朔,ubte
塑,ubtf
癃,ubtg
槊,ubts
冯,ucg
痉,ucad
闯,ucd
痛,ucek
衮,uceu
冶,uckg
兖,ucqb
疤,ucv
竣,ucwt
瘫,ucwy
瘙,ucyj
关,udu
差,udaf
郑,udbh
卷,udbb
闳,udci
羟,udca
羧,udct
闫,udd
豢,udeu
减,udgt
着,udhf
眷,udhf
瘛,udhn
头,udi
羊,udj
痱,udjd
判,udjh
阉,udjn
羯,udjn
疬,udlv
羰,udmo
羞,udnf
羌,udnb
翔,udng
疠,udnv
疣,udnv
送,udpi
闼,udpi
羝,udqy
鲞,udqg
拳,udrj
叛,udrc
桊,udsu
鄯,udub
善,uduk
券,udvb
凑,udwd
羚,udwc
状,udy
誊,udyf
养,udyj
前,uejj
疽,uegd
翦,uejn
煎,uejo
剪,uejv
痈,uek
毅,uemc
遂,uepi
阌,uepc
瘃,ueyi
半,ufk
阖,ufcl
兰,uff
闺,uffd
痔,uffi
壮,ufg
阗,ufhw
癫,ufhm
斗,ufk
闱,ufnh
痣,ufni
闭,ufte
凌,ufwt
装,ufye
闰,ugd
闩,ugd
美,ugdu
靖,ugeg
症,ughd
痞,ugik
辣,ugki
痦,ugkd
竦,ugki
瘌,ugkj
癞,ugkm
痘,ugku
盖,uglf
阑,ugli
病,ugmw
恙,ugnu
羔,ugou
羹,ugod
痖,ugog
冽,ugqj
羲,ugtt
羡,uguw
瘗,uguf
姜,ugvf
凄,ugvv
冱,ugxg
痍,ugxw
癍,ugyg
站,uhkg
疲,uhci
阒,uhdi
癯,uhhy
丫,uhk
夔,uhtt
疵,uhxv
冰,uiy
痧,uiit
阔,uitd
瘠,uiwe
间,ujd
鄣,ujbh
彰,ujet
音,ujf
郸,ujfb
冁,ujfe
童,ujff
单,ujfj
疸,ujgd
闽,uji
章,ujj
阊,ujjd
瘟,ujld
意,ujnu
竟,ujqb
竭,ujqn
韵,ujqu
歆,ujqw
赣,ujtm
戆,ujtn
韶,ujvk
部,ukbh
问,ukd
瓿,ukgn
冲,ukhh
剖,ukjh
癌,ukkm
闾,ukkd
总,uknu
况,ukqn
竞,ukqb
兑,ukqb
曾,uljf
痼,uldd
兽,ulgk
痹,ulgj
甑,uljn
闸,ulk
痂,ulkd
瘸,ulkw
阃,ulsi
瘰,ulxi
商,umwk
疫,umci
端,umdj
凋,umfk
敝,umit
弊,umia
鳖,umig
瞥,umih
蹩,umih
憋,umin
疝,umk
瘿,ummv
疯,umqi
飒,umqy
决,unwy
癜,unac
阚,unbt
翊,ung
瘕,unhc
闷,uni
癖,unku
疡,unre
瘳,unwe
普,uogj
痰,uooi
瘘,uovd
帝,upmh
啻,upmk
旁,upyb
交,uqu
阍,uqaj
郊,uqbh
奖,uqdu
将,uqfy
癣,uqgd
浆,uqiu
阄,uqjn
痪,uqmd
疱,uqnv
桨,uqsu
酱,uqsg
效,uqty
净,uqvh
阎,uqvd
次,uqwy
咨,uqwk
盗,uqwl
资,uqwm
瓷,uqwn
恣,uqwn
粢,uqwo
姿,uqwv
疚,uqyi
瘤,uqyl
瓣,urcu
亲,usu
瘭,usfi
尊,usgf
奠,usgd
猷,usgd
酋,usgf
遵,usgp
遒,usgp
闲,usi
疔,usk
疴,uskd
鹇,usqg
新,usrh
凇,uswc
疾,utdi
痴,utdk
瘢,utec
颜,utem
彦,uter
冼,utfq
首,uthf
痄,uthf
馘,uthg
道,uthp
瘪,uthx
痢,utjk
阁,utkd
疙,utnv
疼,utui
痿,utvd
立,uuuu
阙,uubw
痒,uudk
瘥,uuda
阐,uujf
瘅,uujf
瘴,uujk
癔,uujn
阅,uukq
痫,uusi
妆,uvg
痕,uvei
妾,uvf
瘦,uvhc
兼,uvou
鹣,uvog
歉,uvow
阋,uvqv
瘐,uvwi
闪,uwi
阀,uwae
疮,uwbv
疹,uwee
瘵,uwfi
痊,uwgd
阕,uwgd
疥,uwjk
益,uwlf
蠲,uwlj
瘊,uwnd
痤,uwwf
准,uwyg
冷,uwyc
北,uxn
邶,uxbh
背,uxef
弟,uxht
鹈,uxhg
剃,uxhj
递,uxhp
冀,uxlw
凝,uxth
辫,uxuh
兹,uxxu
孳,uxxb
鹚,uxxg
慈,uxxn
六,uygy
冫,uyg
疰,uygd
疒,uygg
辛,uygh
丬,uygh
门,uyhn
闵,uyi
凉,uyiy
凛,uyli
闹,uymh
闶,uymv
阂,uynw
辨,uytu
辩,uyuh
阆,uyve
瘁,uywf
瘀,uywu
阏,uywu
痃,uyxi
毁,vamc
媒,vafs
姬,vahh
舁,vaj
嫫,vajd
妪,vaqy
娆,vatq
好,vbg
媸,vbhj
她,vbn
婀,vbsk
妈,vcg
既,vcaq
暨,vcag
即,vcbh
孥,vcbf
妤,vcbh
驽,vccf
始,vckg
努,vclb
帑,vcmh
胬,vcmw
怒,vcnu
弩,vcxb
奴,vcy
姑,vdg
娠,vdfe
奶,ven
垦,veff
媛,vefc
姐,vegg
艮,vei
恳,venu
退,vepi
嫒,vepc
寻,vfu
那,vfbh
妓,vfcy
娃,vffg
奸,vfh
聿,vfhk
建,vfhp
妹,vfiy
媾,vfjf
嬉,vfkk
妩,vfqn
孀,vfsh
姥,vftx
嫱,vfuk
姨,vgxw
妍,vgah
婧,vgeg
婊,vgey
嫣,vgho
嫩,vgkt
娅,vgog
婕,vgvh
叟,vhcu
肀,vhk
录,viu
隶,vii
肃,vijk
剥,vijh
逮,vipi
嫦,viph
逯,vipi
姚,viqn
妙,vitt
旭,vjd
旮,vjf
娌,vjfg
妲,vjgg
娼,vjjg
媪,vjlg
巢,vjsu
剿,vjsj
如,vkg
邵,vkbh
邕,vkcb
娟,vkeg
召,vkf
娱,vkgd
劭,vkln
娲,vkmw
恕,vknu
迢,vkpd
絮,vkxi
舅,vllb
姻,vldy
甾,vlf
邋,vlqp
嫘,vlxi
妯,vmg
娉,vmgn
姗,vmmg
刀,vnt
妞,vnfg
彐,vngg
媚,vnhg
婿,vnhe
妃,vnn
巛,vnnn
娓,vntn
鼠,vnun
鼷,vnud
鼯,vnuk
鼬,vnum
鼢,vnuv
鼹,vnuv
妮,vnxn
姒,vnyw
灵,vou
巡,vpv
嫁,vpey
婶,vpjh
帚,vpmh
婉,vpqb
嫔,vprw
姹,vpta
婚,vqaj
娩,vqkq
舄,vqou
妁,vqyy
鸠,vqyg
姝,vriy
婢,vrtf
杂,vsu
嫖,vsfi
九,vtn
妖,vtdy
娇,vtdj
尹,vte
妊,vtfg
姓,vtgg
臼,vthg
媳,vthn
群,vtkd
郡,vtkb
君,vtkd
媲,vtlx
姊,vtnt
娥,vtrt
嫌,vuvo
姘,vuah
婵,vujf
嫜,vujh
嫡,vumd
姣,vuqy
娴,vusy
嫉,vutd
馗,vuth
娣,vuxt
妇,vvg
娜,vvfb
嫂,vvhc
女,vvvv
臾,vwi
妗,vwyn
姆,vxgu
妣,vxxn
妨,vyn
刃,vyi
丸,vyi
妫,vyly
嬗,vylg
妒,vynt
忍,vynu
婷,vyps
嬷,vysc
娘,vyve
人,wwww
代,way
偌,wadk
仝,waf
垡,waff
伢,waht
借,wajg
偃,wajv
黛,walo
贷,wamu
岱,wamj
僭,waqj
儆,waqt
伛,waqy
牮,warh
伐,wat
侥,watq
供,wawy
袋,waye
他,wbn
戗,wbat
仓,wbb
仔,wbg
佴,wbg
创,wbjh
公,wcu
颂,wcdm
俑,wceh
瓮,wcgn
翁,wcnf
侔,wcrh
俟,wctd
俊,wcwt
傩,wcwy
仅,wcy
估,wdg
佐,wdag
侑,wdeg
侉,wdfn
仨,wdg
佰,wdjg
俳,wdjd
俺,wdjn
佑,wdkg
段,wdmc
优,wdnn
倚,wdsk
做,wdty
俦,wdtf
僚,wdui
傣,wdwi
俸,wdwh
伏,wdy
仗,wdyy
仍,wen
俘,webg
佣,weh
会,wfcu
偾,wfam
郐,wfcb
刽,wfcj
伎,wfcy
儒,wfdj
侍,wffy
佳,wffg
仁,wfg
仕,wfg
什,wfh
值,wfhg
祭,wfiu
畲,wfil
佘,wfiu
俅,wfiy
舍,wfkf
舒,wfkb
佶,wfkg
僖,wfkk
舆,wflw
璺,wfmy
爨,wfmo
伟,wfnh
传,wfny
佬,wftx
佞,wfvg
付,wfy
全,wgf
倒,wgcj
侄,wgcf
癸,wgdu
傅,wgef
倩,wgeg
俞,wgej
愈,wgen
毹,wgen
逾,wgep
觎,wgeq
伍,wgg
剑,wgij
佥,wgif
敛,wgit
便,wgjq
合,wgkf
龠,wgka
命,wgkb
鸽,wgkg
盒,wgkl
凳,wgkm
颌,wgkm
翕,wgkn
使,wgkq
拿,wgkr
登,wgku
歙,wgkw
龛,wgkx
僵,wglg
俩,wgmw
债,wgmy
俪,wgmy
佤,wgnn
兮,wgnb
俨,wgod
例,wgqj
傲,wgqt
侠,wguw
个,whj
企,whf
佧,whhy
倬,whjh
侦,whmy
候,whnd
修,whte
倏,whtd
悠,whtn
攸,whty
俱,whwy
仆,why
偿,wipc
俏,wieg
倘,wimk
傥,wipq
佻,wiqn
氽,wiu
介,wjj
俚,wjfg
但,wjgg
伸,wjhh
倡,wjjg
偶,wjmy
偈,wjqn
倮,wjsy
保,wksy
俣,wkgd
促,wkhy
仲,wkhh
侣,wkkg
侃,wkqn
堡,wksf
煲,wkso
佃,wlg
儇,wlge
偎,wlge
伽,wlkg
儡,wlll
仂,wln
仙,wmh
倜,wmfk
佩,wmgh
侗,wmgk
俜,wmgn
侧,wmjh
仉,wmn
催,wmwy
亿,wnn
倔,wnbm
倨,wndg
伺,wngk
假,wnhc
僻,wnku
阜,wnnf
追,wnnp
侯,wntd
伲,wnxn
似,wnyw
伙,woy
偻,wovg
侬,wpey
伫,wpgg
倌,wpnn
傧,wprw
倥,wpwa
佗,wpxn
你,wqiy
低,wqay
爷,wqbj
仰,wqbh
爸,wqcb
儋,wqdy
釜,wqfu
您,wqin
像,wqje
佝,wqkg
侈,wqqy
爹,wqqq
斧,wqrj
偬,wqrn
父,wqu
伯,wrg
件,wrhh
侏,wriy
傀,wrqc
俾,wrtf
佚,wrwy
休,wsy
体,wsgg
仃,wsh
何,wskg
僳,wsoy
鸺,wsqg
傈,wssy
作,wthf
伥,wtay
叙,wtcy
仫,wtcy
侨,wtdj
任,wtfg
仟,wtfh
仵,wtfh
凭,wtfm
赁,wtfm
恁,wtfn
亻,wth
俐,wtjh
伤,wtln
傻,wtlt
仡,wtnn
途,wtpi
俄,wtrt
余,wtu
斜,wtuf
佟,wtuy
倭,wtvg
侮,wtxu
八,wty
们,wun
倦,wudb
佯,wudh
伴,wufh
位,wug
伞,wuhj
僮,wujf
倍,wukg
僧,wulj
傍,wupy
佼,wuqy
分,wvb
颁,wvdm
健,wvfp
坌,wvff
盆,wvlf
贫,wvmu
岔,wvmj
仇,wvn
忿,wvnu
侵,wvpc
倪,wvqn
伊,wvtt
仞,wvyy
从,wwy
耸,wwbf
伧,wwbn
佾,wweg
俎,wweg
坐,wwff
侩,wwfc
傺,wwfi
丛,wwgf
俭,wwgi
偷,wwgj
价,wwjh
谷,wwkf
鹆,wwkg
欲,wwkw
怂,wwnu
份,wwvn
众,wwwu
俗,wwwk
伦,wwxn
伶,wwyc
僬,wwyo
化,wxn
仑,wxb
倾,wxdm
华,wxfj
佛,wxjh
货,wxmu
仳,wxxn
偕,wxxr
信,wyg
禽,wybc
令,wycu
邻,wycb
领,wycm
瓴,wycn
翎,wycn
依,wyey
隽,wyeb
储,wyfj
隼,wyfj
隹,wyg
住,wygg
僦,wyin
侪,wyjh
售,wykf
伪,wyly
伉,wymn
仿,wyn
偏,wyna
今,wynb
衾,wyne
含,wynk
贪,wynm
颔,wynm
念,wynn
焦,wyou
鹪,wyog
劁,wyoj
停,wyps
仪,wyqy
集,wysu
食,wyve
俯,wywf
雠,wyyy
经,xcag
红,xag
绒,xadt
绀,xafg
缂,xafh
练,xanw
绁,xann
绕,xatq
弛,xbn
弭,xbg
绌,xbmh
弪,xcag
纾,xcbh
缀,xccc
绎,xcfh
绐,xckg
弘,xcy
顷,xdmy
绂,xdcy
毋,xde
绔,xdfn
缛,xdff
缄,xdgt
弼,xdjx
绯,xdjd
缅,xdmd
绮,xdsk
绑,xdtb
缭,xdui
级,xeyy
绷,xeeg
缓,xefc
组,xegg
蠡,xejj
绶,xepc
彖,xeu
绥,xevg
结,xfkg
纭,xfcy
疆,xfgg
缜,xfhw
缬,xfkm
贯,xfmu
续,xfnd
纬,xfnh
鸨,xfqg
绪,xftj
绫,xfwt
纣,xfy
线,xgt
纯,xgbn
缚,xgef
纡,xgfh
绠,xgjq
缰,xglg
绩,xgmy
彝,xgoa
缙,xgoj
母,xgui
彘,xgxx
引,xhh
缈,xhit
绰,xhjh
纱,xitt
颍,xidm
绡,xieg
绱,ximk
糸,xiu
旨,xjf
缇,xjgh
绅,xjhh
弗,xjk
缦,xjlc
费,xjmu
艴,xjqc
缆,xjtq
绲,xjxx
强,xkjy
缉,xkbg
绢,xkeg
缋,xkhm
缱,xkhp
犟,xkjh
绳,xkjn
缲,xkks
织,xkwy
细,xlg
缳,xlge
幼,xln
缌,xlny
辔,xlxk
缧,xlxi
纲,xmqy
绸,xmfk
缨,xmmv
纳,xmwy
纪,xnn
缗,xnaj
纽,xnfg
弓,xngn
纠,xnhh
幻,xnn
幺,xnny
缪,xnwe
继,xonn
缕,xovg
粥,xoxn
鬻,xoxh
综,xpfi
绽,xpgh
绾,xpnn
缤,xprw
缩,xpwj
约,xqyy
纸,xqan
绝,xqcn
弥,xqiy
绚,xqjg
绉,xqvg
绵,xrmh
弧,xrcy
缴,xryt
缥,xsfi
缃,xshg
张,xtay
绛,xtah
颖,xtdm
疑,xtdh
肄,xtdh
缝,xtdp
乡,xte
绣,xten
纤,xtfh
绗,xtfh
缵,xtfm
缍,xtgf
绺,xthk
络,xtkg
匕,xtn
纥,xtnn
绦,xtsy
终,xtuy
飨,xtwe
弱,xuxu
缮,xudk
绻,xudb
绊,xufh
弹,xujf
缯,xulj
缔,xuph
绞,xuqy
缣,xuvo
缢,xuwl
绨,xuxt
绿,xviy
缫,xvjs
绍,xvkg
缁,xvlg
纫,xvyy
纨,xvyy
给,xwgk
缎,xwdc
绘,xwfc
缏,xwgq
缑,xwnd
缒,xwnp
纷,xwvn
纵,xwwy
纶,xwxn
维,xwyg
比,xxn
畿,xxal
缘,xxey
毕,xxfj
丝,xxgf
鸶,xxgg
毙,xxgx
绋,xxjh
幽,xxmk
毖,xxnt
皆,xxrf
纟,xxxx
纰,xxxn
纺,xyn
缡,xybc
统,xycq
缠,xyjf
缟,xymk
编,xyna
纩,xyt
弦,xyxy
纹,xyy
主,ygd
度,yaci
试,yaag
诫,yaah
诺,yadk
谌,yadn
谋,yafs
讧,yag
诓,yagg
讶,yaht
谟,yajd
谨,yakg
廑,yakg
席,yamh
谍,yans
讵,yang
庹,yany
庶,yaoi
鹧,yaog
遮,yaop
讴,yaqy
谮,yaqj
诬,yaww
谎,yayq
离,ybmc
郭,ybbh
诹,ybcy
享,ybf
邝,ybh
邡,ybh
亨,ybj
诎,ybmh
烹,ybou
鹑,ybqg
敦,ybty
憝,ybtn
熟,ybvo
塾,ybvf
孰,ybvy
充,ycqb
弃,ycaj
序,ycbk
袤,ycbe
谲,ycbk
育,ycef
诵,yceh
译,ycfh
诒,yckg
诶,yctd
庆,ydi
诂,ydg
诔,ydiy
诽,ydjd
齑,ydjj
庵,ydjn
斋,ydmj
诚,ydnt
诙,ydoy
庞,ydxv
衣,yeu
谖,yefc
诅,yegg
裔,yemk
谣,yerm
哀,yeu
诼,yeyy
计,yfh
庋,yfci
庄,yfd
诗,yffy
诖,yffg
讦,yfh
讲,yfjh
诘,yfkg
谳,yfmd
读,yfnd
讳,yfnh
庑,yfqv
诸,yftj
讨,yfy
斌,ygah
请,ygeg
证,yghg
语,ygkg
谏,ygli
廒,ygqt
评,yguh
让,yhg
谑,yhag
店,yhkd
卞,yhu
讣,yhy
就,yidn
应,yid
鹫,yidg
诮,yieg
谠,yipq
京,yiu
刘,yjh
廛,yjff
齐,yjj
剂,yjjh
谩,yjlc
谒,yjqn
课,yjsy
裹,yjse
训,ykh
吝,ykf
误,ykgd
衰,ykge
衷,ykhe
谴,ykhp
襄,ykke
谔,ykkn
瓤,ykky
识,ykwy
谓,yleg
亩,ylf
库,ylk
禀,ylki
颤,ylkm
谡,ylwt
高,ymkf
亢,ymb
设,ymcy
庙,ymd
颃,ymdm
调,ymfk
讪,ymh
市,ymhj
敲,ymkc
讥,ymn
讽,ymqy
讷,ymwy
记,ynn
邙,ynbh
戾,yndi
扉,yndd
户,yne
肩,yned
肓,ynef
望,yneg
讯,ynfh
诩,yng
词,yngk
盲,ynhf
永,ynii
昶,ynij
鹿,ynjx
麝,ynjf
麈,ynjg
麟,ynjh
麂,ynjm
麋,ynjo
鏖,ynjq
麇,ynjt
麒,ynjw
启,ynkd
扈,ynkc
赢,ynky
羸,ynky
蠃,ynky
嬴,ynky
遍,ynmp
扁,ynma
扃,ynmk
翩,ynmn
氓,ynna
扇,ynnd
忘,ynnu
刻,yntj
肇,ynth
綮,ynti
劾,yntl
谧,yntl
颏,yntm
亥,yntw
废,ynty
戽,ynuf
亡,ynv
妄,ynvf
廖,ynwe
谬,ynwe
雇,ynwy
诀,ynwy
房,ynyv
变,yocu
弈,yoaj
孪,yobf
奕,yodu
蛮,yoju
峦,yomj
脔,yomw
恋,yonu
谈,yooy
迹,yopi
谜,yopy
鸾,yoqg
銮,yoqf
挛,yorj
栾,yosu
亦,you
娈,yovf
弯,yoxb
谊,ypeg
豪,ypeu
膏,ypke
诨,yplh
亮,ypmb
亭,ypsj
毫,yptn
诧,ypta
亳,ypta
义,yqi
底,yqay
诋,yqay
诡,yqdb
谵,yqdy
廨,yqeh
询,yqjg
谗,yqku
庖,yqnv
诳,yqtg
诌,yqvg
谄,yqvg
诤,yqvh
诉,yryy
诟,yrgk
诛,yriy
庳,yrtf
亵,yrve
订,ysh
床,ysi
谭,ysjh
诃,yskg
麻,yssi
魔,yssc
麽,yssc
磨,yssd
靡,yssd
縻,yssi
麾,yssn
糜,ysso
摩,yssr
放,yty
旗,ytaw
施,ytbn
话,ytdg
旖,ytdk
诱,yten
膂,ytee
旅,ytey
许,ytfh
诰,ytfk
庭,ytfp
诜,ytfq
旆,ytgh
诈,ythf
诞,ythp
谢,ytmf
旃,ytmy
旋,ytnh
讫,ytnn
旎,ytnx
族,yttd
旌,yttg
旄,yttn
诿,ytvg
诲,ytxu
州,ytyh
旒,ytyq
说,yukq
详,yudh
庠,yudk
谫,yuev
谰,yugi
斓,yugi
谙,yujg
谪,yumd
谱,yuoj
谤,yupy
谛,yuph
谘,yuqk
谚,yute
谦,yuvo
廉,yuvo
谥,yuwl
良,yvei
朗,yvce
郎,yvcb
庸,yveh
裒,yveu
唐,yvhk
康,yvii
诏,yvkg
庚,yvwi
庾,yvwi
赓,yvwm
谀,yvwy
认,ywy
讼,ywcy
诊,ywet
府,ywfi
腐,ywfw
诠,ywgg
谕,ywgj
褒,ywke
庥,ywsi
夜,ywty
於,ywuy
座,ywwf
膺,ywwe
卒,ywwf
鹰,ywwg
谶,ywwg
论,ywxn
讹,ywxn
谁,ywyg
谂,ywyn
谯,ywyo
率,yxif
紊,yxiu
诣,yxjg
畜,yxlf
雍,yxty
饔,yxte
壅,yxtf
玄,yxu
庀,yxv
庇,yxxv
谐,yxxr
方,yygn
廓,yybb
谆,yybg
亠,yyg
广,yygt
文,yygy
谅,yyiy
丶,yyll
廪,yyli
访,yyn
讠,yyn
谝,yyna
庐,yyne
该,yynw
议,yyqy
廊,yyvb
谇,yywf
言,yyyy
