中,a
扎,aa
眨,aab
眨,aabj
齄,aabm
蚱,aac
蚱,aacv
渣,aad
渣,aadm
扎,aaf
扎,aafl
揸,aafm
诈,aai
诈,aaiv
痄,aaj
痄,aajv
轧,aal
轧,aall
榨,aam
查,aamb
札,aaml
楂,aamm
栅,aamn
榨,aamn
闸,aan
闸,aanq
哳,aaof
吒,aaoj
喳,aaom
咤,aaon
砟,aap
砟,aapv
炸,aar
炸,aarv
猹,aasm
乍,aav
乍,aavg
铡,aaz
铡,aazr
盏,ada
盏,adaq
瞻,adb
瞻,adbh
沾,add
湛,addb
沾,addl
崭,ade
崭,adel
搌,adf
搌,adfp
詹,adh
詹,adhj
蘸,adhq
站,adi
颤,adid
谵,adih
站,adil
颤,adit
旃,adiv
战,adl
战,adla
斩,adlj
毡,adll
占,adlo
辗,adlp
栈,adm
栈,adma
展,adp
展,adph
绽,adw
绽,adwn
粘,adx
粘,adxl
着,ae
浙,aed
浙,aedf
折,aef
蛰,aef
蜇,aefc
摺,aefe
折,aefj
哲,aefo
着,aeg
着,aegb
蔗,aeh
蔗,aehj
谪,aei
谪,aeii
这,aeiz
者,aej
者,aejb
鹧,aejs
遮,aejz
辙,ael
辙,aeli
辄,aelp
柘,aem
柘,aemp
嘀,aeo
嘀,aeoi
磔,aep
磔,aepd
褚,aet
褶,aete
褚,aetj
赭,aey
赭,aeyj
喆,aeyy
锗,aez
锗,aezj
张,af
嫜,afai
蟑,afc
蟑,afci
涨,afd
漳,afdi
涨,afdw
帐,afe
幛,afe
嶂,afei
帐,afek
璋,afg
璋,afgi
彰,afi
章,afi
彰,afij
鄣,afip
章,afix
瘴,afj
瘴,afji
长,afk
长,afkd
杖,afm
樟,afmi
杖,afmx
胀,afn
胀,afnk
障,afp
障,afpi
账,afr
账,afrk
獐,afs
獐,afsi
仗,afv
仉,afvw
仗,afvx
掌,afw
掌,afwf
张,afwk
丈,afx
丈,afxd
拽,ag
拽,agf
拽,agfb
嘬,agob
摘,ah
翟,ahe
翟,ahev
摘,ahf
摘,ahfi
斋,ahi
斋,ahit
瘵,ahjx
窄,ahn
宅,ahnj
寨,ahnm
窄,ahnv
债,ahv
债,ahvy
砦,ahyp
只,ai
氏,aic
氏,aica
蛭,aicu
蜘,aicv
治,aid
滞,aidh
炙,aidr
治,aidu
汁,aidx
峙,aie
帜,aie
帙,aiej
踬,aiej
踯,aiek
帜,aieo
跖,aiep
趾,aiey
指,aif
掷,aif
挚,aiff
摭,aifj
掷,aifk
指,aifl
贽,aifr
鸷,aifs
絷,aifw
执,aifx
芝,aih
觯,aihg
芷,aihy
芝,aihz
试,aii
识,aiio
制,aij
质,aij
制,aijg
卮,aijl
质,aijx
痔,aijy
痣,aijy
旨,ail
旨,ailb
轵,ailo
轾,ailu
忮,ailx
枝,aim
桎,aim
栉,aimh
栀,aimj
枳,aimo
桎,aimu
枝,aimx
植,aimx
胝,ainc
脂,ainl
膣,ainn
窒,ainu
肢,ainx
彘,aio
只,aiog
彘,aiol
职,aip
咫,aipo
职,aipo
骘,aips
陟,aipy
置,aiq
酯,aiql
置,aiqx
豸,ais
豸,aisj
殖,ait
祗,aitc
殖,aitx
祉,aity
至,aiu
致,aiua
秩,aiuj
郅,aiup
稚,aiuv
至,aiuy
侄,aiv
知,aiv
智,aivb
徵,aive
知,aivo
侄,aivu
雉,aivv
值,aivx
纸,aiw
纸,aiwc
织,aiwo
直,aix
支,aixa
直,aixb
黹,aixg
埴,aiy
止,aiy
止,aiyh
志,aiyw
址,aiyy
之,aiz
之,aizd
正,aj
睁,ajb
睁,ajbh
政,aje
政,ajea
峥,ajeh
正,ajeh
帧,ajel
挣,ajf
挣,ajfh
拯,ajfw
争,ajh
争,ajhe
蒸,ajhw
证,aji
证,ajie
诤,ajih
症,ajj
症,ajje
郑,ajk
筝,ajkh
郑,ajkp
怔,ajl
怔,ajle
整,ajm
整,ajme
狰,ajs
狰,ajsh
征,ajv
征,ajve
铮,ajz
钲,ajze
铮,ajzh
真,ak
斟,akb
斟,akbd
浈,akd
溱,akd
溱,akdg
浈,akdl
振,akf
振,akfj
珍,akg
珍,akgv
蓁,akh
蓁,akhg
诊,aki
诊,akiv
疹,akj
疹,akjv
箴,akk
箴,akka
贞,akl
贞,aklr
轸,aklv
枕,akm
椹,akmb
榛,akmg
桢,akml
枕,akmn
朕,akn
胗,akn
朕,aknk
鸩,akns
阵,akp
砧,akpl
阵,akpl
甄,akq
甄,akqa
畛,akqv
赈,akr
赈,akrj
祯,akt
震,akt
震,aktj
祯,aktl
臻,aku
臻,akug
稹,akux
侦,akv
侦,akvl
缜,akw
缜,akwx
真,akxg
圳,aky
圳,akyg
镇,akz
针,akzx
镇,akzx
种,al
螽,ala
螽,alac
踵,ale
踵,alet
忠,alf
中,alfi
盅,alfq
忠,alfw
衷,ali
衷,alif
肿,aln
肿,alnf
冢,alns
舯,alr
舯,alrf
重,alt
重,altb
种,alu
种,aluf
仲,alv
众,alv
仲,alvf
众,alvv
终,alw
终,alwa
钟,alz
钟,alzf
锺,alzt
追,an
追,anb
追,anbz
揣,anf
揣,anfe
惴,anl
惴,anle
椎,anm
椎,anmv
坠,anp
坠,anpy
骓,ans
骓,ansv
隹,anv
隹,anvi
缀,anwa
缒,anwb
赘,any
赘,anyr
锥,anz
锥,anzv
桌,ao
浊,aod
浊,aodc
濯,aode
浞,aodo
涿,aods
躅,aoe
躅,aoeq
捉,aof
擢,aofe
捉,aofo
拙,aofu
琢,aog
着,aogb
琢,aogs
著,aoh
著,aohj
茁,aohu
诼,aois
卓,aol
桌,aolm
卓,aolx
啄,aoo
啄,aoos
斫,aop
斫,aopj
酌,aoq
酌,aoqh
灼,aor
灼,aorh
焯,aorl
禚,aotg
倬,aov
倬,aovl
缴,aow
缴,aowb
镯,aoz
镯,aozq
抓,aq
抓,aqf
抓,aqfj
爪,aqj
爪,aqji
周,ar
妯,ara
妯,araq
州,ard
洲,ardd
州,ardg
帚,are
帚,aren
皱,arh
皱,arha
荮,arhw
诌,ari
诌,arih
繇,arjj
籀,ark
籀,arkf
轴,arl
轴,arlq
宙,arn
宙,arnq
肘,arnx
周,arny
啁,aron
咒,arow
昼,arp
昼,arpb
碡,arpy
酎,arq
胄,arqn
酎,arqx
舟,arr
舟,arrd
骤,ars
骤,arsp
粥,arw
绉,arwh
粥,arwx
纣,arwx
找,as
照,asb
照,asbd
昭,asbh
沼,asd
沼,asdh
招,asf
找,asfa
招,asfh
着,asg
着,asgb
召,ash
召,asho
诏,asi
诏,asih
爪,asj
爪,asji
笊,askj
棹,asm
棹,asml
啁,aso
嘲,aso
嘲,asox
肇,asp
肇,aspe
罩,asq
罩,asql
朝,asx
兆,asxd
朝,asxn
赵,asy
赵,asyx
钊,asz
钊,aszg
准,at
主,au
助,aub
瞩,aubp
助,aubx
蛛,auc
蛀,aucd
蛛,aucj
注,aud
注,audd
主,audg
洙,audj
渚,audj
潴,auds
躅,aue
躅,aueq
拄,auf
拄,aufd
珠,aug
珠,augj
著,auh
茱,auhj
著,auhj
苎,auhn
诛,aui
诸,aui
诛,auij
诸,auij
朱,auj
麈,auj
煮,aujd
疰,aujd
麈,aujd
翥,auje
朱,aujm
邾,aujp
瘃,aujs
筑,auk
竺,aukg
筑,auki
箸,aukj
术,aum
柱,aum
术,aumd
槠,aumi
株,aumj
杼,aumz
嘱,auo
嘱,auop
属,aup
属,aupj
烛,aur
烛,aurc
炷,aurd
贮,aurn
舳,aurq
逐,aus
驻,ausd
猪,ausj
橥,ausm
逐,ausz
祝,aut
祝,auto
住,auv
住,auvd
侏,auvj
伫,auvn
竹,auvv
铸,auz
铸,auzf
铢,auzj
追,av
追,avb
追,avbz
揣,avf
揣,avfe
惴,avl
惴,avle
椎,avm
椎,avmv
坠,avp
坠,avpy
骓,avs
骓,avsv
隹,avv
隹,avvi
缀,avwa
缒,avwb
赘,avy
赘,avyr
锥,avz
锥,avzv
这,awi
这,awiz
装,ax
幢,axe
幢,axei
撞,axf
撞,axfi
戆,axi
戆,axiw
庄,axj
庄,axjy
状,axk
妆,axka
状,axkr
装,axkt
壮,axky
憧,axl
憧,axli
桩,axm
桩,axmj
准,ay
准,ayd
准,aydv
谆,ayi
谆,ayii
肫,ayn
窀,aynl
肫,aynl
转,az
颛,aze
颛,azet
撰,azf
撰,azfl
专,azg
专,azgl
篆,azk
馔,azkl
篆,azko
转,azlg
啭,azo
啭,azol
砖,azp
砖,azpg
赚,azr
赚,azrk
传,azv
传,azvg
不,b
八,ba
魃,bab
魃,babx
灞,bad
灞,badt
跋,bae
岜,bael
跋,baex
把,baf
扒,bafg
把,bafl
捌,bafo
拔,bafx
爸,bag
八,bagd
靶,bah
菝,bahf
芭,bahl
靶,bahl
茇,bahx
疤,baj
疤,bajl
笆,bak
笆,bakl
巴,bal
巴,ball
耙,bam
耙,baml
吧,bao
叭,baog
吧,baol
罢,baq
罢,baqy
霸,bat
霸,bath
鲅,baux
粑,baxl
坝,bayr
钯,baz
钯,bazl
宾,bb
滨,bbd
滨,bbdn
濒,bbdy
豳,bbe
豳,bbes
摈,bbfn
玢,bbg
玢,bbgg
斌,bbi
斌,bbih
彬,bbm
彬,bbmj
槟,bbmn
宾,bbn
膑,bbnn
宾,bbno
髌,bbrn
殡,bbt
殡,bbtn
鬓,bbu
鬓,bbun
傧,bbv
傧,bbvn
缤,bbw
缤,bbwn
镔,bbz
镔,bbzn
边,bc
匾,bcc
匾,bccp
蝙,bccp
卞,bcd
汴,bcd
汴,bcdd
卞,bcdf
鞭,bch
苄,bchd
鞭,bchv
变,bci
变,bcia
辨,bcid
辩,bcii
辫,bciw
笾,bck
笾,bckx
忭,bcl
忭,bcld
窆,bcn
窆,bcnj
遍,bcp
砭,bcpj
扁,bcpn
碥,bcpp
遍,bcpz
贬,bcr
贬,bcrj
煸,bcrp
褊,bct
褊,bctp
弁,bcu
弁,bcuh
鳊,bcup
便,bcv
便,bcvh
编,bcw
编,bcwp
缏,bcwv
边,bcx
边,bcxz
半,bd
扮,bdf
扮,bdfg
拌,bdfg
扳,bdfj
搬,bdfr
班,bdg
班,bdgd
半,bdgf
斑,bdgi
颁,bdgt
瓣,bdi
瓣,bdij
癍,bdj
癍,bdjg
瘢,bdjr
版,bdk
版,bdkj
板,bdm
板,bdmj
阪,bdp
阪,bdpj
般,bdr
舨,bdrj
般,bdrw
伴,bdv
伴,bdvg
绊,bdw
绊,bdwg
办,bdx
办,bdxg
坂,bdy
坂,bdyj
钣,bdzj
帮,bf
蚌,bfc
蚌,bfcf
浜,bfd
浜,bfdo
邦,bff
帮,bffe
邦,bffp
蒡,bfh
蒡,bfhi
谤,bfi
谤,bfii
棒,bfm
梆,bfmf
棒,bfmg
榜,bfmi
膀,bfn
膀,bfni
磅,bfp
磅,bfpi
傍,bfv
傍,bfvi
绑,bfw
绑,bfwf
镑,bfz
镑,bfzi
并,bg
冰,bgd
冰,bgdx
摒,bgf
摒,bgfp
丙,bgh
丙,bghn
邴,bghp
禀,bgi
禀,bgit
病,bgj
病,bgjh
并,bgk
并,bgkh
饼,bgkk
柄,bgm
柄,bgmh
槟,bgmn
兵,bgo
兵,bgog
屏,bgp
屏,bgpk
炳,bgr
炳,bgrh
秉,bgu
秉,bgue
白,bh
白,bhb
白,bhbh
摆,bhf
捭,bhfb
掰,bhfg
拜,bhfh
摆,bhfq
百,bhh
百,bhhb
柏,bhm
柏,bhmb
呗,bho
呗,bhor
败,bhr
败,bhra
稗,bhu
稗,bhub
佰,bhv
佰,bhvh
比,bi
婢,bia
婢,biab
妣,bial
鼻,bib
睥,bibb
鼻,bibb
泌,bid
濞,bidb
滗,bidk
泌,bidw
跸,bie
跸,biel
弊,big
敝,biga
弊,bigh
碧,bigp
逼,bih
萆,bihb
蔽,bihg
蓖,bihj
荜,bihl
薜,bihp
荸,bihx
逼,bihz
庇,bij
币,bije
庇,bijl
痹,bijq
笔,bik
筚,bik
篦,bikj
笔,bikl
箅,bikq
匕,bil
匕,bill
比,bill
毙,bilt
愎,bilv
毖,bilw
毕,bilx
闭,bin
闭,binx
哔,bio
鄙,bio
吡,biol
哔,biol
鄙,biop
臂,bip
避,bip
嬖,bipa
璧,bipg
辟,bipi
陛,bipl
屄,bipn
臂,bipn
襞,bipt
壁,bipy
避,bipz
畀,biq
畀,biqh
髀,birb
舭,birl
狴,bisl
裨,bit
裨,bitb
秘,biu
秕,biul
秘,biuw
彼,biv
彼,biva
俾,bivb
必,biw
必,biwj
弼,biwt
铋,biz
铋,bizw
蹦,bj
蚌,bjc
蚌,bjcf
崩,bje
蹦,bjee
崩,bjen
迸,bjk
迸,bjkz
嘣,bjo
嘣,bjoe
泵,bjp
泵,bjpx
甭,bjt
甭,bjtn
绷,bjw
绷,bjwn
甏,bjy
甏,bjya
本,bk
犇,bkf
坌,bkg
坌,bkgy
苯,bkh
苯,bkhm
笨,bkk
笨,bkkm
本,bkm
本,bkmh
奔,bkr
奔,bkrx
畚,bku
畚,bkuq
贲,bkx
贲,bkxr
锛,bkz
锛,bkzr
表,bm
婊,bma
婊,bmay
彪,bmj
彪,bmjj
瘭,bmjq
标,bmm
杓,bmmh
标,bmmt
膘,bmn
膘,bmnq
飙,bmr
飙,bmrw
骉,bms
骠,bms
骠,bmsq
裱,bmt
裱,bmty
髟,bmuj
鳔,bmuq
飑,bmw
飑,bmwh
飚,bmwr
表,bmyj
镖,bmz
镳,bmzj
镖,bmzq
拨,bo
帛,bob
魄,bobb
帛,bobe
波,bod
波,boda
泊,bodb
渤,bodx
剥,boe
跛,boea
剥,boeg
踣,boei
搏,bof
播,bof
搏,boff
拨,bofl
玻,bog
玻,boga
菠,boh
薄,boh
菠,bohd
薄,bohd
蕃,bohu
亳,boij
簿,bok
簸,bokb
箔,bokd
簿,bokd
饽,bokx
卜,bol
卜,bold
柏,bom
柏,bomb
脖,bon
膊,bonf
脖,bonx
啵,boo
啵,bood
礴,bop
擘,bopf
礴,boph
檗,bopm
舶,bor
舶,borb
般,borw
驳,bos
驳,bosx
伯,bov
伯,bovb
勃,box
博,box
博,boxf
鹁,boxs
勃,boxx
钵,boz
铂,bozb
钵,bozm
钹,bozx
别,bp
憋,bpg
蹩,bpg
蹩,bpgo
鳖,bpgu
憋,bpgw
蔽,bphg
瘪,bpj
瘪,bpjb
别,bpog
边,bq
匾,bqc
匾,bqcp
蝙,bqcp
卞,bqd
汴,bqd
汴,bqdd
卞,bqdf
鞭,bqh
苄,bqhd
鞭,bqhv
变,bqi
变,bqia
辨,bqid
辩,bqii
辫,bqiw
笾,bqk
笾,bqkx
忭,bql
忭,bqld
窆,bqn
窆,bqnj
遍,bqp
砭,bqpj
扁,bqpn
碥,bqpp
遍,bqpz
贬,bqr
贬,bqrj
煸,bqrp
褊,bqtp
弁,bqu
鳊,bqud
弁,bquh
便,bqv
便,bqvh
编,bqw
编,bqwp
缏,bqwv
边,bqx
边,bqxz
抱,bs
暴,bsb
曝,bsbb
暴,bsbh
瀑,bsdb
剥,bse
剥,bseg
趵,bseh
报,bsf
抱,bsfh
报,bsfp
包,bsh
薄,bshd
刨,bshg
苞,bshh
包,bshl
勹,bshn
葆,bshv
褒,bsiv
饱,bsk
饱,bskh
鸨,bsl
鸨,bsls
宝,bsn
宝,bsng
胞,bsnh
爆,bsr
爆,bsrb
炮,bsrh
豹,bss
豹,bssh
雹,bst
雹,bsth
褓,bstv
鲍,bsu
鲍,bsuh
保,bsv
保,bsvo
煲,bsvr
堡,bsvy
龅,bsy
龅,bsyh
孢,bsz
孢,bszh
部,bu
晡,bub
晡,bubf
捕,buf
捕,buff
逋,bufz
瓿,bui
瓿,buia
部,buip
簿,buk
簿,bukd
卜,bul
卜,buld
怖,bulx
哺,buo
哺,buof
卟,buol
醭,buqx
补,but
不,butl
补,butl
布,bux
布,buxe
步,buy
埠,buyb
钚,buz
钚,buzt
钸,buzx
被,bw
备,bwa
备,bwaq
惫,bwaw
卑,bwb
鹎,bwbs
卑,bwbx
蓓,bwh
鞴,bwhh
蓓,bwhv
背,bwk
北,bwkl
背,bwkn
邶,bwkp
悖,bwl
悖,bwlx
杯,bwm
杯,bwmt
呗,bwo
呗,bwor
臂,bwp
陂,bwpa
碑,bwpb
碚,bwpi
臂,bwpn
鐾,bwpz
贝,bwrd
焙,bwri
狈,bws
狈,bwsr
被,bwt
被,bwta
褙,bwtk
倍,bwv
倍,bwvi
孛,bwx
辈,bwx
辈,bwxl
悲,bwxw
孛,bwxz
钡,bwz
钡,bwzr
才,c
区,c;
刚,c;;
网,c;;w
擦,ca
擦,caf
擦,cafn
礤,caph
参,cd
掺,cdf
掺,cdfu
璨,cdgl
蚕,cdh
蚕,cdhc
餐,cdl
餐,cdlk
惭,cdll
惨,cdlu
粲,cdlx
孱,cdpz
黪,cdq
黪,cdqu
灿,cdr
灿,cdre
骖,cds
骖,cdsu
残,cdt
残,cdta
参,cdu
参,cduj
测,ce
测,ced
测,cedr
厕,cej
厕,cejr
策,cek
策,cekm
恻,cel
恻,celr
栅,cem
栅,cemn
册,cenn
侧,cev
侧,cevr
坼,cey
坼,ceyj
藏,cf
沧,cfd
沧,cfdv
苍,cfh
藏,cfha
苍,cfhv
臧,cfk
臧,cfkc
舱,cfr
舱,cfrv
仓,cfv
仓,cfvl
伧,cfvv
菜,ch
睬,chb
睬,chbj
踩,che
踩,chej
菜,chhj
蔡,chhx
采,chj
彩,chjj
采,chjm
材,chm
材,chmx
财,chr
财,chrx
猜,chs
猜,chsy
才,chx
才,chxj
裁,chxt
此,ci
次,cid
瓷,cida
次,cidh
差,cig
差,cigi
茨,cihd
茈,cihy
词,cii
词,ciin
疵,cij
疵,cijy
慈,cik
鹚,ciks
兹,cikw
慈,cikw
刺,cim
刺,cimg
呲,cio
呲,cioy
磁,cip
磁,cipk
赐,cir
赐,cirb
祠,cit
辞,cit
辞,citi
祠,citn
伺,civ
伺,civn
糍,cix
糍,cixk
雌,ciy
此,ciyl
雌,ciyv
曾,cj
蹭,cje
蹭,cjeg
曾,cjg
曾,cjgq
噌,cjo
噌,cjog
层,cjp
层,cjpg
涔,ckd
涔,ckde
岑,ckev
参,cku
参,ckuj
从,cl
淙,cld
淙,cldn
琮,clg
璁,clgj
琮,clgn
匆,clh
苁,clh
葱,clhh
匆,clhj
苁,clhv
囱,clj
囱,cljq
枞,clm
枞,clmv
聪,clp
聪,clpg
骢,cls
骢,clsj
丛,clv
丛,clvh
从,clvv
淬,cnd
淬,cndi
翠,cne
翠,cnei
崔,cnev
摧,cnf
摧,cnfe
璀,cng
璀,cnge
萃,cnh
萃,cnhi
衰,cnio
瘁,cnj
瘁,cnji
悴,cnl
悴,cnli
毳,cnll
榱,cnm
榱,cnmi
脆,cnn
脆,cnnh
啐,cno
啐,cnoi
催,cnv
催,cnve
粹,cnx
粹,cnxi
错,co
蹉,coe
嵯,coeg
蹉,coeg
措,cof
撮,cofb
搓,cofg
措,cofh
挫,cofv
厝,coj
厝,cojh
痤,cojv
鹾,colg
脞,con
脞,conv
磋,copg
矬,covv
错,coz
错,cozh
锉,cozv
凑,cr
凑,crdg
辏,crl
辏,crlg
楱,crmg
腠,crn
腠,crng
草,cs
螬,csc
螬,cscq
漕,csd
漕,csdq
操,csf
操,csfo
草,csh
草,cshb
槽,csm
槽,csmq
嘈,csoq
曹,csq
曹,csqb
艚,csr
艚,csrq
肏,csv
肏,csvn
糙,csx
糙,csxf
粗,cu
蹙,cuao
蹴,cue
蹴,cuei
蔟,cuh
蔟,cuhi
簇,cuk
簇,cuki
醋,cuq
醋,cuqh
酢,cuqv
猝,cus
猝,cusi
殂,cut
殂,cutb
促,cuv
徂,cuvb
促,cuvo
粗,cuxb
淬,cvd
淬,cvdi
翠,cve
翠,cvei
崔,cvev
摧,cvf
摧,cvfe
璀,cvg
璀,cvge
萃,cvh
萃,cvhi
衰,cvio
瘁,cvj
瘁,cvji
悴,cvl
悴,cvli
毳,cvll
榱,cvm
榱,cvmi
脆,cvn
脆,cvnh
啐,cvo
啐,cvoi
催,cvv
催,cvve
粹,cvx
粹,cvxi
存,cy
蹲,cye
蹲,cyeg
忖,cyl
忖,cylx
村,cym
村,cymx
吋,cyo
皴,cyu
皴,cyua
寸,cyxd
存,cyxz
窜,cz
蹿,cze
蹿,czen
撺,czf
攒,czff
撺,czfn
篡,czk
篡,czku
窜,czn
窜,czno
爨,czum
汆,czv
汆,czvx
镩,czz
镩,czzn
的,d
大,da
妲,daa
妲,daab
打,daf
搭,dafh
打,daft
鞑,dah
靼,dahb
鞑,dahr
龖,daii
瘩,dajh
答,dak
笪,dakb
答,dakv
怛,dalb
哒,dao
嗒,daoh
哒,daor
达,dar
大,dard
耷,darp
达,darz
褡,dat
褡,dath
沓,daxb
点,dc
电,dcb
电,dcbl
淀,dcd
淀,dcdn
滇,dcdx
巅,dce
踮,dcej
巅,dcex
垫,dcf
掂,dcfj
垫,dcfy
奠,dcg
玷,dcgl
奠,dcgr
甸,dch
店,dcj
店,dcjl
癜,dcjp
癫,dcjx
簟,dck
簟,dckq
点,dcl
点,dcld
惦,dclj
碘,dcp
阽,dcpl
碘,dcpq
殿,dcpw
典,dcq
典,dcqg
佃,dcv
佃,dcvq
颠,dcx
颠,dcxt
靛,dcy
坫,dcyl
靛,dcyn
钿,dcz
钿,dczq
但,dd
旦,ddb
旦,ddbh
眈,ddbn
淡,ddd
澹,dddh
淡,dddr
担,ddf
担,ddfb
掸,ddfg
单,ddg
单,ddgb
郸,ddgp
萏,ddh
萏,ddhh
诞,ddi
诞,ddie
疸,ddjb
瘅,ddjg
氮,ddk
箪,ddkg
氮,ddkr
惮,ddl
惮,ddlg
蛋,ddn
胆,ddnb
蛋,ddnc
丹,ddni
啖,ddo
啖,ddor
石,ddp
石,ddph
耽,ddpn
聃,ddpn
赕,ddr
赕,ddrr
殚,ddt
殚,ddtg
但,ddvb
儋,ddvh
弹,ddw
弹,ddwg
得,de
的,debh
德,dev
得,devb
德,devx
地,dey
地,deyl
锝,dez
锝,dezb
当,df
挡,dff
挡,dffw
荡,dfh
菪,dfh
荡,dfhd
谠,dfi
谠,dfiw
档,dfm
档,dfmw
宕,dfn
宕,dfnp
砀,dfp
砀,dfpn
裆,dftw
党,dfw
当,dfwe
党,dfww
凼,dfx
凼,dfxu
铛,dfz
铛,dfzw
顶,dg
盯,dgb
鼎,dgbl
盯,dgbt
玎,dgg
玎,dggt
订,dgi
订,dgij
疔,dgj
疔,dgjt
定,dgn
定,dgnf
腚,dgnn
叮,dgo
啶,dgon
叮,dgot
碇,dgp
碇,dgpn
耵,dgpt
酊,dgq
町,dgqt
酊,dgqt
丁,dgt
丁,dgti
顶,dgtt
仃,dgv
仃,dgvt
钉,dgz
锭,dgzn
钉,dgzt
带,dh
甙,dha
甙,dhab
逮,dhe
逮,dhez
玳,dhg
玳,dhgv
带,dhhn
歺,dhld
呆,dho
呆,dhom
呔,dhor
大,dhr
大,dhrd
歹,dht
歹,dhtd
殆,dhtu
怠,dhu
怠,dhuw
迨,dhuz
代,dhv
代,dhva
岱,dhve
傣,dhvg
黛,dhvq
贷,dhvr
袋,dhvt
待,dhvy
绐,dhw
绐,dhwu
戴,dhx
戴,dhxq
埭,dhy
埭,dhye
地,di
嫡,dia
娣,diag
嫡,diai
睇,dib
睇,dibg
的,dibh
氐,dic
氐,dica
邸,dicp
涤,did
滴,did
涤,dida
滴,didi
翟,die
翟,diev
抵,dif
提,difb
抵,difc
弟,dig
羝,digc
玓,digh
弟,digw
递,digz
荻,dih
蒂,dih
蒂,dihi
荻,dihs
帝,dii
诋,diic
帝,diie
谛,diii
底,dij
底,dijc
第,dik
笛,dikq
第,dikw
柢,dim
棣,dim
柢,dimc
棣,dime
嘀,dio
嘀,dioi
砥,dip
碲,dip
砥,dipc
碲,dipi
迪,diq
迪,diqq
骶,dir
骶,dirc
狄,disr
敌,dit
敌,dita
低,div
低,divc
籴,divx
缔,diw
缔,diwi
觌,dixn
堤,diy
堤,diyb
坻,diyc
地,diyl
镝,diz
镝,dizi
等,dj
邓,dja
邓,djap
瞪,djb
戥,djba
瞪,djbx
澄,djd
澄,djdx
蹬,dje
嶝,djek
蹬,djex
等,djk
簦,djkx
等,djky
噔,djo
噔,djox
磴,djpx
灯,djr
灯,djrt
登,djx
登,djxh
凳,djxw
镫,djz
镫,djzx
嗲,dko
嗲,dkog
东,dl
冬,dla
冬,dlad
冻,dld
洞,dld
冻,dldl
洞,dldn
峒,dle
岽,dlel
峒,dlen
动,dlg
动,dlgx
董,dlh
董,dlht
氡,dlk
氡,dlka
恫,dll
懂,dll
懂,dllh
恫,dlln
鸫,dlls
东,dllw
栋,dlm
栋,dlml
胴,dln
胨,dlnl
胴,dlnn
咚,dlo
咚,dloa
硐,dlp
硐,dlpn
侗,dlvn
垌,dly
垌,dlyn
掉,dm
凋,dmd
凋,dmdn
掉,dmf
掉,dmfl
调,dmi
调,dmin
刁,dmn
刁,dmnh
雕,dmnv
吊,dmo
吊,dmoe
叼,dmon
碉,dmp
碉,dmpn
屌,dmpo
鸟,dms
貂,dmsh
鸟,dmsh
鲷,dmun
钓,dmz
钓,dmzh
铞,dmzo
对,dn
怼,dnaw
对,dnax
兑,dng
兑,dngo
敦,dni
敦,dnia
憝,dniw
队,dnp
碓,dnpv
队,dnpv
堆,dny
镦,dnz
镦,dnzi
多,do
多,dod
多,dodd
沲,dodv
踱,doe
踱,doej
跺,doew
掇,dof
掇,dofa
度,doja
惰,dol
惰,dolx
咄,doo
哆,dood
咄,doou
哚,doow
堕,dop
堕,dopy
夺,dor
舵,dorn
躲,dorw
夺,dorx
驮,dos
驮,dosr
裰,dot
裰,dota
剁,dow
朵,dow
剁,dowg
朵,dowm
缍,dowt
垛,doy
垛,doyw
铎,doz
铎,doza
爹,dp
叠,dpa
叠,dpan
蝶,dpc
蝶,dpch
跌,dpe
蹀,dpeh
跌,dpej
揲,dpfh
爹,dpg
爹,dpgd
谍,dpi
谍,dpih
迭,dpj
瓞,dpjj
耋,dpju
迭,dpjz
牒,dpk
牒,dpkh
喋,dpo
喋,dpoh
碟,dpp
碟,dpph
鲽,dpu
鲽,dpuh
堞,dpy
堞,dpyh
垤,dpyu
点,dq
电,dqb
电,dqbl
淀,dqd
淀,dqdn
滇,dqdx
巅,dqe
踮,dqej
巅,dqex
垫,dqf
掂,dqfj
垫,dqfy
奠,dqg
玷,dqgl
奠,dqgr
甸,dqh
店,dqj
店,dqjl
癜,dqjp
癫,dqjx
簟,dqk
簟,dqkq
点,dql
点,dqld
惦,dqlj
碘,dqp
阽,dqpl
碘,dqpq
殿,dqpw
典,dqq
典,dqqg
佃,dqv
佃,dqvq
颠,dqx
颠,dqxt
靛,dqy
坫,dqyl
靛,dqyn
钿,dqzq
都,dr
兜,drc
蚪,drcd
兜,drcw
斗,drd
斗,drdx
抖,drf
抖,drfd
豆,drh
蔸,drhc
剅,drhg
豆,drho
逗,drhz
都,drj
痘,drjh
都,drjp
篼,drk
篼,drkc
窦,drn
窦,drnx
陡,drp
陡,drpy
钭,drz
钭,drzd
到,ds
盗,dsd
盗,dsdq
蹈,dse
蹈,dsej
捣,dsf
捣,dsfs
刀,dsh
刀,dshj
道,dsk
氘,dskg
道,dskz
导,dsl
忉,dsl
忉,dslh
悼,dsll
导,dslx
叨,dso
叨,dsoh
岛,dss
岛,dsse
祷,dst
祷,dstf
稻,dsu
到,dsug
稻,dsuj
倒,dsv
倒,dsvu
纛,dsy
纛,dsyq
丢,dt
丢,dtt
丢,dttu
铥,dtz
铥,dtzt
读,du
妒,dua
妒,duap
睹,dub
睹,dubj
渡,dud
渡,dudj
渎,dudx
犊,duf
犊,dufx
蠹,duhc
芏,duhy
读,duix
度,duj
度,duja
都,dujp
笃,duk
笃,duks
牍,dukx
杜,dum
椟,dumx
杜,dumy
肚,dun
肚,duny
嘟,duo
嘟,duoj
黩,duq
黩,duqx
赌,dur
赌,durj
髑,durq
独,dus
独,dusc
毒,duy
督,duy
督,duyb
堵,duyj
毒,duyq
镀,duzj
对,dv
怼,dvaw
对,dvax
兑,dvg
兑,dvgo
敦,dvi
敦,dvia
憝,dviw
队,dvp
碓,dvpv
队,dvpv
堆,dvy
堆,dvyv
镦,dvz
镦,dvzi
得,dwvb
顿,dy
盹,dyb
盹,dybl
沌,dyd
沌,dydl
蹲,dye
蹲,dyeg
扽,dyf
扽,dyfl
敦,dyi
敦,dyia
盾,dyj
盾,dyjx
遁,dyjz
顿,dyl
顿,dylt
吨,dyo
吨,dyol
礅,dyp
礅,dypi
砘,dypl
囤,dyq
囤,dyql
炖,dyr
炖,dyrl
趸,dyt
趸,dyto
墩,dyy
墩,dyyi
钝,dyz
镦,dyz
镦,dyzi
钝,dyzl
段,dz
端,dzi
端,dzie
段,dzj
段,dzjw
簖,dzkx
断,dzl
椴,dzm
椴,dzmj
煅,dzrj
短,dzv
短,dzvh
缎,dzw
缎,dzwj
断,dzx
断,dzxj
锻,dzz
锻,dzzj
而,e
啊,ea
腌,ean
腌,eanr
啊,eao
吖,eaog
啊,eaop
嗄,eaot
阿,eap
阿,eapt
锕,eaz
锕,eazp
安,ed
暗,edb
暗,edbi
岸,ede
岸,edej
按,edf
揞,edfi
按,edfn
鞍,edh
鞍,edhn
谙,edi
谙,edii
庵,edj
庵,edjr
氨,edk
氨,edkn
桉,edm
桉,edmn
案,edn
安,edna
案,ednm
胺,ednn
黯,edq
黯,edqi
鹌,edr
鹌,edrs
犴,eds
犴,edst
俺,edv
俺,edvr
埯,edy
埯,edyr
铵,edzn
额,ee
娥,eea
娥,eeaj
婀,eeap
遏,eeb
遏,eebz
蛾,eec
蛾,eecj
峨,eee
峨,eeej
扼,eef
扼,eefj
噩,eeg
噩,eego
恶,eeh
苊,eehj
莪,eehj
萼,eeho
恶,eehw
垩,eehy
讹,eei
谔,eeio
讹,eeiv
鹅,eej
厄,eejl
鹅,eejs
饿,eek
饿,eekj
愕,eel
轭,eelj
愕,eelo
腭,een
腭,eeno
额,eent
鄂,eeo
呃,eeoj
鄂,eeop
鹗,eeos
颚,eeot
阿,eep
屙,eepp
阿,eept
鳄,eeu
鳄,eeuo
俄,eev
俄,eevj
锷,eez
锇,eezj
锷,eezo
昂,ef
昂,efb
昂,efbc
肮,efn
肮,efni
盎,efnq
爱,eh
嫒,eha
嫒,ehaj
暧,ehb
皑,ehbe
暧,ehbj
挨,ehf
捱,ehfj
挨,ehfu
瑷,ehg
瑷,ehgj
艾,ehh
蔼,ehhi
艾,ehhx
哀,ehi
哀,ehio
诶,ehiu
爱,ehj
癌,ehjo
爱,ehjx
唉,eho
嗳,eho
哎,ehoh
嗳,ehoj
嗌,ehok
唉,ehou
隘,ehp
碍,ehpb
砹,ehph
隘,ehpk
霭,eht
霭,ehti
矮,ehv
矮,ehvu
埃,ehy
埃,ehyu
锿,ehz
锿,ehzi
嗯,ejo
唔,ejoe
嗯,ejoq
恩,ek
摁,ekf
摁,ekfq
蒽,ekhq
嗯,eko
唔,ekoe
嗯,ekoq
恩,ekqw
哦,eo
噢,eoo
哦,eooj
噢,eooj
喔,eoop
偶,er
欧,erc
瓯,erca
欧,erch
鸥,ercs
殴,ercw
沤,erd
沤,erdc
藕,erh
藕,erhm
讴,eri
讴,eric
怄,erl
怄,erlc
耦,erm
耦,ermb
呕,eroc
偶,ervb
熬,es
媪,esa
媪,esab
翱,esb
翱,esbe
澳,esdj
拗,esf
拗,esfw
凹,esi
凹,esin
奥,esj
岙,esje
奥,esjr
廒,esjy
鏖,esjz
懊,esl
懊,eslj
噢,eso
噢,esoj
嗷,esoy
袄,est
袄,estj
傲,esv
傲,esvy
敖,esy
獒,esy
敖,esya
螯,esyc
熬,esyd
聱,esyp
獒,esyr
骜,esys
鳌,esyu
坳,esyw
遨,esyz
鏊,esyz
二,eu
弍,euag
贰,euar
洱,eud
洱,eudp
二,eug
二,eugh
珥,eugp
尔,euh
尔,euhw
迩,euhz
饵,euk
饵,eukp
耳,eup
耳,euph
而,eut
而,eutn
鸸,euts
鲕,euu
鲕,euut
佴,euv
佴,euvp
儿,euw
儿,euwl
铒,euz
铒,euzp
诶,ewi
诶,ewiu
发,f
法,fa
法,fad
法,fady
珐,fag
珐,fagy
乏,faj
乏,fajz
筏,fak
筏,fakv
发,fala
阀,fan
阀,fanv
砝,fap
砝,fapy
罚,faq
罚,faqi
伐,fav
伐,fava
垡,favy
反,fd
泛,fdd
泛,fddj
幡,fde
蹯,fde
幡,fdeu
帆,fdew
范,fdh
蘩,fdh
范,fdhd
藩,fdhd
蕃,fdhu
蘩,fdhv
返,fdj
反,fdja
返,fdjz
饭,fdk
饭,fdkj
樊,fdm
樊,fdmr
梵,fdmw
矾,fdp
矾,fdpw
畈,fdqj
烦,fdr
贩,fdrj
烦,fdrt
燔,fdru
犯,fds
犯,fdsl
翻,fdu
翻,fdue
番,fduq
繁,fdv
繁,fdvw
凡,fdw
凡,fdwd
钒,fdz
钒,fdzw
放,ff
妨,ffa
妨,ffai
匚,ffcl
芳,ffh
芳,ffhi
方,ffi
放,ffia
方,ffih
访,ffii
邡,ffip
枋,ffm
枋,ffmi
肪,ffn
肪,ffni
房,ffp
防,ffp
房,ffpi
舫,ffr
舫,ffri
鲂,ffu
仿,ffv
仿,ffvi
彷,ffvi
纺,ffw
纺,ffwi
坊,ffy
坊,ffyi
钫,ffz
钫,ffzi
㈠,fhau
㈡,fhau
㈢,fhau
㈣,fhau
㈤,fhau
㈥,fhau
㈦,fhau
㈧,fhau
㈨,fhau
㈩,fhau
ㄅ,fhay
ㄆ,fhay
ㄇ,fhay
ㄈ,fhay
ㄉ,fhay
ㄊ,fhay
ㄋ,fhay
ㄌ,fhay
ㄍ,fhay
ㄎ,fhay
ㄏ,fhay
ㄐ,fhay
ㄑ,fhay
ㄒ,fhay
ㄓ,fhay
ㄔ,fhay
ㄕ,fhay
ㄖ,fhay
ㄗ,fhay
ㄘ,fhay
ㄙ,fhay
㎎,fhdw
㎏,fhdw
㎜,fhdw
㎝,fhdw
㎞,fhdw
㎡,fhdw
㏄,fhdw
㏎,fhdw
㏑,fhdw
㏒,fhdw
㏕,fhdw
Ё,fhed
А,fhed
Б,fhed
В,fhed
Г,fhed
Д,fhed
Е,fhed
Ж,fhed
З,fhed
И,fhed
Й,fhed
К,fhed
Л,fhed
М,fhed
Н,fhed
О,fhed
П,fhed
Р,fhed
С,fhed
Т,fhed
У,fhed
Ф,fhed
Х,fhed
Ц,fhed
Ч,fhed
Ш,fhed
Щ,fhed
Ъ,fhed
Ы,fhed
Ь,fhed
Э,fhed
Ю,fhed
Я,fhed
а,fhex
б,fhex
в,fhex
г,fhex
д,fhex
е,fhex
ж,fhex
з,fhex
и,fhex
й,fhex
к,fhex
л,fhex
м,fhex
н,fhex
о,fhex
п,fhex
р,fhex
с,fhex
т,fhex
у,fhex
ф,fhex
х,fhex
ц,fhex
ч,fhex
ш,fhex
щ,fhex
ъ,fhex
ы,fhex
ь,fhex
э,fhex
ю,fhex
я,fhex
ё,fhex
¤,fhhb
�,fhhb
＄,fhhb
￠,fhhb
￡,fhhb
￥,fhhb
?,fhjt
←,fhjt
↑,fhjt
→,fhjt
↓,fhjt
↖,fhjt
↗,fhjt
↘,fhjt
↙,fhjt
⑴,fhkv
⑵,fhkv
⑶,fhkv
⑷,fhkv
⑸,fhkv
⑹,fhkv
⑺,fhkv
⑻,fhkv
⑼,fhkv
⑽,fhkv
⑾,fhkv
⑿,fhkv
⒀,fhkv
⒁,fhkv
⒂,fhkv
⒃,fhkv
⒄,fhkv
⒅,fhkv
⒆,fhkv
⒇,fhkv
Ⅰ,fhld
Ⅱ,fhld
Ⅲ,fhld
Ⅳ,fhld
Ⅴ,fhld
Ⅵ,fhld
Ⅶ,fhld
Ⅷ,fhld
Ⅸ,fhld
Ⅹ,fhld
Ⅺ,fhld
Ⅻ,fhld
ⅰ,fhlx
ⅱ,fhlx
ⅲ,fhlx
ⅳ,fhlx
ⅴ,fhlx
ⅵ,fhlx
ⅶ,fhlx
ⅷ,fhlx
ⅸ,fhlx
ⅹ,fhlx
─,fhob
━,fhob
│,fhob
┃,fhob
┌,fhob
┏,fhob
┐,fhob
┓,fhob
└,fhob
┗,fhob
┘,fhob
┛,fhob
├,fhob
┣,fhob
┤,fhob
┫,fhob
┬,fhob
┳,fhob
┴,fhob
┻,fhob
┼,fhob
╋,fhob
一,fhpp
丨,fhpp
丬,fhpp
丶,fhpp
丿,fhpp
乙,fhpp
乚,fhpp
乛,fhpp
亠,fhpp
亻,fhpp
冂,fhpp
冖,fhpp
冫,fhpp
凵,fhpp
刂,fhpp
勹,fhpp
匚,fhpp
卩,fhpp
囗,fhpp
夂,fhpp
宀,fhpp
尢,fhpp
屮,fhpp
廴,fhpp
廾,fhpp
彐,fhpp
彡,fhpp
忄,fhpp
扌,fhpp
攵,fhpp
氵,fhpp
灬,fhpp
犭,fhpp
疒,fhpp
礻,fhpp
纟,fhpp
肀,fhpp
艹,fhpp
虍,fhpp
衤,fhpp
讠,fhpp
辶,fhpp
钅,fhpp
阝,fhpp
饣,fhpp
à,fhpy
á,fhpy
è,fhpy
é,fhpy
ê,fhpy
ì,fhpy
í,fhpy
ò,fhpy
ó,fhpy
ù,fhpy
ú,fhpy
ü,fhpy
ā,fhpy
ē,fhpy
ě,fhpy
ī,fhpy
ō,fhpy
ū,fhpy
ǎ,fhpy
ǐ,fhpy
ǒ,fhpy
ǔ,fhpy
ǖ,fhpy
ǘ,fhpy
ǚ,fhpy
ǜ,fhpy
ァ,fhrd
ア,fhrd
ィ,fhrd
イ,fhrd
ゥ,fhrd
ウ,fhrd
ェ,fhrd
エ,fhrd
ォ,fhrd
オ,fhrd
カ,fhrd
ガ,fhrd
キ,fhrd
ギ,fhrd
ク,fhrd
グ,fhrd
ケ,fhrd
ゲ,fhrd
コ,fhrd
ゴ,fhrd
サ,fhrd
ザ,fhrd
シ,fhrd
ジ,fhrd
ス,fhrd
ズ,fhrd
セ,fhrd
ゼ,fhrd
ソ,fhrd
ゾ,fhrd
タ,fhrd
ダ,fhrd
チ,fhrd
ヂ,fhrd
ッ,fhrd
ツ,fhrd
ヅ,fhrd
テ,fhrd
デ,fhrd
ト,fhrd
ド,fhrd
ナ,fhrd
ニ,fhrd
ヌ,fhrd
ネ,fhrd
ノ,fhrd
ハ,fhrd
バ,fhrd
パ,fhrd
ヒ,fhrd
ビ,fhrd
ピ,fhrd
フ,fhrd
ブ,fhrd
プ,fhrd
ヘ,fhrd
ベ,fhrd
ペ,fhrd
ホ,fhrd
ボ,fhrd
ポ,fhrd
マ,fhrd
ミ,fhrd
ム,fhrd
メ,fhrd
モ,fhrd
ャ,fhrd
ヤ,fhrd
ュ,fhrd
ユ,fhrd
ョ,fhrd
ヨ,fhrd
ラ,fhrd
リ,fhrd
ル,fhrd
レ,fhrd
ロ,fhrd
ヮ,fhrd
ワ,fhrd
ヰ,fhrd
ヱ,fhrd
ヲ,fhrd
ン,fhrd
ヴ,fhrd
ヵ,fhrd
ヶ,fhrd
ー,fhrd
ヽ,fhrd
ヾ,fhrd
ぁ,fhrx
あ,fhrx
ぃ,fhrx
い,fhrx
ぅ,fhrx
う,fhrx
ぇ,fhrx
え,fhrx
ぉ,fhrx
お,fhrx
か,fhrx
が,fhrx
き,fhrx
ぎ,fhrx
く,fhrx
ぐ,fhrx
け,fhrx
げ,fhrx
こ,fhrx
ご,fhrx
さ,fhrx
ざ,fhrx
し,fhrx
じ,fhrx
す,fhrx
ず,fhrx
せ,fhrx
ぜ,fhrx
そ,fhrx
ぞ,fhrx
た,fhrx
だ,fhrx
ち,fhrx
ぢ,fhrx
っ,fhrx
つ,fhrx
づ,fhrx
て,fhrx
で,fhrx
と,fhrx
ど,fhrx
な,fhrx
に,fhrx
ぬ,fhrx
ね,fhrx
の,fhrx
は,fhrx
ば,fhrx
ぱ,fhrx
ひ,fhrx
び,fhrx
ぴ,fhrx
ふ,fhrx
ぶ,fhrx
ぷ,fhrx
へ,fhrx
べ,fhrx
ぺ,fhrx
ほ,fhrx
ぼ,fhrx
ぽ,fhrx
ま,fhrx
み,fhrx
む,fhrx
め,fhrx
も,fhrx
ゃ,fhrx
や,fhrx
ゅ,fhrx
ゆ,fhrx
ょ,fhrx
よ,fhrx
ら,fhrx
り,fhrx
る,fhrx
れ,fhrx
ろ,fhrx
ゎ,fhrx
わ,fhrx
ゐ,fhrx
ゑ,fhrx
を,fhrx
ん,fhrx
゛,fhrx
゜,fhrx
ゝ,fhrx
ゞ,fhrx
§,fhtu
°,fhtu
‰,fhtu
※,fhtu
℃,fhtu
№,fhtu
■,fhtu
□,fhtu
▲,fhtu
△,fhtu
◆,fhtu
◇,fhtu
○,fhtu
◎,fhtu
●,fhtu
★,fhtu
☆,fhtu
♀,fhtu
♂,fhtu
〓,fhtu
＃,fhtu
＆,fhtu
＠,fhtu
＼,fhtu
＾,fhtu
＿,fhtu
￣,fhtu
±,fhux
×,fhux
÷,fhux
∈,fhux
∏,fhux
∑,fhux
∕,fhux
√,fhux
∝,fhux
∞,fhux
∟,fhux
∠,fhux
∣,fhux
∥,fhux
∧,fhux
∨,fhux
∩,fhux
∪,fhux
∫,fhux
∮,fhux
∴,fhux
∵,fhux
∶,fhux
∷,fhux
∽,fhux
≈,fhux
≌,fhux
≒,fhux
≠,fhux
≡,fhux
≤,fhux
≥,fhux
≦,fhux
≧,fhux
≮,fhux
≯,fhux
♁,fhux
⊙,fhux
⊥,fhux
⊿,fhux
＋,fhux
－,fhux
＜,fhux
＝,fhux
＞,fhux
Α,fhxd
Β,fhxd
Γ,fhxd
Δ,fhxd
Ε,fhxd
Ζ,fhxd
Η,fhxd
Θ,fhxd
Ι,fhxd
Κ,fhxd
Λ,fhxd
Μ,fhxd
Ν,fhxd
Ξ,fhxd
Ο,fhxd
Π,fhxd
Ρ,fhxd
Σ,fhxd
Τ,fhxd
Υ,fhxd
Φ,fhxd
Χ,fhxd
Ψ,fhxd
Ω,fhxd
α,fhxx
β,fhxx
γ,fhxx
δ,fhxx
ε,fhxx
ζ,fhxx
η,fhxx
θ,fhxx
ι,fhxx
κ,fhxx
λ,fhxx
μ,fhxx
ν,fhxx
ξ,fhxx
ο,fhxx
π,fhxx
ρ,fhxx
σ,fhxx
τ,fhxx
υ,fhxx
φ,fhxx
ψ,fhxx
ω,fhxx
①,fhyv
②,fhyv
③,fhyv
④,fhyv
⑤,fhyv
⑥,fhyv
⑦,fhyv
⑧,fhyv
⑨,fhyv
⑩,fhyv
风,fj
逢,fja
逢,fjaz
蜂,fjc
蜂,fjca
冯,fjd
沣,fjdf
冯,fjds
峰,fje
峰,fjea
酆,fjep
丰,fjf
丰,fjfi
奉,fjg
奉,fjgf
葑,fjh
葑,fjhy
讽,fji
讽,fjiw
疯,fjj
疯,fjjw
枫,fjm
枫,fjmw
唪,fjo
唪,fjog
砜,fjp
砜,fjpw
烽,fjr
烽,fjra
俸,fjv
俸,fjvg
缝,fjw
凤,fjwa
缝,fjwa
风,fjwx
封,fjy
封,fjyx
锋,fjz
锋,fjza
分,fk
汾,fkd
汾,fkdg
瀵,fkdx
鼢,fkf
玢,fkgg
分,fkgh
忿,fkgw
芬,fkh
芬,fkhg
氛,fkk
氛,fkkg
愤,fkl
愤,fklx
焚,fkm
棼,fkmg
焚,fkmr
吩,fko
吩,fkog
酚,fkq
酚,fkqg
奋,fkr
奋,fkrq
鼢,fku
鼢,fkug
鲼,fkux
份,fkv
份,fkvg
偾,fkvx
纷,fkw
纷,fkwg
粉,fkx
粉,fkxg
粪,fkxs
坟,fky
坟,fkyi
佛,fo
佛,fov
佛,fovw
否,fr
否,frt
否,frto
缶,frv
缶,frvu
副,fu
妇,fua
妇,fuae
阜,fub
阜,fubx
孵,fuc
蝠,fuch
孵,fucj
蜉,fucj
蚨,fucr
蝮,fucv
浮,fud
滏,fudg
涪,fudi
浮,fudj
幅,fue
幅,fueh
趺,fuer
跗,fuev
幞,fuex
扶,fuf
敷,fuf
敷,fufa
甫,fufd
抚,fufg
扶,fufr
拊,fufv
拂,fufw
父,fug
釜,fugg
斧,fugj
父,fugx
匐,fuh
负,fuh
莆,fuhf
副,fuhg
匐,fuhh
芾,fuhh
莩,fuhj
菔,fuhn
芙,fuhr
负,fuhr
芣,fuht
苻,fuhv
茯,fuhv
讣,fui
讣,fuil
府,fuj
腐,fujn
郛,fujp
府,fujv
孚,fujz
符,fuk
符,fukv
氟,fukw
辅,ful
辅,fulf
辐,fulh
怫,fulw
桴,fum
桴,fumj
富,fun
腹,fun
脯,funf
富,funh
腑,funj
服,funp
肤,funr
腹,funv
呋,fuo
呋,fuor
咐,fuov
附,fup
附,fupv
砩,fupw
罘,fuq
覆,fuq
覆,fuqv
夫,fur
夫,furd
赙,furf
赋,furh
凫,fus
驸,fusv
凫,fusw
福,fut
福,futh
袱,futv
祓,futx
馥,fuu
稃,fuuj
馥,fuuv
鲋,fuuv
鳆,fuuv
俘,fuv
复,fuva
傅,fuvf
俘,fuvj
俯,fuvj
伏,fuvr
佛,fuvw
付,fuvx
弗,fuw
缚,fuwf
弗,fuwg
艴,fuwh
绋,fuww
绂,fuwx
黼,fux
黼,fuxf
黻,fuxx
赴,fuy
麸,fuy
赴,fuyl
麸,fuyr
非,fw
妃,fwa
妃,fwal
匪,fwc
匪,fwcx
沸,fwd
淝,fwdn
沸,fwdw
芾,fwh
菲,fwh
菲,fwhx
诽,fwi
诽,fwix
废,fwj
废,fwjl
痱,fwjx
篚,fwk
篚,fwkc
悱,fwlx
榧,fwm
榧,fwmc
飞,fwn
肺,fwnh
飞,fwnj
肥,fwnl
腓,fwnx
吠,fwo
啡,fwo
吠,fwor
啡,fwox
扉,fwp
扉,fwpx
狒,fws
狒,fwsw
騑,fwsx
,fwsx
霏,fwt
霏,fwtx
鲱,fwux
费,fww
费,fwwr
绯,fwwx
非,fwx
蜚,fwxc
翡,fwxe
非,fwxh
斐,fwxi
镄,fwz
镄,fwzw
个,g
嘎,ga
尕,gah
尕,gahw
轧,gal
咖,gao
噶,gaoh
嘎,gaot
咖,gaox
夹,gar
夹,garg
伽,gav
伽,gavx
尜,gaw
尜,gawr
旮,gax
旮,gaxb
尬,gaxv
钆,gaz
钆,gazl
干,gd
感,gda
感,gdaw
甘,gdb
甘,gdbh
旰,gdbt
淦,gdd
泔,gddb
澉,gddn
淦,gddz
擀,gdf
擀,gdfx
苷,gdhb
赣,gdi
赣,gdia
疳,gdj
竿,gdk
竿,gdkt
杆,gdm
柑,gdmb
橄,gdmn
杆,gdmt
敢,gdn
敢,gdna
肝,gdnt
矸,gdpt
酐,gdq
酐,gdqt
干,gdt
干,gdti
秆,gdu
秆,gdut
绀,gdw
绀,gdwb
尴,gdx
尴,gdxg
乾,gdxv
赶,gdy
坩,gdyb
赶,gdyt
各,ge
戈,gea
戈,gead
各,geao
虼,gec
虼,gecv
蛤,gecv
搁,gef
搁,gefn
搿,gefv
盖,geg
盖,gegq
革,geh
葛,gehb
鬲,gehn
革,geho
疙,gej
疙,gejv
格,gem
格,gema
阁,gen
胳,gena
阁,gena
割,geng
膈,genh
咯,geo
咯,geoa
嗝,geoh
隔,gep
硌,gepa
隔,geph
舸,ger
骼,gera
舸,gert
歌,get
袼,geta
歌,geth
哥,gett
仡,gev
个,gevi
鸽,gevs
仡,gevv
哿,gext
塥,gey
塥,geyh
圪,geyv
铬,gez
铬,geza
镉,gezh
刚,gf
港,gfd
港,gfdh
岗,gfe
岗,gfen
扛,gffi
戆,gfi
戆,gfiw
筻,gfk
筻,gfkh
杠,gfm
杠,gfmi
肛,gfn
刚,gfng
肛,gfni
冈,gfnx
罡,gfq
罡,gfqe
缸,gfv
缸,gfvi
纲,gfw
纲,gfwn
钢,gfz
钢,gfzn
怪,gg
拐,ggf
拐,ggfo
掴,ggfq
怪,ggl
怪,ggla
乖,ggt
乖,ggtk
该,gh
溉,ghd
溉,ghdr
丐,ghf
丐,ghfl
盖,ghg
盖,ghgq
戤,ghha
该,ghi
该,ghii
改,ghl
改,ghla
概,ghm
概,ghmr
陔,ghp
陔,ghpi
赅,ghr
赅,ghri
垓,ghy
垓,ghyi
钙,ghz
钙,ghzf
更,gj
羹,gjg
羹,gjgg
更,gjhb
庚,gjj
庚,gjje
赓,gjjr
耕,gjm
梗,gjmh
耕,gjmo
哽,gjo
哽,gjoh
耿,gjp
耿,gjpr
鲠,gju
鲠,gjuh
绠,gjw
绠,gjwh
埂,gjy
埂,gjyh
根,gk
跟,gke
跟,gker
亘,gkg
亘,gkgb
茛,gkh
茛,gkhr
根,gkm
根,gkmr
哏,gko
哏,gkor
艮,gkrd
工,gl
蚣,glc
蚣,glcg
拱,glf
拱,glfh
公,glg
珙,glgh
公,glgu
共,glh
共,glhg
廾,glhi
恭,glhl
觥,glhw
功,gli
攻,glia
工,glih
贡,glir
巩,gliw
功,glix
汞,glix
宫,gln
宫,glno
肱,glnx
躬,glr
躬,glrw
供,glv
供,glvh
弓,glw
弓,glwl
龚,glx
龚,glxh
贵,gn
妫,gna
妫,gnad
鬼,gnb
晷,gnba
皈,gnbj
鬼,gnbu
匦,gnc
匦,gncl
跪,gne
刿,gneg
跪,gneh
贵,gnf
贵,gnfr
归,gng
瑰,gng
归,gnge
龟,gnh
龟,gnhb
诡,gni
诡,gnih
庋,gnjx
簋,gnk
簋,gnkr
轨,gnl
轨,gnlx
柜,gnm
柜,gnmc
桧,gnmv
桂,gnmy
闺,gnn
宄,gnnx
闺,gnny
硅,gnp
硅,gnpy
规,gnr
规,gnrn
鲑,gnu
鳜,gnuj
鲑,gnuy
刽,gnv
刽,gnvg
癸,gnx
癸,gnxh
圭,gnyy
过,go
果,gob
果,gobm
蜾,gocb
蝈,gocq
帼,goe
崞,goei
帼,goeq
掴,gof
掴,gofq
郭,goi
裹,goib
郭,goip
虢,goj
虢,gojj
馘,gok
馘,goka
椁,gom
椁,gomi
呙,goon
聒,gop
聒,gopt
国,goq
国,goqg
猓,gosb
过,gox
过,goxz
埚,goy
埚,goyo
锅,goz
锅,gozo
挂,gq
挂,gqf
挂,gqfy
诖,gqiy
瓜,gqj
瓜,gqju
栝,gqm
栝,gqmt
寡,gqn
胍,gqnj
寡,gqnt
呱,gqo
剐,gqog
呱,gqoj
刮,gqt
刮,gqtg
鸹,gqts
褂,gqty
卦,gqy
卦,gqyy
够,gr
媾,gra
媾,grao
沟,grd
沟,grdh
岣,gre
岣,greh
苟,grh
够,grhd
苟,grhh
鞲,grho
勾,grhu
诟,gri
诟,grij
篝,grk
笱,grkh
篝,grko
构,grm
枸,grm
构,grmh
枸,grmh
遘,gro
觏,gron
遘,groz
购,grr
购,grrh
狗,grs
狗,grsh
佝,grv
佝,grvh
缑,grw
缑,grwv
垢,gry
垢,gryj
彀,gryw
钩,grz
钩,grzh
高,gs
皋,gsb
杲,gsbm
皋,gsbr
搞,gsf
搞,gsfi
告,gsfo
郜,gsfp
羔,gsg
羔,gsgd
藁,gsh
藁,gshi
膏,gsi
诰,gsi
诰,gsif
膏,gsin
高,gsin
睾,gsjy
篙,gsk
篙,gski
槁,gsm
槁,gsmi
槔,gsmq
稿,gsu
稿,gsui
缟,gsw
缟,gswi
糕,gsx
糕,gsxg
锆,gsz
镐,gsz
锆,gszf
镐,gszi
古,gu
姑,gua
姑,guax
蛊,guc
蛊,gucq
蛄,gucx
汩,gud
汩,gudb
沽,gudx
崮,gue
崮,gueq
牯,guf
牿,guff
牯,gufx
谷,gug
谷,gugo
菇,guh
菇,guha
觚,guhj
菰,guhz
诂,gui
诂,guix
痼,guj
顾,guj
痼,gujq
顾,gujt
箍,guk
箍,gukf
轱,gul
轱,gulx
梏,gum
梏,gumf
股,gun
股,gunw
臌,guny
咕,guo
咕,guox
雇,gup
雇,gupv
固,guq
酤,guq
贾,guqr
固,guqx
罟,guqx
骨,gur
骨,gurh
鹘,gurs
鲴,guu
鲴,guuq
估,guv
估,guvx
故,gux
辜,gux
故,guxa
辜,guxi
古,guxo
鸪,guxs
毂,guxw
嘏,guxz
鼓,guy
瞽,guyb
鼓,guyx
孤,guz
孤,guzj
锢,guzq
钴,guzx
贵,gv
妫,gva
妫,gvad
鬼,gvb
晷,gvba
皈,gvbj
鬼,gvbu
匦,gvc
匦,gvcl
跪,gve
刿,gveg
跪,gveh
贵,gvf
贵,gvfr
归,gvg
瑰,gvg
瑰,gvgb
归,gvge
龟,gvhb
诡,gvi
诡,gvih
庋,gvjx
簋,gvk
簋,gvkr
轨,gvl
轨,gvlx
柜,gvm
柜,gvmc
桧,gvmv
桂,gvmy
闺,gvn
宄,gvnx
闺,gvny
硅,gvp
硅,gvpy
规,gvr
规,gvrn
鲑,gvu
鳜,gvuj
鲑,gvuy
刽,gvv
刽,gvvg
癸,gvx
癸,gvxh
圭,gvyy
给,gw
给,gww
给,gwwv
光,gx
广,gxj
广,gxjj
桄,gxm
桄,gxmw
胱,gxnw
咣,gxo
咣,gxow
逛,gxs
犷,gxsj
逛,gxsz
光,gxw
光,gxww
滚,gy
滚,gydi
衮,gyi
衮,gyig
辊,gyl
辊,gylb
棍,gym
棍,gymb
磙,gyp
磙,gypi
鲧,gyu
鲧,gyuj
绲,gyw
绲,gywb
关,gz
观,gza
观,gzan
灌,gzd
灌,gzdh
涫,gzdn
掼,gzf
掼,gzfq
莞,gzh
鹳,gzh
莞,gzhn
鹳,gzhs
馆,gzk
管,gzkn
馆,gzkn
关,gzkr
惯,gzl
惯,gzlq
棺,gzm
棺,gzmn
官,gzn
官,gznb
冠,gznh
贯,gzq
贯,gzqr
盥,gzu
盥,gzuq
鳏,gzuq
倌,gzv
罐,gzv
罐,gzvh
倌,gzvn
纶,gzw
纶,gzwv
和,h
哈,ha
虾,hac
虾,hacf
蛤,hacv
呵,haot
哈,haov
铪,haz
铪,hazv
汉,hd
旱,hdb
邯,hdbp
旱,hdbt
鼾,hdbt
晗,hdbv
蚶,hdcb
汗,hdd
汉,hdda
汗,hddt
涵,hddw
瀚,hddx
撼,hdf
撼,hdfa
捍,hdfb
撖,hdfn
菡,hdhw
悍,hdl
憾,hdl
憾,hdla
悍,hdlb
寒,hdn
寒,hdnd
罕,hdnt
憨,hdnw
喊,hdo
喊,hdoa
酣,hdq
酣,hdqb
焊,hdr
焊,hdrb
焓,hdrv
顸,hdt
邗,hdtp
顸,hdtt
含,hdv
含,hdvo
颔,hdvt
函,hdw
函,hdwu
韩,hdx
韩,hdxf
翰,hdxv
合,he
曷,heb
曷,hebh
河,hed
涸,hed
渴,hedb
涸,hedq
河,hedt
翮,heh
荷,heh
菏,hehd
荷,hehv
劾,hei
诃,hei
诃,heit
劾,heix
壑,hel
壑,hely
核,hem
核,hemi
鹤,hen
阂,heni
鹤,hens
阖,heny
吓,heo
喝,heo
喝,heob
吓,heof
嗬,heoh
呵,heot
貉,hes
貉,hesa
褐,het
褐,hetb
禾,heu
禾,heud
和,heuo
何,hev
合,hevo
盒,hevq
何,hevt
颌,hevt
纥,hew
纥,hewv
贺,hex
贺,hexr
赫,hey
盍,heyq
赫,heyy
行,hf
沆,hfd
沆,hfdi
巷,hfh
巷,hfhl
颃,hfi
颃,hfit
杭,hfm
杭,hfmi
航,hfr
航,hfri
夯,hfrx
行,hfvg
绗,hfw
绗,hfwv
坏,hg
淮,hgd
淮,hgdv
踝,hge
踝,hgeb
怀,hgl
怀,hglt
槐,hgm
槐,hgmb
徊,hgv
徊,hgvq
坏,hgy
坏,hgyt
还,hh
海,hhd
海,hhdv
亥,hhi
亥,hhil
氦,hhk
氦,hhki
害,hhn
害,hhnf
胲,hhni
嗨,hho
嗨,hhod
醢,hhqx
骸,hhri
骇,hhs
骇,hhsi
还,hht
还,hhtz
孩,hhz
孩,hhzi
横,hj
珩,hjgv
蘅,hjhv
亨,hji
亨,hjiw
恒,hjl
恒,hjlg
横,hjm
横,hjmh
桁,hjmv
哼,hjo
哼,hjoi
衡,hjv
衡,hjvh
很,hk
痕,hkj
痕,hkjr
恨,hkl
恨,hklr
狠,hks
狠,hksr
很,hkv
很,hkvr
红,hl
虹,hlc
虹,hlci
洪,hld
洪,hldh
鸿,hlds
泓,hldw
蕻,hlh
訇,hlhi
薨,hlht
蕻,hlhu
荭,hlhw
讧,hli
讧,hlii
轰,hll
轰,hlla
宏,hln
宏,hlnx
闳,hlnx
哄,hlo
哄,hloh
烘,hlr
烘,hlrh
弘,hlw
黉,hlwh
红,hlwi
弘,hlwu
会,hn
晖,hnb
晖,hnbn
晦,hnbv
惠,hnc
蟪,hncc
蛔,hncq
惠,hncw
汇,hnd
洄,hnd
汇,hndc
洄,hndq
浍,hndv
挥,hnf
彗,hnfe
挥,hnfn
慧,hnfw
珲,hng
珲,hngn
茴,hnh
蕙,hnhc
荟,hnhv
诲,hni
讳,hnif
诲,hniv
诙,hnix
麾,hnj
麾,hnjl
悔,hnl
悔,hnlv
恢,hnlx
桧,hnm
桧,hnmv
喙,hno
哕,hnoe
喙,hnoo
咴,hnox
隳,hnp
隳,hnpv
回,hnq
回,hnqo
贿,hnr
烩,hnrv
贿,hnrx
毁,hnu
秽,hnue
毁,hnuw
徽,hnv
徽,hnve
会,hnvg
辉,hnw
虺,hnwc
缋,hnwf
辉,hnwn
绘,hnwv
灰,hnx
卉,hnxh
灰,hnxr
恚,hnyw
或,ho
惑,hoa
或,hoao
惑,hoaw
夥,hob
夥,hobd
蠖,hoc
蠖,hoch
活,hod
活,hodt
攉,hof
攉,hoft
获,hoh
劐,hohg
获,hohs
藿,hoht
耠,homv
豁,hon
豁,hong
嚯,hoo
嚯,hoot
火,hor
火,hord
祸,hot
祸,hoto
霍,hotv
和,hou
和,houo
伙,hov
货,hov
伙,hovr
货,hovr
锪,hoz
镬,hoz
镬,hozh
钬,hozr
话,hq
划,hqa
划,hqag
滑,hqd
滑,hqdr
砉,hqfp
画,hqh
花,hqh
画,hqhq
花,hqhv
话,hqi
话,hqit
桦,hqm
桦,hqmv
哗,hqo
哗,hqov
猾,hqs
猾,hqsr
骅,hqsv
化,hqv
化,hqvl
华,hqvx
铧,hqz
铧,hqzv
后,hr
齁,hrb
齁,hrbh
厚,hrj
厚,hrjb
后,hrjo
瘊,hrjv
逅,hrjz
篌,hrk
篌,hrkv
吼,hro
喉,hrov
吼,hroz
骺,hrr
骺,hrrj
猴,hrs
猴,hrsv
候,hrv
後,hrvw
侯,hrvz
候,hrvz
鲎,hrw
鲎,hrwu
糇,hrx
糇,hrxv
堠,hryv
好,hs
好,hsa
好,hsaz
皓,hsb
皓,hsbf
昊,hsbh
颢,hsbt
蚝,hsc
蚝,hscl
浩,hsd
灏,hsdb
浩,hsdf
濠,hsdi
薅,hsha
蒿,hshi
毫,hsi
毫,hsil
豪,hsis
耗,hsm
耗,hsml
号,hso
嗥,hsob
号,hsoh
嚆,hsoh
嚎,hsoi
貉,hss
貉,hssa
郝,hsy
壕,hsyi
郝,hsyp
镐,hsz
镐,hszi
湖,hu
蝴,huc
蝴,hucx
湖,hud
冱,hudh
浒,hudi
滹,hudj
沪,hudp
湖,hudx
岵,hue
岵,huex
护,huf
护,hufp
鹄,hufs
瑚,hug
琥,hugj
瑚,hugx
忽,huh
斛,huhd
互,huho
忽,huhw
葫,huhx
许,hui
许,huiv
虎,huj
虍,hujl
虎,hujw
笏,huk
笏,hukh
惚,hul
惚,hulh
轷,hult
怙,hulx
核,hum
槲,humh
核,humi
呼,huo
唿,huoh
唬,huoj
呼,huot
户,hup
戽,hupd
户,hupj
扈,hupo
囫,huqh
醐,huqx
瓠,hurj
鹘,hurs
烀,hurt
煳,hurx
狐,hus
鹱,hush
狐,husj
猢,husx
乎,hut
乎,huti
祜,hutx
和,huu
和,huuo
弧,huw
弧,huwj
胡,hux
胡,huxn
鹕,huxs
糊,huxx
壶,huy
觳,huyw
壶,huyx
会,hv
晖,hvb
晖,hvbn
晦,hvbv
惠,hvc
蟪,hvcc
蛔,hvcq
惠,hvcw
汇,hvd
洄,hvd
汇,hvdc
洄,hvdq
浍,hvdv
挥,hvf
彗,hvfe
挥,hvfn
慧,hvfw
珲,hvg
珲,hvgn
茴,hvh
蕙,hvhc
荟,hvhv
诲,hvi
讳,hvif
诲,hviv
诙,hvix
麾,hvj
麾,hvjl
悔,hvl
悔,hvlv
恢,hvlx
桧,hvm
桧,hvmv
喙,hvo
哕,hvoe
喙,hvoo
咴,hvox
隳,hvp
隳,hvpv
回,hvq
回,hvqo
贿,hvr
烩,hvrv
贿,hvrx
毁,hvu
秽,hvue
毁,hvuw
徽,hvv
徽,hvve
会,hvvg
绘,hvw
虺,hvwc
缋,hvwf
辉,hvwn
绘,hvwv
灰,hvx
卉,hvxh
灰,hvxr
恚,hvy
恚,hvyw
黑,hw
嘿,hwo
嗨,hwod
嘿,hwoq
黑,hwq
黑,hwqd
黄,hx
皇,hxb
皇,hxbg
晃,hxbw
遑,hxbz
蝗,hxc
蝗,hxcb
蟥,hxch
潢,hxd
湟,hxdb
潢,hxdh
幌,hxe
幌,hxeb
璜,hxg
璜,hxgh
荒,hxh
荒,hxhi
黄,hxhq
谎,hxi
谎,hxih
肓,hxin
癀,hxj
癀,hxjh
篁,hxk
篁,hxkb
簧,hxkh
慌,hxl
惶,hxlb
慌,hxlh
恍,hxlw
磺,hxp
隍,hxpb
磺,hxph
煌,hxr
煌,hxrb
鳇,hxu
鳇,hxub
徨,hxv
徨,hxvb
凰,hxw
凰,hxwb
混,hy
婚,hya
婚,hyac
昏,hyc
昏,hycb
浑,hyd
混,hydb
浑,hydn
溷,hydq
魂,hyg
魂,hygb
荤,hyh
荤,hyhl
诨,hyi
诨,hyin
馄,hyk
馄,hykb
阍,hyn
阍,hync
欢,hz
欢,hza
欢,hzah
嬛,hzaq
涣,hzd
洹,hzdg
洹,hzdh
涣,hzdh
浣,hzdn
漶,hzdo
换,hzf
换,hzfh
擐,hzfq
环,hzg
豢,hzgs
环,hzgt
奂,hzh
奂,hzhn
郇,hzhp
萑,hzhv
痪,hzj
痪,hzjh
桓,hzm
桓,hzmg
宦,hzn
宦,hznc
寰,hznq
逭,hznz
唤,hzo
唤,hzoh
患,hzow
焕,hzr
焕,hzrh
獾,hzs
獾,hzsh
还,hzt
还,hztz
鲩,hzun
鬟,hzuq
幻,hzw
缓,hzwj
幻,hzwn
缳,hzwq
锾,hzz
锾,hzzj
出,i
差,ia
叉,iaa
叉,iaad
姹,iaan
汊,iad
汊,iada
插,iaf
搽,iafh
插,iaft
差,iag
岔,iage
差,iagi
茶,iah
茶,iahv
茬,iahx
诧,iai
诧,iain
馇,iakm
查,iam
杈,iama
查,iamb
槎,iamg
楂,iamm
檫,iamn
察,ian
察,ianx
嚓,iao
喳,iaom
嚓,iaon
碴,iap
碴,iapm
猹,ias
猹,iasm
衩,iat
衩,iata
刹,iax
刹,iaxg
镲,iaz
镲,iazn
锸,iazt
产,id
婵,ida
婵,idag
蝉,idc
蝉,idcg
蟾,idch
潺,idd
澶,iddi
潺,iddp
躔,ide
巉,ideh
躔,idej
掺,idf
搀,idfh
掺,idfu
单,idg
单,idgb
冁,idgp
蒇,idha
谗,idi
颤,idi
谄,idih
谗,idih
产,idij
颤,idit
廛,idj
廛,idjb
馋,idk
馋,idkh
忏,idl
觇,idln
忏,idlt
阐,idn
阐,idng
孱,idp
羼,idpg
孱,idpz
骣,ids
骣,idsp
禅,idtg
缠,idw
缠,idwj
铲,idz
铲,idzi
镡,idzq
车,ie
澈,ied
澈,iedi
扯,ief
撤,iefi
扯,iefy
掣,iej
掣,iejf
车,ielx
砗,iep
砗,iepl
彻,iev
彻,ievl
坼,iey
坼,ieyj
长,if
娼,ifa
娼,ifab
嫦,ifag
畅,ifb
昌,ifbb
畅,ifbn
昶,ifdb
菖,ifhb
苌,ifhk
厂,ifj
厂,ifjj
长,ifk
长,ifkd
怅,ifl
怅,iflk
惝,iflw
肠,ifn
阊,ifnb
肠,ifnn
唱,ifo
唱,ifob
猖,ifs
猖,ifsb
鲳,ifub
偿,ifv
倡,ifvb
伥,ifvk
偿,ifvw
徜,ifvw
常,ifw
敞,ifwa
常,ifwe
尝,ifwg
氅,ifwl
裳,ifwt
鬯,ifxl
场,ify
场,ifyn
揣,ig
踹,ige
踹,igee
揣,igf
揣,igfe
搋,igfj
膪,ign
膪,igni
啜,igo
啜,igoa
嘬,igob
拆,ih
拆,ihf
拆,ihfj
差,ihg
差,ihgi
瘥,ihj
瘥,ihjg
豺,ihs
豺,ihsx
虿,iht
虿,ihtc
侪,ihv
侪,ihvi
柴,ihy
柴,ihym
钗,ihz
钗,ihza
吃,ii
媸,iia
媸,iiau
魑,iib
眵,iibd
魑,iibi
匙,iibl
鸱,iic
螭,iici
鸱,iics
池,iid
池,iidl
踟,iie
踟,iiev
持,iif
持,iify
豉,iih
茌,iihv
豉,iihx
啻,iii
啻,iiio
斥,iij
瘛,iijf
斥,iijt
痴,iijv
笞,iik
篪,iikj
笞,iiku
饬,iikv
敕,iim
敕,iima
嗤,iio
叱,iiol
嗤,iiou
吃,iiov
哧,iioy
尺,iip
尺,iipd
耻,iipy
迟,iipz
炽,iir
炽,iiro
驰,iis
驰,iisl
褫,iit
褫,iitj
蚩,iiuc
侈,iiv
侈,iivd
傺,iivx
弛,iiw
弛,iiwl
翅,iix
翅,iixe
赤,iiy
墀,iiyp
齿,iiyv
赤,iiyx
成,ij
成,ija
成,ijan
盛,ijaq
瞠,ijb
瞠,ijbw
蛏,ijca
澄,ijdx
撑,ijf
撑,ijfw
诚,iji
诚,ijia
橙,ijm
柽,ijma
枨,ijmk
橙,ijmx
塍,ijn
宬,ijna
塍,ijng
呈,ijo
呈,ijog
逞,ijoz
酲,ijq
酲,ijqo
骋,ijs
骋,ijsq
裎,ijt
裎,ijto
称,iju
称,ijuh
乘,ijuk
程,ijuo
秤,ijut
惩,ijv
惩,ijvw
承,ijw
丞,ijwh
承,ijwx
城,ijy
城,ijya
埕,ijyo
铛,ijz
铖,ijza
铛,ijzw
陈,ik
晨,ikb
晨,ikbj
瞋,ikbx
臣,ikc
臣,ikci
沉,ikd
沉,ikdn
抻,ikf
抻,ikfb
琛,ikg
琛,ikgn
谌,iki
谌,ikib
谶,ikiv
辰,ikj
辰,ikjg
忱,ikl
忱,ikln
榇,ikm
郴,ikm
榇,ikmi
郴,ikmp
宸,ikn
宸,iknj
嗔,iko
嗔,ikox
陈,ikp
陈,ikpl
碜,ikpu
衬,ikt
衬,iktx
称,iku
称,ikuh
尘,ikw
尘,ikwy
趁,iky
龀,ikyl
趁,ikyv
冲,il
虫,ilc
虫,ilcd
冲,ild
冲,ildf
崇,ile
崇,ilen
舂,ilg
舂,ilgu
茺,ilhi
充,ili
充,iliw
憧,ill
忡,illf
憧,illi
宠,iln
宠,ilnx
艟,ilri
重,ilt
重,iltb
铳,ilz
铳,ilzi
吹,in
捶,inf
捶,inft
槌,inm
槌,inmb
棰,inmt
椎,inmv
吹,inoh
陲,inp
陲,inpt
炊,inr
炊,inrh
垂,int
垂,inth
锤,inz
锤,inzt
戳,io
戳,ioe
戳,ioea
踔,ioel
辍,iol
辍,iola
啜,ioo
啜,iooa
绰,iow
绰,iowl
龊,ioy
龊,ioyo
抽,ir
臭,irb
臭,irbr
瞅,irbu
踌,ire
帱,iref
踌,iref
抽,irf
抽,irfq
瘳,irje
筹,irk
筹,irkf
惆,irl
惆,irln
丑,irn
丑,irny
酬,irq
酬,irqd
畴,irqf
愁,iru
稠,irun
愁,iruw
仇,irv
俦,irvf
雠,irvi
仇,irvx
绸,irw
绸,irwn
超,is
晁,isb
晁,isbx
潮,isd
潮,isdx
抄,isf
抄,isfw
巢,isl
巢,islb
怊,islh
耖,ismw
吵,iso
吵,isow
嘲,isox
炒,isr
焯,isrl
炒,isrw
朝,isx
朝,isxn
超,isy
超,isyh
钞,isz
钞,iszw
处,iu
处,iual
蜍,iucv
滁,iud
滁,iudp
躇,iue
躇,iueh
蹰,iuej
搐,iuf
搐,iufi
触,iuh
触,iuhc
刍,iuhe
亍,iuht
雏,iuhv
畜,iui
畜,iuiq
厨,iuj
厨,iujh
怵,iul
怵,iulm
憷,iulm
楚,ium
楮,iumj
橱,iumj
楚,iumn
樗,iumt
杵,iumv
除,iup
础,iupu
除,iupv
黜,iuq
黜,iuqu
初,iut
初,iuth
褚,iutj
出,iuu
出,iuue
出,iuuu
储,iuv
储,iuvi
绌,iuw
绌,iuwu
矗,iux
矗,iuxx
锄,iuz
锄,iuzb
吹,iv
捶,ivf
捶,ivft
畜,ivi
畜,iviq
槌,ivm
槌,ivmb
棰,ivmt
椎,ivmv
吹,ivoh
陲,ivp
陲,ivpt
炊,ivr
炊,ivrh
垂,ivt
垂,ivth
锤,ivz
锤,ivzt
窗,ix
床,ixj
床,ixjm
疮,ixjv
怆,ixl
怆,ixlv
闯,ixn
窗,ixnj
闯,ixns
创,ixv
创,ixvg
春,iy
蝽,iyc
蝽,iycg
淳,iyd
淳,iydi
春,iygb
蠢,iygc
莼,iyh
莼,iyhw
鹑,iyi
鹑,iyis
唇,iyj
唇,iyjo
椿,iym
椿,iymg
醇,iyq
醇,iyqi
纯,iyw
纯,iywl
传,iz
舛,izdc
遄,ize
遄,izez
串,izf
串,izfo
川,izg
川,izgi
氚,izk
氚,izkg
巛,izll
椽,izm
椽,izmo
穿,izn
穿,iznr
喘,izo
喘,izoe
船,izr
舡,izri
船,izrw
传,izv
传,izvg
钏,izz
钏,izzg
就,j
进,jb
妗,jba
妗,jbav
浸,jbd
津,jbde
浸,jbde
巾,jbe
巾,jbei
紧,jbg
瑾,jbgh
紧,jbgw
堇,jbh
晋,jbhb
堇,jbhh
靳,jbhj
觐,jbhn
荩,jbhp
谨,jbi
谨,jbih
斤,jbj
廑,jbjh
斤,jbjt
近,jbjz
筋,jbk
馑,jbkh
筋,jbkn
禁,jbm
槿,jbmh
禁,jbmt
进,jbo
噤,jbom
进,jboz
尽,jbp
尽,jbpd
烬,jbr
烬,jbrp
赆,jbrp
矜,jbrv
襟,jbt
衿,jbtv
今,jbv
仅,jbva
今,jbvn
缙,jbw
缙,jbwh
卺,jbwl
金,jbz
锦,jbzb
金,jbzh
劲,jbzx
简,jc
奸,jca
戋,jcad
艰,jcar
奸,jcat
睑,jcb
睑,jcbv
减,jcd
减,jcda
湔,jcdk
渐,jcdl
涧,jcdn
溅,jcdr
建,jce
践,jcea
踺,jcee
趼,jceh
建,jcez
捡,jcf
犍,jcfe
搛,jcfk
拣,jcfl
捡,jcfv
坚,jcg
监,jcgq
坚,jcgy
鉴,jcgz
荐,jch
戬,jcha
茧,jchc
蒹,jchk
鞯,jchm
菅,jchn
荐,jchx
谏,jci
谫,jci
谫,jcik
谏,jcim
兼,jck
笺,jcka
饯,jcka
煎,jckd
兼,jcke
翦,jcke
剪,jckh
箭,jckk
笕,jckn
简,jckn
鹣,jcks
毽,jcl
毽,jcle
检,jcm
楗,jcme
槛,jcmg
枧,jcmn
柬,jcmo
检,jcmv
间,jcn
间,jcnb
腱,jcne
謇,jcni
蹇,jcno
见,jcnw
肩,jcp
碱,jcpa
肩,jcpn
硷,jcpv
囝,jcqz
舰,jcr
贱,jcra
舰,jcrn
歼,jct
裥,jct
裥,jctn
歼,jctt
鲣,jcu
鲣,jcud
件,jcv
僭,jcvc
健,jcve
件,jcvf
牮,jcvf
剑,jcvg
俭,jcvv
尖,jcw
缄,jcwa
缣,jcwk
尖,jcwr
键,jcz
键,jcze
锏,jczn
竟,jg
婧,jga
婧,jgay
景,jgb
晶,jgbb
景,jgbi
睛,jgby
净,jgd
净,jgdh
泾,jgdz
璟,jggb
敬,jgh
敬,jgha
荆,jghg
警,jghi
菁,jghy
茎,jghz
京,jgi
竟,jgib
竞,jgio
旌,jgiv
京,jgiw
靖,jgiy
痉,jgj
痉,jgjz
惊,jgl
憬,jglb
惊,jgli
胫,jgn
肼,jgno
腈,jgny
胫,jgnz
井,jgo
井,jgoi
阱,jgp
阱,jgpo
獍,jgs
獍,jgsi
鲸,jgu
鲸,jgui
径,jgv
儆,jgvh
径,jgvz
经,jgw
弪,jgwz
经,jgwz
精,jgx
粳,jgxh
兢,jgxx
精,jgxy
静,jgy
静,jgyh
境,jgyi
靓,jgyn
镜,jgz
刭,jgzg
镜,jgzi
颈,jgzt
劲,jgzx
迳,jgzz
绝,jh
矍,jhb
矍,jhbv
决,jhd
决,jhdz
蹶,jhe
蹶,jhej
崛,jhep
掘,jhf
攫,jhfb
撅,jhfj
掘,jhfp
抉,jhfz
珏,jhg
珏,jhgg
角,jhh
蕨,jhhj
角,jhhn
觖,jhhz
诀,jhi
谲,jhir
诀,jhiz
爵,jhj
劂,jhjg
厥,jhjk
爵,jhjr
桷,jhm
桷,jhmh
橛,jhmj
噱,jho
嚼,jho
噘,jhoj
嚼,jhoj
爝,jhr
爝,jhrj
獗,jhs
獗,jhsj
鳜,jhu
鳜,jhuj
倔,jhv
倔,jhvp
觉,jhw
绝,jhwh
觉,jhwn
镢,jhz
镢,jhzj
几,ji
及,jia
姬,jiac
及,jiad
嫉,jiaj
鸡,jias
妓,jiax
基,jib
期,jibn
基,jiby
虮,jic
虮,jicw
激,jid
汲,jida
洎,jidb
激,jidb
济,jidi
跻,jie
岌,jiea
彐,jieh
跻,jiei
跽,jiel
觊,jien
嵴,jiex
击,jif
掎,jif
挤,jifi
犄,jifr
击,jifu
技,jifx
墼,jify
玑,jig
玑,jigw
急,jih
芨,jiha
丌,jihg
荠,jihi
蒺,jihj
藉,jihm
蕺,jiho
蓟,jihu
急,jihw
芰,jihx
记,jii
齑,jii
剂,jiig
记,jiil
讥,jiiw
计,jiix
齑,jiix
迹,jiiz
疾,jij
疾,jijv
系,jijw
麂,jijw
瘠,jijx
饥,jik
笈,jika
箕,jikb
笄,jikh
籍,jikm
冀,jikq
饥,jikw
己,jil
乩,jill
己,jill
辑,jilo
悸,jilu
忌,jilw
机,jim
极,jima
棘,jimm
楫,jimo
机,jimw
寄,jin
寄,jinr
肌,jinw
寂,jiny
唧,jio
哜,jioi
戢,jiop
唧,jior
叽,jiow
咭,jioy
际,jip
际,jipt
屐,jipv
矶,jipw
畸,jiq
羁,jiqh
畸,jiqr
即,jir
暨,jirb
既,jirc
剞,jirg
即,jirp
奇,jirt
骥,jis
骥,jisk
霁,jit
霁,jiti
殛,jitw
季,jiu
嵇,jiu
鲚,jiui
积,jiuo
稷,jiuq
鲫,jiur
稽,jiux
髻,jiuy
季,jiuz
集,jiv
偈,jivb
集,jivm
伎,jivx
佶,jivy
级,jiw
畿,jiwa
级,jiwa
亟,jiwh
纪,jiwl
几,jiwn
缉,jiwo
给,jiwv
继,jiwx
绩,jiwy
祭,jix
戟,jixa
脊,jixn
赍,jixr
祭,jixt
吉,jiy
圾,jiy
吉,jiyo
卷,jj
娟,jja
娟,jjao
涓,jjd
涓,jjdo
捐,jjf
捐,jjfo
卷,jjg
眷,jjgb
券,jjgh
卷,jjgl
桊,jjgm
蠲,jjk
蠲,jjkq
鹃,jjo
鹃,jjos
圈,jjq
圈,jjqg
鄄,jjqp
狷,jjs
狷,jjso
倦,jjv
倦,jjvg
隽,jjvh
绢,jjw
绢,jjwo
镌,jjz
锩,jjzg
镌,jjzv
加,jk
嫁,jka
嫁,jkan
蛱,jkc
蛱,jkcr
浃,jkd
浃,jkdr
岬,jke
岬,jkeq
跏,jkex
恝,jkf
挟,jkf
挟,jkfr
恝,jkfw
珈,jkg
珈,jkgx
茄,jkh
荚,jkhr
茄,jkhx
葭,jkhz
痂,jkj
瘕,jkj
痂,jkjx
瘕,jkjz
笳,jkk
笳,jkkx
枷,jkm
枷,jkmx
家,jkn
胛,jknq
家,jkns
咖,jko
咖,jkox
甲,jkq
甲,jkqi
贾,jkqr
夹,jkr
夹,jkrg
郏,jkrp
颊,jkrt
戛,jkta
袷,jktv
稼,jku
稼,jkun
假,jkv
价,jkvv
伽,jkvx
佳,jkvy
假,jkvz
架,jkx
架,jkxm
加,jkxo
驾,jkxs
袈,jkxt
迦,jkxz
嘉,jky
嘉,jkyx
钾,jkz
镓,jkzn
钾,jkzq
铗,jkzr
窘,jl
炅,jlb
炅,jlbr
窘,jln
窘,jlne
迥,jlnz
扃,jlpn
囧,jlq
囧,jlqg
炯,jlr
炯,jlrn
叫,jm
娇,jma
姣,jmai
娇,jmaj
皎,jmb
敫,jmba
皎,jmbi
蛟,jmc
蛟,jmci
浇,jmd
浇,jmda
湫,jmdu
跤,jmei
峤,jmej
挢,jmf
搅,jmf
挢,jmfj
搅,jmfw
角,jmh
茭,jmhi
角,jmhn
蕉,jmhv
艽,jmhx
交,jmi
郊,jmip
交,jmix
教,jmj
教,jmja
饺,jmk
饺,jmki
较,jml
剿,jmlg
较,jmli
轿,jmlj
校,jmm
校,jmmi
椒,jmmy
脚,jmn
窖,jmnf
胶,jmni
脚,jmny
叫,jmo
嚼,jmoj
叫,jmol
噍,jmov
礁,jmp
礁,jmpv
酵,jmq
酵,jmqj
醮,jmqv
骄,jms
狡,jmsi
骄,jmsj
鲛,jmu
鲛,jmui
矫,jmv
侥,jmva
徼,jmvb
焦,jmvd
佼,jmvi
矫,jmvj
鹪,jmvs
僬,jmvv
糸,jmw
缴,jmw
缴,jmwb
绞,jmwi
觉,jmwn
糸,jmww
铰,jmz
铰,jmzi
将,jn
匠,jnc
匠,jncj
江,jnd
洚,jnda
江,jndi
姜,jng
姜,jnga
蒋,jnh
茳,jnhd
豇,jnhi
蒋,jnhk
讲,jni
讲,jnio
奖,jnk
将,jnkd
桨,jnkm
酱,jnkq
奖,jnkr
浆,jnkx
耩,jnm
耩,jnmo
降,jnp
降,jnpa
礓,jnph
僵,jnv
僵,jnvh
缰,jnw
绛,jnwa
犟,jnwf
疆,jnwh
缰,jnwh
强,jnwo
糨,jnx
糨,jnxw
戒,jp
解,jp
姐,jpa
婕,jpa
姐,jpab
婕,jpah
戒,jpah
睫,jpb
睫,jpbh
蚧,jpc
蚧,jpcv
洁,jpd
桀,jpdm
洁,jpdy
接,jpf
揭,jpfb
捷,jpfh
接,jpfi
拮,jpfy
羯,jpg
羯,jpgb
节,jph
解,jphh
藉,jphm
节,jphp
芥,jphv
诫,jpi
诫,jpia
竭,jpib
讦,jpit
诘,jpiy
疖,jpj
疥,jpj
疖,jpjp
疥,jpjv
皆,jpl
皆,jplb
杰,jpm
杰,jpmd
桔,jpmy
喈,jpo
嗟,jpo
嗟,jpog
喈,jpol
阶,jpp
碣,jppb
届,jppq
阶,jppv
界,jpq
界,jpqv
骱,jprv
秸,jpu
秸,jpuy
鲒,jpuy
借,jpv
偈,jpvb
介,jpvg
借,jpvh
价,jpvv
街,jpvy
结,jpw
结,jpwy
截,jpx
截,jpxv
劫,jpy
颉,jpyt
劫,jpyx
孑,jpzh
简,jq
奸,jqa
戋,jqad
艰,jqar
奸,jqat
睑,jqb
睑,jqbv
减,jqd
减,jqda
湔,jqdk
渐,jqdl
溅,jqdr
建,jqe
践,jqea
踺,jqee
趼,jqeh
建,jqez
捡,jqf
犍,jqfe
搛,jqfk
拣,jqfl
捡,jqfv
坚,jqg
监,jqgq
坚,jqgy
鉴,jqgz
荐,jqh
戬,jqha
茧,jqhc
蒹,jqhk
鞯,jqhm
菅,jqhn
荐,jqhx
谏,jqi
谫,jqi
谫,jqik
谏,jqim
兼,jqk
笺,jqka
饯,jqka
煎,jqkd
兼,jqke
翦,jqke
剪,jqkh
箭,jqkk
笕,jqkn
简,jqkn
鹣,jqks
毽,jql
毽,jqle
检,jqm
楗,jqme
槛,jqmg
枧,jqmn
柬,jqmo
检,jqmv
间,jqn
间,jqnb
腱,jqne
謇,jqni
蹇,jqno
见,jqnw
肩,jqp
碱,jqpa
肩,jqpn
硷,jqpv
囝,jqqz
舰,jqr
贱,jqra
舰,jqrn
歼,jqt
裥,jqtn
歼,jqtt
鲣,jqu
鲣,jqud
件,jqv
僭,jqvc
健,jqve
件,jqvf
牮,jqvf
剑,jqvg
俭,jqvv
尖,jqw
缄,jqwa
缣,jqwk
尖,jqwr
键,jqz
键,jqze
锏,jqzn
九,jt
咎,jta
咎,jtao
酒,jtd
酒,jtdq
揪,jtf
揪,jtfu
玖,jtg
玖,jtgh
久,jth
久,jthd
灸,jthr
旧,jti
旧,jtib
鹫,jtis
就,jtix
疚,jtj
疚,jtjd
厩,jtjr
桕,jtm
柩,jtmc
桕,jtmu
究,jtn
阄,jtnh
究,jtnx
啾,jto
啾,jtou
舅,jtu
鬏,jtu
臼,jtuh
舅,jtuq
鬏,jtuu
僦,jtv
僦,jtvi
纠,jtw
纠,jtwl
救,jtx
救,jtxa
韭,jtxh
九,jtxn
鸠,jtxs
赳,jty
赳,jtyl
句,ju
具,jub
具,jubd
瞿,jubv
雎,jubv
巨,juc
巨,jucz
沮,jud
沮,judb
距,jue
距,juec
踽,juej
踞,juep
据,juf
掬,juf
犋,jufb
拒,jufc
拘,jufh
掬,jufh
据,jufp
琚,jug
琚,jugp
菊,juh
鞠,juh
苴,juhb
苣,juhc
菊,juhh
鞠,juhh
鞫,juhh
句,juho
莒,juho
讵,jui
讵,juic
疽,juj
遽,juj
疽,jujb
遽,jujz
惧,jul
惧,julb
车,julx
桔,jum
枸,jumh
椐,jump
橘,jumr
榉,jumw
桔,jumy
窭,jun
窭,junx
咀,juo
咀,juob
局,jup
剧,jupg
聚,jupj
局,jupn
屦,jupv
居,jupx
醵,juq
醵,juqh
炬,jur
炬,jurc
焗,jurp
驹,jus
狙,jusb
驹,jush
裾,jut
裾,jutp
俱,juv
俱,juvb
矩,juvc
榘,juvm
倨,juvp
举,juw
飓,juwb
举,juwf
趄,juy
趄,juyb
龃,juyb
锯,juz
钜,juzc
锔,juzp
锯,juzp
句,jv
具,jvb
具,jvbd
瞿,jvbv
雎,jvbv
巨,jvc
巨,jvcz
沮,jvd
沮,jvdb
距,jve
距,jvec
踽,jvej
踞,jvep
据,jvf
掬,jvf
犋,jvfb
拒,jvfc
拘,jvfh
掬,jvfh
据,jvfp
琚,jvg
琚,jvgp
菊,jvh
鞠,jvh
苴,jvhb
苣,jvhc
菊,jvhh
鞠,jvhh
鞫,jvhh
句,jvho
莒,jvho
讵,jvi
讵,jvic
疽,jvj
遽,jvj
疽,jvjb
遽,jvjz
惧,jvl
惧,jvlb
车,jvlx
桔,jvm
枸,jvmh
椐,jvmp
橘,jvmr
榉,jvmw
桔,jvmy
窭,jvn
窭,jvnx
咀,jvo
咀,jvob
局,jvp
剧,jvpg
聚,jvpj
局,jvpn
屦,jvpv
居,jvpx
醵,jvq
醵,jvqh
炬,jvr
炬,jvrc
焗,jvrp
驹,jvs
狙,jvsb
驹,jvsh
裾,jvt
裾,jvtp
俱,jvv
俱,jvvb
矩,jvvc
榘,jvvm
倨,jvvp
举,jvw
飓,jvwb
举,jvwf
趄,jvy
趄,jvyb
龃,jvyb
锯,jvz
钜,jvzc
锔,jvzp
锯,jvzp
均,jw
浚,jwd
浚,jwdu
君,jwe
君,jweo
郡,jwep
峻,jweu
捃,jwf
捃,jwfe
珺,jwg
菌,jwh
菌,jwhq
竣,jwi
竣,jwiu
麇,jwj
麇,jwju
军,jwn
皲,jwna
军,jwnl
骏,jws
骏,jwsu
俊,jwv
隽,jwvh
俊,jwvu
均,jwy
均,jwyh
钧,jwz
钧,jwzh
绝,jx
矍,jxb
矍,jxbv
决,jxd
决,jxdz
蹶,jxe
蹶,jxej
崛,jxep
掘,jxf
攫,jxfb
撅,jxfj
掘,jxfp
抉,jxfz
珏,jxg
珏,jxgg
角,jxh
蕨,jxhj
角,jxhn
觖,jxhz
诀,jxi
谲,jxir
诀,jxiz
厥,jxj
爵,jxj
劂,jxjg
厥,jxjk
爵,jxjr
桷,jxm
桷,jxmh
橛,jxmj
噱,jxo
嚼,jxo
噘,jxoj
嚼,jxoj
爝,jxr
爝,jxrj
獗,jxs
獗,jxsj
鳜,jxu
鳜,jxuj
倔,jxv
倔,jxvp
觉,jxw
孓,jxwd
绝,jxwh
觉,jxwn
镢,jxz
镢,jxzj
均,jy
浚,jyd
浚,jydu
君,jye
君,jyeo
郡,jyep
峻,jyeu
捃,jyf
捃,jyfe
珺,jyg
菌,jyh
菌,jyhq
竣,jyi
竣,jyiu
麇,jyj
麇,jyju
军,jyn
皲,jyna
军,jynl
骏,jys
骏,jysu
俊,jyv
隽,jyvh
俊,jyvu
均,jyy
均,jyyh
钧,jyz
钧,jyzh
卷,jz
娟,jza
娟,jzao
涓,jzd
涓,jzdo
捐,jzf
捐,jzfo
卷,jzg
眷,jzgb
券,jzgh
卷,jzgl
桊,jzgm
蠲,jzk
蠲,jzkq
鹃,jzo
鹃,jzos
圈,jzq
圈,jzqg
鄄,jzqp
狷,jzs
狷,jzso
倦,jzv
倦,jzvg
隽,jzvh
绢,jzw
绢,jzwo
镌,jzz
锩,jzzg
镌,jzzv
可,k
卡,ka
胩,kan
胩,kany
咖,kao
咯,kaoa
喀,kaon
咖,kaox
咔,kaoy
佧,kav
佧,kavy
卡,kay
卡,kayl
看,kd
勘,kdb
戡,kdba
瞰,kdbn
勘,kdbx
看,kdfb
莰,kdh
莰,kdhy
槛,kdm
槛,kdmg
阚,kdn
阚,kdnn
砍,kdp
砍,kdph
刊,kdt
刊,kdtg
侃,kdv
侃,kdvo
龛,kdvx
堪,kdy
堪,kdyb
坎,kdyh
科,ke
颗,keb
颗,kebt
瞌,keby
蝌,kec
蚵,kect
蝌,kecu
渴,ked
渴,kedb
溘,kedy
岢,kee
岢,keet
珂,keg
珂,kegt
苛,keh
苛,keht
刻,kei
课,keib
刻,keig
颏,keit
疴,kej
疴,kejt
氪,kek
氪,kekx
恪,kel
恪,kela
轲,kelt
棵,kem
棵,kemb
柯,kemt
客,ken
客,kena
窠,kenb
咳,keo
咳,keoi
喀,keon
呵,keot
嗑,keoy
磕,kep
磕,kepy
髁,kerb
骒,kes
骒,kesb
可,ket
可,keto
稞,keub
科,keud
缂,kew
缂,kewh
克,kex
克,kexo
壳,key
坷,keyt
壳,keyw
锞,kezb
钶,kezt
抗,kf
扛,kff
扛,kffi
抗,kffi
亢,kfi
亢,kfiw
康,kfj
康,kfjf
慷,kfl
慷,kflj
闶,kfn
闶,kfni
炕,kfr
炕,kfri
伉,kfv
伉,kfvi
糠,kfx
糠,kfxj
钪,kfz
钪,kfzi
快,kg
浍,kgd
浍,kgdv
蒯,kgh
蒯,kghg
筷,kgk
筷,kgkl
快,kglz
脍,kgn
脍,kgnv
哙,kgo
哙,kgov
狯,kgs
狯,kgsv
会,kgv
会,kgvg
郐,kgvp
侩,kgvv
块,kgy
块,kgyz
开,kh
凯,khe
剀,kheg
凯,khew
揩,khf
揩,khfl
开,khh
开,khhh
蒈,khhl
慨,khl
恺,khle
忾,khlk
慨,khlr
楷,khm
楷,khml
垲,khy
垲,khye
锎,khz
锴,khz
铠,khze
锴,khzl
锎,khzn
坑,kj
吭,kjo
吭,kjoi
坑,kjyi
铿,kjz
铿,kjzg
肯,kk
啃,kko
啃,kkoy
恳,kkr
恳,kkrw
垦,kkry
裉,kktr
肯,kky
肯,kkyn
空,kl
崆,kle
崆,klen
控,klf
控,klfn
恐,kli
恐,kliw
箜,klk
箜,klkn
空,kln
空,klni
倥,klvn
孔,klz
孔,klzl
亏,kn
魁,knb
魁,knbd
暌,knbx
睽,knbx
匮,knc
匮,kncf
蝰,kncr
溃,knd
溃,kndf
岿,kne
岿,kneg
跬,kney
揆,knf
揆,knfx
亏,kng
亏,kngl
葵,knh
蒉,knhf
葵,knhx
篑,knkf
馈,knkf
夔,knky
愧,knl
悝,knlb
愧,knlb
愦,knlf
窥,knn
窥,knnr
喟,kno
喟,knoq
喹,knor
聩,knp
隗,knpb
聩,knpf
奎,knr
奎,knry
傀,knv
傀,knvb
盔,knx
馗,knxk
盔,knxq
逵,kny
逵,knyz
扩,ko
蛞,koc
蛞,koct
括,kof
扩,kofj
括,koft
廓,koj
廓,koji
阔,kon
阔,kond
夸,kq
跨,kqe
跨,kqer
挎,kqf
挎,kqfr
胯,kqn
胯,kqnr
夸,kqr
夸,kqrg
侉,kqv
侉,kqvr
垮,kqy
垮,kqyr
口,kr
眍,krb
眍,krbc
扣,krf
抠,krfc
扣,krfo
蔻,krh
蔻,krhn
芤,krhz
筘,krk
筘,krkf
寇,krn
寇,krnh
口,kro
口,kroh
叩,krop
靠,ks
拷,ksf
犒,ksfi
拷,ksfj
靠,ksfx
考,ksj
考,ksjh
栲,ksm
栲,ksmj
尻,ksp
尻,kspx
烤,ksr
烤,ksrj
铐,ksz
铐,kszj
哭,ku
苦,kuh
苦,kuhx
库,kuj
库,kujl
枯,kum
枯,kumx
窟,kun
窟,kunp
哭,kuor
酷,kuq
酷,kuqf
刳,kur
刳,kurg
骷,kurx
裤,kut
裤,kutj
绔,kuw
喾,kuwf
绔,kuwr
堀,kuy
堀,kuyp
亏,kv
魁,kvb
魁,kvbd
暌,kvbx
睽,kvbx
匮,kvc
匮,kvcf
蝰,kvcr
溃,kvd
溃,kvdf
岿,kve
岿,kveg
跬,kvey
揆,kvf
揆,kvfx
亏,kvg
亏,kvgl
葵,kvh
蒉,kvhf
葵,kvhx
馈,kvk
篑,kvkf
馈,kvkf
夔,kvky
愧,kvl
悝,kvlb
愧,kvlb
愦,kvlf
窥,kvn
窥,kvnr
喟,kvo
喟,kvoq
喹,kvor
聩,kvp
隗,kvpb
聩,kvpf
奎,kvr
奎,kvry
傀,kvv
傀,kvvb
盔,kvx
馗,kvxk
盔,kvxq
逵,kvy
逵,kvyz
剋,kw
困,kwq
困,kwqm
旷,kxb
眶,kxbc
旷,kxbj
匡,kxc
匡,kxcg
况,kxd
况,kxdo
诳,kxi
诓,kxic
诳,kxiq
邝,kxj
邝,kxjp
筐,kxk
筐,kxkc
框,kxm
框,kxmc
哐,kxo
哐,kxoc
矿,kxp
矿,kxpj
夼,kxr
夼,kxrg
贶,kxro
狂,kxs
狂,kxsg
纩,kxw
纩,kxwj
圹,kxy
圹,kxyj
困,ky
昆,kyb
昆,kybl
捆,kyf
捆,kyfq
琨,kyg
琨,kygb
堃,kyi
堃,kyiy
悃,kylq
阃,kyn
阃,kynq
困,kyq
醌,kyqb
困,kyqm
鲲,kyu
鲲,kyub
髡,kyuw
坤,kyy
坤,kyyb
锟,kyz
锟,kyzb
宽,kz
宽,kzn
宽,kznh
髋,kzrn
款,kzy
款,kzyh
了,l
拉,la
旯,lab
旯,labx
蜡,lac
蜡,lach
拉,laf
拉,lafi
落,lah
落,lahd
辣,lai
辣,laim
癞,laj
瘌,lajm
癞,lajm
邋,lal
邋,lalz
剌,lam
剌,lamg
腊,lan
腊,lanh
啦,lao
啦,laof
喇,laom
砬,lapi
垃,lay
垃,layi
林,lb
瞵,lbb
瞵,lbbx
淋,lbd
凛,lbdi
淋,lbdm
躏,lbe
躏,lbeh
嶙,lbex
拎,lbf
拎,lbfv
临,lbg
琳,lbgm
临,lbgv
蔺,lbh
蔺,lbhn
吝,lbi
吝,lbio
麟,lbj
廪,lbji
麟,lbjx
懔,lbl
懔,lbli
辚,lblx
林,lbm
檩,lbmi
林,lbmm
膦,lbnx
啉,lbom
磷,lbp
磷,lbpx
霖,lbt
霖,lbtm
鳞,lbu
鳞,lbux
邻,lbv
邻,lbvp
赁,lbvr
粼,lbxl
遴,lbxz
连,lc
蠊,lcc
蠊,lccj
涟,lcd
潋,lcd
濂,lcdj
涟,lcdl
潋,lcdv
琏,lcg
琏,lcgl
莲,lch
莲,lchl
蔹,lchv
恋,lci
恋,lciw
廉,lcj
廉,lcjk
怜,lcl
怜,lclv
连,lclz
楝,lcm
楝,lcmm
脸,lcn
帘,lcne
臁,lcnj
脸,lcnv
联,lcp
联,lcpk
炼,lcr
奁,lcrc
炼,lcrl
裢,lct
裣,lct
裢,lctl
殓,lctv
裣,lctv
鲢,lcu
鲢,lcul
敛,lcv
敛,lcva
练,lcw
练,lcwl
链,lcz
镰,lczj
链,lczl
兰,ld
滥,ldd
滥,lddg
漤,lddm
澜,lddn
岚,lde
岚,ldew
拦,ldf
拦,ldfg
揽,ldfg
览,ldg
兰,ldgg
览,ldgn
蓝,ldh
蓝,ldhg
谰,ldi
斓,ldin
谰,ldin
篮,ldk
篮,ldkg
懒,ldl
懒,ldlm
栏,ldm
婪,ldma
栏,ldmg
榄,ldmg
阑,ldn
阑,ldnm
罱,ldq
罱,ldqx
烂,ldr
烂,ldrg
褴,ldt
褴,ldtg
缆,ldw
缆,ldwg
镧,ldz
镧,ldzn
乐,le
乐,lec
乐,lecw
泐,led
泐,ledp
勒,leh
勒,lehx
叻,leo
叻,leox
砳,lep
砳,lepp
鳓,leu
鳓,leuh
仂,lev
仂,levx
了,lew
了,lewi
浪,lf
螂,lfc
螂,lfcd
朗,lfd
浪,lfdd
朗,lfdn
郎,lfdp
琅,lfg
琅,lfgd
莨,lfh
莨,lfhd
蒗,lfhd
廊,lfj
廊,lfjd
榔,lfm
榔,lfmd
阆,lfn
阆,lfnd
啷,lfod
狼,lfs
狼,lfsd
稂,lfu
稂,lfud
锒,lfz
锒,lfzd
另,lg
蛉,lgc
蛉,lgcv
凌,lgd
泠,lgdv
凌,lgdy
灵,lge
灵,lger
岭,lgev
玲,lgg
玲,lggv
羚,lggv
菱,lgh
苓,lghv
菱,lghy
棂,lgme
柃,lgmv
另,lgo
○,lgoo
呤,lgov
另,lgox
聆,lgp
聆,lgpv
陵,lgpy
囹,lgq
囹,lgqv
零,lgt
酃,lgtp
零,lgtv
鲮,lgu
鲮,lguy
令,lgv
瓴,lgva
翎,lgve
领,lgvt
伶,lgvv
令,lgvz
绫,lgw
绫,lgwy
龄,lgy
龄,lgyv
铃,lgz
铃,lgzv
来,lh
睐,lhb
睐,lhbh
濑,lhd
涞,lhdh
濑,lhdm
崃,lhe
崃,lheh
来,lhh
莱,lhhh
赉,lhhr
来,lhhx
癞,lhj
癞,lhjm
籁,lhk
籁,lhkm
赖,lhm
赖,lhmh
徕,lhvh
铼,lhzh
里,li
娌,lia
娌,liab
里,liby
蛎,lic
蛎,licj
蜊,licu
沥,lid
溧,lid
漓,lidi
沥,lidj
溧,lidq
澧,lidq
隶,lie
跞,liec
隶,liex
理,lig
理,ligb
璃,ligi
瓅,ligw
丽,lih
蓠,lihi
苈,lihj
丽,lihn
鬲,lihn
吏,liho
郦,lihp
鹂,lihs
莉,lihu
藜,lihu
莅,lihv
荔,lihx
逦,lihz
立,lii
立,liik
离,liin
历,lij
厘,lijb
疬,lijj
厉,lijt
疠,lijt
痢,liju
励,lijx
历,lijx
笠,lik
笠,liki
篱,liki
篥,likq
轹,lil
轹,lilc
李,lim
栎,limc
嫠,limj
枥,limj
李,limz
呖,lio
哩,lio
哩,liob
蠡,lioc
呖,lioj
喱,lioj
唳,liop
砾,lip
砾,lipc
砺,lipj
戾,lipr
詈,liq
罹,liql
栗,liqm
醴,liqq
狸,lisb
骊,lish
猁,lisu
礼,lit
雳,litj
礼,litl
利,liu
鲤,liub
犁,liuf
利,liug
鲡,liuh
梨,lium
鳢,liuq
黧,liuq
黎,liuv
例,liv
俚,livb
俪,livh
傈,livq
例,livt
俐,livu
缡,liw
缡,liwi
力,lix
粒,lixi
力,lixj
粝,lixj
坜,liy
坜,liyj
锂,liz
锂,lizb
冷,lj
冷,ljd
冷,ljdv
愣,ljl
愣,ljlq
棱,ljm
楞,ljmq
棱,ljmy
塄,ljyq
俩,lk
俩,lkv
俩,lkvh
泷,lld
泷,lldx
拢,llf
拢,llfx
弄,llg
弄,llgh
珑,llgx
茏,llh
茏,llhx
癃,llj
癃,lljp
笼,llk
笼,llkx
栊,llm
栊,llmx
胧,lln
窿,llnp
胧,llnx
咙,llo
咙,llox
隆,llp
隆,llpa
陇,llpx
砻,llx
龙,llx
龙,llxl
聋,llxp
垄,llxy
垅,lly
垅,llyx
料,lm
潦,lmd
潦,lmdr
撩,lmf
撂,lmfq
撩,lmfr
蓼,lmh
蓼,lmhe
廖,lmj
廖,lmje
疗,lmjw
寥,lmn
寥,lmne
寮,lmnr
嘹,lmo
嘹,lmor
聊,lmp
聊,lmpc
燎,lmr
鹩,lmr
燎,lmrr
獠,lms
獠,lmsr
僚,lmv
僚,lmvr
了,lmw
了,lmwi
缭,lmwr
辽,lmwz
料,lmx
料,lmxd
尥,lmxh
镣,lmz
镣,lmzr
钌,lmzw
两,ln
量,lnb
量,lnbb
魉,lnbh
晾,lnbi
良,lnd
凉,lndi
梁,lndm
良,lndr
粱,lndx
踉,lne
踉,lned
莨,lnhd
两,lnhn
亮,lni
谅,lnii
亮,lniw
辆,lnl
辆,lnlh
椋,lnm
椋,lnmi
俩,lnv
俩,lnvh
粮,lnx
粮,lnxd
墚,lny
靓,lny
墚,lnyd
靓,lnyn
落,lo
雒,loa
雒,loav
螺,loc
螺,locq
洛,lod
漯,lod
洛,loda
泺,lodc
漯,lodq
跞,loe
跞,loec
摞,lof
捋,lofj
摞,lofq
珞,log
珞,loga
萝,loh
落,lohd
荦,lohf
萝,lohq
蠃,loi
蠃,loin
瘰,lojq
箩,lok
箩,lokq
椤,lom
椤,lomq
脶,lono
咯,loo
咯,looa
硌,lopa
罗,loq
罗,loqd
逻,loqz
烙,lor
烙,lora
骆,los
骡,los
骆,losa
猡,losq
骡,losq
裸,lot
裸,lotb
倮,lov
倮,lovb
络,low
络,lowa
锣,loz
锣,lozq
镙,lozq
列,lp
冽,lpd
冽,lpdt
洌,lpdt
躐,lpe
躐,lpel
捩,lpfp
咧,lpo
咧,lpot
猎,lps
猎,lpsh
裂,lpt
烈,lptd
列,lptg
裂,lptt
鬣,lpu
鬣,lpul
劣,lpw
劣,lpwx
趔,lpy
埒,lpyj
趔,lpyt
连,lq
蠊,lqc
蠊,lqcj
涟,lqd
潋,lqd
濂,lqdj
涟,lqdl
潋,lqdv
琏,lqg
琏,lqgl
莲,lqh
莲,lqhl
蔹,lqhv
恋,lqi
恋,lqiw
廉,lqj
廉,lqjk
怜,lql
怜,lqlv
连,lqlz
楝,lqm
楝,lqmm
脸,lqn
帘,lqne
臁,lqnj
脸,lqnv
联,lqp
联,lqpk
炼,lqr
奁,lqrc
炼,lqrl
裢,lqt
裣,lqt
裢,lqtl
殓,lqtv
裣,lqtv
鲢,lqu
鲢,lqul
敛,lqv
敛,lqva
练,lqw
练,lqwl
链,lqz
镰,lqzj
链,lqzl
楼,lr
蝼,lrc
蝼,lrcx
漏,lrd
漏,lrdp
嵝,lre
嵝,lrex
搂,lrf
搂,lrfx
蒌,lrh
剅,lrhg
蒌,lrhx
瘘,lrj
瘘,lrjx
篓,lrk
篓,lrkx
耧,lrm
楼,lrmx
耧,lrmx
喽,lro
喽,lrox
陋,lrp
陋,lrph
髅,lrr
髅,lrrx
露,lrt
露,lrte
偻,lrv
偻,lrvx
娄,lrx
娄,lrxa
镂,lrz
镂,lrzx
老,ls
姥,lsa
姥,lsaj
涝,lsdh
崂,lse
崂,lseh
捞,lsf
捞,lsfh
劳,lsh
落,lshd
劳,lshx
老,lsj
痨,lsjh
老,lsjl
耢,lsm
耢,lsmh
栳,lsmj
牢,lsn
牢,lsnf
唠,lso
唠,lsoh
酪,lsq
酪,lsqa
醪,lsqe
烙,lsr
烙,lsra
佬,lsvj
铹,lszh
铑,lszj
六,lt
留,ltc
遛,ltc
留,ltcq
遛,ltcz
流,ltd
溜,ltdc
流,ltdi
浏,ltdi
鎏,ltdz
蹓,lte
蹓,ltec
鹨,ltes
琉,ltg
琉,ltgi
刘,lti
六,ltig
刘,ltig
旒,ltiv
瘤,ltj
瘤,ltjc
馏,ltk
馏,ltkc
柳,ltm
柳,ltmc
榴,ltmc
陆,ltp
陆,ltpf
硫,ltpi
熘,ltr
熘,ltrc
骝,lts
骝,ltsc
绺,ltw
绺,ltwa
镏,ltzc
锍,ltzi
路,lu
漉,lud
渌,lude
潞,lude
漉,ludj
泸,ludl
录,lue
戮,luea
路,luea
鹭,lues
录,luex
逯,luez
掳,luf
掳,lufj
撸,lufu
璐,lug
璐,luge
芦,luh
芦,luhp
六,lui
六,luig
鹿,luj
鹿,lujl
甪,lujn
庐,lujp
虏,lujx
簏,luk
簏,lukj
卢,lul
辂,lula
辘,lulj
轳,lull
卢,lulp
卤,lulq
鸬,luls
颅,lult
氇,lulu
橹,lum
麓,lumj
栌,luml
橹,lumu
胪,lunl
噜,luo
噜,luou
陆,lup
碌,lupe
陆,lupf
炉,lur
赂,lura
舻,lurl
炉,lurp
露,lut
禄,lute
露,lute
鲁,luu
鲁,luub
鲈,luul
绿,luw
绿,luwe
垆,luy
垆,luyl
镥,luz
镥,luzu
绿,lv
滤,lvd
捋,lvf
捋,lvfj
率,lvi
膂,lvin
旅,lviv
率,lvix
虑,lvj
虑,lvjw
氯,lvk
氯,lvke
榈,lvm
榈,lvmn
闾,lvn
闾,lvno
吕,lvo
吕,lvoo
屡,lvp
履,lvpv
屡,lvpx
驴,lvs
驴,lvsp
褛,lvt
褛,lvtx
稆,lvu
稆,lvuo
律,lvv
律,lvve
侣,lvvo
绿,lvw
绿,lvwe
缕,lvwx
铝,lvz
铝,lvzo
类,lw
嫘,lwa
嫘,lwaq
泪,lwd
泪,lwdb
擂,lwf
擂,lwft
蕾,lwht
羸,lwi
诔,lwim
羸,lwin
耒,lwm
耒,lwmd
檑,lwmt
肋,lwn
肋,lwnx
嘞,lwo
嘞,lwoh
磊,lwp
磊,lwpp
累,lwq
酹,lwqj
累,lwqw
雷,lwt
雷,lwtq
垒,lwu
垒,lwuy
儡,lwv
儡,lwvq
缧,lww
缧,lwwq
类,lwx
类,lwxr
镭,lwz
镭,lwzt
略,lx
掠,lxf
掠,lxfi
略,lxq
略,lxqa
锊,lxz
锊,lxzj
论,ly
沦,lyd
沦,lydv
抡,lyf
抡,lyfv
论,lyi
论,lyiv
轮,lyl
轮,lylv
囵,lyq
囵,lyqv
仑,lyv
仑,lyvl
伦,lyvv
纶,lyw
纶,lywv
乱,lz
卵,lzc
卵,lzcp
滦,lzd
滦,lzdi
峦,lzi
娈,lzia
峦,lzie
挛,lzif
栾,lzim
脔,lzin
鸾,lzis
孪,lziz
銮,lziz
乱,lztl
没,m
吗,ma
妈,maa
妈,maas
蚂,mac
蟆,mach
蚂,macs
玛,mag
玛,mags
麻,maj
麻,majm
杩,mam
杩,mams
骂,mao
嘛,maoj
吗,maos
骂,maos
唛,maoy
码,map
码,maps
马,mas
马,mash
犸,mass
民,mb
泯,mbd
泯,mbdl
岷,mbe
岷,mbel
抿,mbf
抿,mbfl
珉,mbg
玟,mbgi
珉,mbgl
苠,mbh
苠,mbhl
民,mbl
民,mbla
悯,mbln
愍,mblw
闽,mbn
闽,mbnc
闵,mbni
黾,mbob
皿,mbq
皿,mbqh
敏,mbv
鳘,mbv
敏,mbva
鳘,mbvu
缗,mbw
缗,mbwl
面,mc
娩,mca
娩,mcah
眠,mcb
冕,mcbh
眠,mcbl
眄,mcbt
湎,mcd
渑,mcdo
沔,mcdt
湎,mcdt
免,mch
免,mcho
勉,mchx
棉,mcm
棉,mcmb
腼,mcn
腼,mcnt
呒,mco
呒,mcoh
丏,mctl
面,mctq
绵,mcw
绵,mcwb
缅,mcwt
满,md
瞒,mdb
瞒,mdbh
曼,mdbq
螨,mdc
螨,mdch
满,mdd
漫,mddb
满,mddh
幔,mde
幔,mdeb
鞔,mdh
蔓,mdhb
鞔,mdhh
颟,mdht
蛮,mdi
谩,mdib
蛮,mdic
馒,mdk
馒,mdkb
慢,mdl
慢,mdlb
熳,mdr
熳,mdrb
鳗,mdu
鳗,mdub
缦,mdw
缦,mdwb
埋,mdy
埋,mdyb
墁,mdyb
镘,mdzb
么,me
么,mej
麽,mejj
么,meju
忙,mf
蟒,mfc
蟒,mfch
漭,mfd
漭,mfdh
茫,mfh
茫,mfhd
芒,mfhi
莽,mfhr
盲,mfi
盲,mfib
氓,mfil
邙,mfip
忙,mfli
硭,mfp
硭,mfph
名,mg
明,mgb
暝,mgb
明,mgbn
暝,mgbn
瞑,mgbn
螟,mgc
螟,mgcn
溟,mgd
溟,mgdn
名,mgdo
茗,mgh
茗,mghd
冥,mgn
冥,mgnb
鸣,mgo
鸣,mgos
酩,mgq
酩,mgqd
命,mgv
命,mgvo
铭,mgz
铭,mgzd
买,mh
迈,mhh
荬,mhhn
脉,mhn
买,mhnd
脉,mhnd
迈,mht
霾,mhts
劢,mhtx
迈,mhtz
卖,mhx
卖,mhxn
埋,mhy
麦,mhya
埋,mhyb
米,mi
眯,mib
眯,mibx
泌,mid
汨,midb
泌,midw
蘼,mih
蘼,mihj
谜,mii
芈,miif
谧,miiw
谜,miix
靡,mij
觅,mijn
縻,mijw
糜,mijx
靡,mijx
麋,mijx
密,min
幂,minb
蜜,minc
密,mine
宓,minw
脒,minx
咪,mio
嘧,mion
咪,miox
醚,miq
醚,miqx
猕,mis
猕,misw
祢,mit
祢,mith
秘,miu
秘,miuw
弥,miw
弥,miwh
弭,miwp
迷,mix
敉,mixa
米,mixd
迷,mixz
梦,mj
曚,mjb
盟,mjb
曚,mjbh
矇,mjbh
盟,mjbq
虻,mjc
蠓,mjch
虻,mjci
蜢,mjcz
濛,mjd
濛,mjdh
蒙,mjh
甍,mjha
瞢,mjhb
萌,mjhb
蒙,mjhh
氓,mji
氓,mjil
懵,mjl
懵,mjlh
檬,mjm
梦,mjmd
檬,mjmh
朦,mjn
朦,mjnh
礞,mjp
礞,mjph
艨,mjrh
艋,mjrz
猛,mjs
猛,mjsz
孟,mjz
孟,mjzq
勐,mjzx
锰,mjzz
们,mk
懑,mkd
懑,mkdw
扪,mkf
扪,mkfn
门,mkn
门,mknn
闷,mknw
焖,mkr
焖,mkrn
们,mkv
们,mkvn
钔,mkz
钔,mkzn
秒,mm
妙,mma
妙,mmaw
瞄,mmb
瞄,mmbh
眇,mmbw
渺,mmd
渺,mmdb
描,mmf
描,mmfh
苗,mmh
鹋,mmh
苗,mmhq
藐,mmhs
鹋,mmhs
庙,mmj
庙,mmjq
杪,mmm
杪,mmmw
喵,mmo
喵,mmoh
邈,mmq
邈,mmqz
秒,mmu
秒,mmuw
缈,mmw
缈,mmwb
淼,mmx
淼,mmxx
末,mo
嬷,moa
嫫,moah
嬷,moaj
漠,mod
漠,modh
沫,modm
没,modw
摸,mof
摸,mofh
抹,mofm
无,mog
无,mogw
莫,moh
莫,mohb
摹,mohf
蘑,mohj
茉,mohm
蓦,mohs
谟,moih
魔,moj
魔,mojb
摩,mojf
瘼,mojh
磨,mojp
么,moju
馍,mok
馍,mokh
模,mom
末,momd
模,momh
耱,momj
寞,mon
寞,monh
膜,monh
陌,mop
陌,moph
默,moq
默,moqr
墨,moqy
貊,mos
貉,mosa
貘,mosh
貊,most
殁,mot
万,motn
殁,motw
秣,mou
秣,moum
镆,moz
镆,mozh
灭,mp
蠛,mpc
蠛,mpch
蔑,mphq
灭,mphr
篾,mpk
篾,mpkq
乜,mpn
乜,mpnl
咩,mpo
咩,mpoy
面,mq
娩,mqa
娩,mqah
眠,mqb
冕,mqbh
眠,mqbl
眄,mqbt
湎,mqd
渑,mqdo
沔,mqdt
湎,mqdt
免,mqh
免,mqho
勉,mqhx
棉,mqm
棉,mqmb
腼,mqn
腼,mqnt
呒,mqo
呒,mqoh
面,mqtq
绵,mqw
绵,mqwb
缅,mqwt
某,mr
眸,mrb
某,mrbm
眸,mrbu
蛑,mrc
蛑,mrcu
谋,mri
谋,mrib
哞,mro
呒,mroh
哞,mrou
鍪,mrrz
牟,mru
牟,mruf
侔,mrv
侔,mrvu
毛,ms
冒,msb
昴,msb
昴,msbc
贸,msc
卯,mscp
贸,mscr
泖,msd
泖,msdc
帽,mse
峁,msec
帽,msen
牦,msfl
瑁,msg
瑁,msgb
茂,msh
茂,msha
茆,mshc
茅,mshr
袤,msi
袤,msir
旄,msiv
耄,msj
耄,msjl
毛,msl
毛,msll
懋,msm
懋,msmw
冒,msn
冒,msnb
矛,msr
蟊,msr
瞀,msrb
蝥,msrc
蟊,msrc
矛,msrj
貌,mss
猫,mssh
貌,mssq
髦,msu
髦,msul
锚,msz
铆,mszc
锚,mszh
谬,mti
谬,mtie
缪,mtw
缪,mtwe
木,mu
姆,mua
姥,muaj
姆,muaq
目,mub
目,mubh
睦,muby
沐,mud
沐,mudm
牧,muf
牧,mufa
拇,mufq
牡,mufy
暮,muh
暮,muhb
苜,muhb
幕,muhe
慕,muhl
募,muhx
墓,muhy
亩,mui
亩,muiq
毪,mul
毪,mulu
模,mum
木,mumd
模,mumh
母,muq
母,muqd
穆,muu
穆,muub
仫,muv
仫,muvj
坶,muy
坶,muyq
钼,muz
钼,muzb
每,mw
妹,mwa
媒,mwab
妹,mwam
媚,mwap
魅,mwb
昧,mwbm
魅,mwbm
浼,mwd
湄,mwdp
没,mwdw
嵋,mwe
嵋,mwep
美,mwg
玫,mwga
美,mwgr
莓,mwh
莓,mwhv
糜,mwj
糜,mwjx
梅,mwm
枚,mwma
楣,mwmp
梅,mwmv
寐,mwn
寐,mwnk
眉,mwp
眉,mwpb
鹛,mwps
酶,mwqv
煤,mwr
煤,mwrb
猸,mws
猸,mwsp
霉,mwt
霉,mwtv
袂,mwtz
每,mwv
每,mwvq
镁,mwz
镁,mwzg
镅,mwzp
你,n
那,na
娜,naa
娜,naah
捺,naf
捺,nafr
那,nahp
肭,nan
肭,nann
哪,nao
哪,naoh
呐,naon
衲,nat
衲,natn
拿,nav
拿,navf
纳,naw
纳,nawn
钠,naz
钠,nazn
镎,nazv
您,nb
您,nbv
您,nbvw
年,nc
拈,ncf
拈,ncfl
撵,ncfr
捻,ncfv
蔫,nch
蔫,nche
廿,nchh
辗,nclp
碾,ncp
碾,ncpp
辇,ncr
辇,ncrl
黏,ncu
鲇,ncul
黏,ncul
鲶,ncuv
念,ncv
年,ncvf
念,ncvw
粘,ncx
粘,ncxl
埝,ncy
埝,ncyv
难,nd
难,nda
难,ndav
蝻,ndc
蝻,ndcx
楠,ndm
楠,ndmx
腩,ndn
腩,ndnx
喃,ndo
喃,ndox
男,ndq
囡,ndqa
男,ndqx
囝,ndqz
南,ndx
南,ndxn
赧,ndy
赧,ndyp
呢,ne
那,neh
那,nehp
讷,nei
讷,nein
哪,neo
哪,neoh
呐,neon
呢,neop
囊,nf
曩,nfb
曩,nfbi
攮,nff
攮,nffh
囊,nfho
馕,nfk
馕,nfkh
囔,nfo
囔,nfoh
宁,ng
凝,ngd
凝,ngdl
泞,ngdn
拧,ngf
拧,ngfn
柠,ngm
柠,ngmn
宁,ngn
甯,ngnn
宁,ngnt
咛,ngo
咛,ngon
聍,ngpn
狞,ngs
狞,ngsn
佞,ngv
佞,ngvg
乃,nh
奶,nha
奶,nhah
鼐,nhhb
艿,nhhh
乃,nhhj
萘,nhhr
氖,nhk
氖,nhkh
柰,nhm
柰,nhmt
哪,nho
哪,nhoh
奈,nhr
奈,nhrt
耐,nht
耐,nhtx
佴,nhv
佴,nhvp
泥,ni
妮,nia
妮,niap
昵,nib
昵,nibp
睨,nibu
匿,nic
匿,nich
泥,nid
泥,nidp
溺,nidw
拟,nif
拟,nifl
旎,nii
旎,niiv
逆,nik
逆,nikz
怩,nil
怩,nilp
腻,nin
腻,nina
呢,nio
呢,niop
尼,nip
尼,nipl
猊,nis
猊,nisu
霓,nit
霓,nitu
鲵,niu
鲵,niuu
倪,niv
你,nivh
伲,nivp
倪,nivu
坭,niy
坭,niyp
铌,niz
铌,nizp
能,nj
嗯,njo
嗯,njoq
能,njul
嫩,nk
嫩,nkam
恁,nkv
恁,nkvw
弄,nl
浓,nld
浓,nldn
挊,nlfy
弄,nlg
弄,nlgh
农,nln
农,nlnd
脓,nlnn
哝,nlo
哝,nlon
侬,nlv
侬,nlvn
茑,nmh
茑,nmhs
脲,nmnp
尿,nmp
尿,nmpx
嬲,nmq
嬲,nmqa
鸟,nms
鸟,nmsh
袅,nmst
娘,nn
娘,nnad
酿,nnq
酿,nnqd
挪,no
娜,noa
娜,noah
挪,nof
挪,nofh
搦,nofw
那,noh
那,nohp
诺,noi
诺,noih
懦,nol
懦,nolt
喏,noo
喏,nooh
傩,nov
傩,nova
糯,nox
糯,noxt
锘,noz
锘,nozh
捏,np
臬,npbm
涅,npd
涅,npdb
蹑,npe
蹑,npep
捏,npfb
孽,nph
蘖,nphm
孽,nphz
啮,npo
嗫,npop
啮,npoy
聂,npp
聂,nppa
陧,nppb
颞,nppt
镊,npz
镍,npzb
镊,npzp
年,nq
拈,nqf
拈,nqfl
撵,nqfr
捻,nqfv
蔫,nqh
蔫,nqhe
廿,nqhh
辗,nqlp
碾,nqp
碾,nqpp
辇,nqr
辇,nqrl
黏,nqu
鲇,nqul
黏,nqul
鲶,nquv
念,nqv
年,nqvf
念,nqvw
粘,nqx
粘,nqxl
埝,nqy
埝,nqyv
耨,nr
耨,nrmj
闹,ns
嫐,nsa
嫐,nsaq
蛲,nsca
淖,nsd
淖,nsdl
挠,nsf
挠,nsfa
瑙,nsg
瑙,nsgl
恼,nsl
恼,nsli
脑,nsn
脑,nsni
闹,nsni
呶,nso
呶,nsoa
硇,nsp
硇,nspj
猱,nss
猱,nssr
孬,nst
孬,nsta
垴,nsy
垴,nsyi
铙,nsz
铙,nsza
牛,nt
妞,nta
妞,ntan
扭,ntf
牛,ntfi
扭,ntfn
拗,ntfw
忸,ntl
忸,ntln
狃,nts
狃,ntsn
纽,ntw
纽,ntwn
钮,ntz
钮,ntzn
怒,nu
奴,nua
奴,nuaa
胬,nuan
驽,nuas
弩,nuaw
怒,nuaw
努,nuax
孥,nuaz
女,nv
女,nvah
衄,nvj
衄,nvjn
恧,nvt
恧,nvtw
钕,nvz
钕,nvza
内,nw
那,nwh
那,nwhp
馁,nwk
馁,nwkj
内,nwn
内,nwnv
哪,nwo
哪,nwoh
虐,nx
虐,nxj
疟,nxje
虐,nxje
暖,nz
暖,nzbj
这,o
扎,oa
眨,oab
眨,oabj
齄,oabm
蚱,oac
蚱,oacv
渣,oad
渣,oadm
扎,oaf
扎,oafl
揸,oafm
诈,oai
诈,oaiv
痄,oaj
痄,oajv
轧,oal
轧,oall
榨,oam
查,oamb
札,oaml
楂,oamm
栅,oamn
榨,oamn
闸,oan
闸,oanq
喳,oao
哳,oaof
吒,oaoj
喳,oaom
咤,oaon
砟,oap
砟,oapv
炸,oar
炸,oarv
猹,oasm
乍,oav
乍,oavg
铡,oaz
铡,oazr
盏,oda
盏,odaq
瞻,odb
瞻,odbh
沾,odd
湛,oddb
沾,oddl
崭,ode
崭,odel
搌,odf
搌,odfp
詹,odh
詹,odhj
蘸,odhq
站,odi
谵,odih
站,odil
颤,odit
旃,odiv
战,odl
战,odla
斩,odlj
毡,odll
占,odlo
辗,odlp
栈,odm
栈,odma
展,odp
展,odph
绽,odw
绽,odwn
粘,odx
粘,odxl
着,oe
浙,oed
浙,oedf
折,oef
蜇,oefc
摺,oefe
折,oefj
哲,oefo
着,oeg
着,oegb
蔗,oeh
蔗,oehj
谪,oei
谪,oeii
这,oeiz
者,oej
者,oejb
鹧,oejs
遮,oejz
辙,oel
辙,oeli
辄,oelp
柘,oem
柘,oemp
嘀,oeo
嘀,oeoi
磔,oep
磔,oepd
褚,oet
褶,oete
褚,oetj
赭,oey
赭,oeyj
喆,oeyy
锗,oez
锗,oezj
张,of
嫜,ofai
蟑,ofc
蟑,ofci
涨,ofd
漳,ofdi
涨,ofdw
帐,ofe
幛,ofe
嶂,ofei
帐,ofek
璋,ofg
璋,ofgi
彰,ofi
章,ofi
彰,ofij
鄣,ofip
章,ofix
瘴,ofj
瘴,ofji
长,ofk
长,ofkd
杖,ofm
樟,ofmi
杖,ofmx
胀,ofn
胀,ofnk
障,ofp
障,ofpi
账,ofr
账,ofrk
獐,ofs
獐,ofsi
仗,ofv
仉,ofvw
仗,ofvx
掌,ofw
掌,ofwf
张,ofwk
丈,ofx
丈,ofxd
拽,og
拽,ogf
拽,ogfb
转,ogl
转,oglg
嘬,ogob
摘,oh
翟,ohe
翟,ohev
摘,ohf
摘,ohfi
斋,ohi
斋,ohit
瘵,ohjx
窄,ohn
宅,ohnj
寨,ohnm
窄,ohnv
债,ohv
债,ohvy
砦,ohyp
只,oi
氏,oic
氏,oica
蛭,oicu
蜘,oicv
治,oid
滞,oidh
炙,oidr
治,oidu
汁,oidx
峙,oie
帜,oie
帙,oiej
踬,oiej
踯,oiek
帜,oieo
跖,oiep
趾,oiey
指,oif
掷,oif
挚,oiff
摭,oifj
掷,oifk
指,oifl
贽,oifr
鸷,oifs
絷,oifw
执,oifx
芝,oih
觯,oihg
芷,oihy
芝,oihz
识,oii
识,oiio
制,oij
质,oij
制,oijg
卮,oijl
质,oijx
痔,oijy
痣,oijy
旨,oil
旨,oilb
轵,oilo
轾,oilu
忮,oilx
枝,oim
桎,oim
栉,oimh
栀,oimj
枳,oimo
桎,oimu
枝,oimx
植,oimx
胝,oinc
脂,oinl
膣,oinn
窒,oinu
肢,oinx
彘,oio
只,oiog
彘,oiol
职,oip
咫,oipo
职,oipo
骘,oips
陟,oipy
置,oiq
酯,oiql
置,oiqx
豸,ois
豸,oisj
殖,oit
祗,oitc
殖,oitx
祉,oity
至,oiu
致,oiua
秩,oiuj
郅,oiup
稚,oiuv
至,oiuy
侄,oiv
知,oiv
智,oivb
徵,oive
知,oivo
侄,oivu
雉,oivv
值,oivx
纸,oiw
纸,oiwc
织,oiwo
直,oix
支,oixa
直,oixb
黹,oixg
埴,oiy
止,oiy
止,oiyh
志,oiyw
址,oiyy
之,oiz
之,oizd
正,oj
睁,ojb
睁,ojbh
政,oje
政,ojea
峥,ojeh
正,ojeh
帧,ojel
挣,ojf
挣,ojfh
拯,ojfw
争,ojh
争,ojhe
蒸,ojhw
证,oji
证,ojie
诤,ojih
症,ojj
症,ojje
郑,ojk
筝,ojkh
郑,ojkp
怔,ojl
怔,ojle
整,ojm
整,ojme
狰,ojs
狰,ojsh
征,ojv
征,ojve
铮,ojz
钲,ojze
铮,ojzh
真,ok
斟,okb
斟,okbd
浈,okd
溱,okd
溱,okdg
振,okf
振,okfj
珍,okg
珍,okgv
蓁,okh
蓁,okhg
诊,oki
诊,okiv
疹,okj
疹,okjv
箴,okk
箴,okka
贞,okl
贞,oklr
轸,oklv
枕,okm
椹,okmb
榛,okmg
桢,okml
枕,okmn
朕,okn
胗,okn
朕,oknk
鸩,okns
阵,okp
砧,okpl
阵,okpl
甄,okq
甄,okqa
畛,okqv
赈,okr
赈,okrj
祯,okt
震,okt
震,oktj
祯,oktl
臻,oku
臻,okug
稹,okux
侦,okv
侦,okvl
缜,okw
缜,okwx
真,okxg
圳,oky
圳,okyg
镇,okz
针,okzx
镇,okzx
种,ol
螽,ola
螽,olac
踵,ole
踵,olet
忠,olf
中,olfi
盅,olfq
忠,olfw
衷,oli
衷,olif
肿,oln
肿,olnf
冢,olns
舯,olr
舯,olrf
重,olt
重,oltb
种,olu
种,oluf
仲,olv
众,olv
仲,olvf
众,olvv
终,olw
终,olwa
钟,olz
钟,olzf
锺,olzt
追,on
追,onb
追,onbz
揣,onf
揣,onfe
惴,onl
惴,onle
椎,onm
椎,onmv
坠,onp
坠,onpy
骓,ons
骓,onsv
隹,onv
隹,onvi
缀,onwa
缒,onwb
赘,ony
赘,onyr
锥,onz
锥,onzv
桌,oo
浊,ood
浊,oodc
濯,oode
浞,oodo
涿,oods
躅,ooe
躅,ooeq
捉,oof
擢,oofe
捉,oofo
拙,oofu
琢,oog
着,oogb
琢,oogs
著,ooh
著,oohj
茁,oohu
诼,oois
卓,ool
桌,oolm
卓,oolx
啄,ooo
啄,ooos
斫,oop
斫,oopj
酌,ooq
酌,ooqh
灼,oor
灼,oorh
焯,oorl
禚,ootg
倬,oov
倬,oovl
缴,oow
缴,oowb
镯,ooz
镯,oozq
抓,oq
抓,oqf
抓,oqfj
爪,oqj
爪,oqji
周,or
妯,ora
妯,oraq
州,ord
洲,ordd
州,ordg
帚,ore
帚,oren
皱,orh
皱,orha
荮,orhw
诌,ori
诌,orih
繇,orjj
籀,ork
籀,orkf
轴,orl
轴,orlq
宙,orn
宙,ornq
肘,ornx
周,orny
啁,oron
咒,orow
昼,orp
昼,orpb
碡,orpy
酎,orq
胄,orqn
酎,orqx
舟,orr
舟,orrd
骤,ors
骤,orsp
粥,orw
绉,orwh
粥,orwx
纣,orwx
找,os
照,osb
照,osbd
昭,osbh
沼,osd
沼,osdh
招,osf
找,osfa
招,osfh
着,osg
着,osgb
召,osh
召,osho
诏,osi
诏,osih
爪,osj
爪,osji
笊,oskj
棹,osm
棹,osml
啁,oso
嘲,oso
嘲,osox
肇,osp
肇,ospe
罩,osq
罩,osql
朝,osx
兆,osxd
朝,osxn
赵,osy
赵,osyx
钊,osz
钊,oszg
主,ou
助,oub
瞩,oubp
助,oubx
蛛,ouc
蛀,oucd
蛛,oucj
注,oud
注,oudd
主,oudg
洙,oudj
渚,oudj
潴,ouds
躅,oue
躅,oueq
拄,ouf
拄,oufd
珠,oug
珠,ougj
著,ouh
茱,ouhj
著,ouhj
苎,ouhn
诛,oui
诸,oui
诛,ouij
诸,ouij
朱,ouj
麈,ouj
煮,oujd
疰,oujd
麈,oujd
翥,ouje
朱,oujm
邾,oujp
瘃,oujs
筑,ouk
竺,oukg
筑,ouki
箸,oukj
术,oum
柱,oum
术,oumd
槠,oumi
株,oumj
杼,oumz
嘱,ouo
嘱,ouop
属,oup
属,oupj
烛,our
烛,ourc
炷,ourd
贮,ourn
舳,ourq
逐,ous
驻,ousd
猪,ousj
橥,ousm
逐,ousz
祝,out
祝,outo
住,ouv
住,ouvd
侏,ouvj
伫,ouvn
竹,ouvv
铸,ouz
铸,ouzf
铢,ouzj
追,ov
追,ovb
追,ovbz
揣,ovf
揣,ovfe
惴,ovl
惴,ovle
椎,ovm
椎,ovmv
坠,ovp
坠,ovpy
骓,ovs
骓,ovsv
隹,ovv
隹,ovvi
缀,ovwa
缒,ovwb
赘,ovy
赘,ovyr
锥,ovz
锥,ovzv
这,owi
这,owiz
装,ox
幢,oxe
幢,oxei
撞,oxf
撞,oxfi
戆,oxi
戆,oxiw
庄,oxj
庄,oxjy
状,oxk
妆,oxka
状,oxkr
装,oxkt
壮,oxky
憧,oxl
憧,oxli
桩,oxm
桩,oxmj
准,oy
准,oyd
准,oydv
谆,oyi
谆,oyii
肫,oyn
窀,oynl
肫,oynl
转,oz
颛,oze
颛,ozet
撰,ozf
撰,ozfl
专,ozg
专,ozgl
篆,ozk
馔,ozkl
篆,ozko
转,ozlg
啭,ozo
啭,ozol
砖,ozp
砖,ozpg
赚,ozr
赚,ozrk
传,ozv
传,ozvg
平,p
怕,pa
帕,pae
帕,paeb
趴,paeg
扒,paf
扒,pafg
琶,pag
琶,pagl
葩,pah
葩,pahb
芭,pahl
爬,paj
爬,pajl
筢,pak
筢,pakf
怕,pal
怕,palb
耙,pam
杷,paml
耙,paml
啪,pao
啪,paof
叭,paog
钯,paz
钯,pazl
品,pb
姘,pba
姘,pbak
嫔,pban
拼,pbf
拼,pbfk
牝,pbfl
拚,pbfu
贫,pbg
贫,pbgr
榀,pbm
榀,pbmo
品,pbo
品,pboo
聘,pbp
聘,pbpq
频,pby
颦,pbyq
频,pbyt
片,pc
蹁,pce
蹁,pcep
犏,pcf
犏,pcfp
谝,pci
谝,pcip
篇,pck
片,pckn
篇,pckp
胼,pcn
胼,pcnk
翩,pcp
翩,pcpe
扁,pcpn
骗,pcs
骈,pcsk
骗,pcsp
偏,pcv
便,pcvh
偏,pcvp
判,pd
盼,pdb
盼,pdbg
蟠,pdc
蟠,pdcu
泮,pdd
潘,pdd
泮,pddg
潘,pddu
蹒,pde
蹒,pdeh
叛,pdg
判,pdgg
叛,pdgj
爿,pdk
爿,pdkj
攀,pdm
攀,pdmf
畔,pdq
畔,pdqg
盘,pdr
磐,pdrp
盘,pdrq
袢,pdt
袢,pdtg
襻,pdtm
旁,pf
逄,pfa
逄,pfaz
螃,pfc
螃,pfci
滂,pfd
滂,pfdi
旁,pfi
旁,pfii
庞,pfj
庞,pfjx
耪,pfm
耪,pfmi
胖,pfn
胖,pfng
膀,pfni
乓,pfo
乓,pfod
磅,pfp
磅,pfpi
彷,pfv
彷,pfvi
镑,pfzi
凭,pg
娉,pga
娉,pgaq
冯,pgd
冯,pgds
苹,pgh
萍,pghd
苹,pght
评,pgi
评,pgit
瓶,pgk
瓶,pgka
枰,pgm
枰,pgmt
乒,pgo
乒,pgoj
屏,pgp
屏,pgpk
平,pgt
平,pgtg
鲆,pgu
鲆,pgut
凭,pgv
俜,pgvq
凭,pgvw
坪,pgy
坪,pgyt
排,ph
派,phd
湃,phdf
派,phdj
拍,phf
拍,phfb
排,phfx
蒎,phh
蒎,phhd
牌,phk
牌,phkb
哌,pho
哌,phoj
徘,phv
俳,phvx
徘,phvx
批,pi
皮,pia
皮,piad
媲,piaj
郫,pib
睥,pibb
郫,pibp
匹,pic
蜱,picb
蚍,picl
匹,picw
淠,pid
淠,pidq
披,pif
披,pifa
批,pifl
擗,pifp
琵,pig
琵,pigl
芘,pihl
疲,pij
疲,pija
庀,pijl
癖,pijp
痞,pijt
枇,pim
枇,piml
脾,pin
脾,pinb
疋,pinv
啤,pio
啤,piob
噼,piop
屁,pip
陂,pip
甓,pipa
陂,pipa
陴,pipb
劈,piph
譬,pipi
辟,pipi
屁,pipl
砒,pipl
罴,piqd
毗,piql
貔,pis
貔,pisj
被,pit
霹,pit
被,pita
裨,pitb
丕,pith
否,pito
邳,pitp
霹,pitp
僻,piv
仳,pivl
僻,pivp
纰,piw
纰,piwl
坯,piy
埤,piyb
鼙,piyb
圮,piyl
坯,piyt
铍,piza
碰,pj
蟛,pjc
蟛,pjcy
澎,pjd
澎,pjdy
捧,pjf
捧,pjfg
抨,pjft
蓬,pjh
蓬,pjha
烹,pji
烹,pjid
篷,pjk
篷,pjka
怦,pjl
怦,pjlt
棚,pjm
棚,pjmn
朋,pjn
朋,pjnn
鹏,pjns
膨,pjny
嘭,pjo
嘭,pjoy
碰,pjp
碰,pjpk
硼,pjpn
砰,pjpt
彭,pjy
彭,pjyj
堋,pjyn
盆,pk
湓,pkd
湓,pkdg
盆,pkg
盆,pkgq
喷,pko
喷,pkox
票,pm
嫖,pma
嫖,pmaq
瞟,pmb
瞟,pmbq
螵,pmc
螵,pmcq
漂,pmd
漂,pmdq
膘,pmn
膘,pmnq
嘌,pmo
嘌,pmoq
飘,pmq
剽,pmqg
瓢,pmqj
票,pmqt
飘,pmqw
骠,pms
骠,pmsq
殍,pmt
殍,pmtj
缥,pmw
缥,pmwq
破,po
颇,poa
颇,poat
皤,pob
迫,pob
魄,pobb
皤,pobu
迫,pobz
叵,poc
叵,poco
婆,pod
婆,poda
泊,podb
泼,podl
跛,poea
珀,pog
珀,pogb
笸,pok
笸,pokc
攴,pol
攴,pola
破,popa
陂,popa
鄱,pou
鄱,poup
粕,pox
粕,poxb
坡,poy
坡,poya
钷,poz
钷,pozc
钋,pozl
撇,pp
撇,ppfg
瞥,ppg
瞥,ppgb
苤,pph
蔽,pphg
苤,ppht
氕,ppk
氕,ppkj
片,pq
蹁,pqe
蹁,pqep
犏,pqf
犏,pqfp
谝,pqi
谝,pqip
篇,pqk
片,pqkn
篇,pqkp
胼,pqn
胼,pqnk
翩,pqp
翩,pqpe
扁,pqpn
骗,pqs
骈,pqsk
骗,pqsp
偏,pqv
便,pqvh
偏,pqvp
掊,prf
掊,prfi
抔,prft
剖,pri
剖,prig
裒,priu
跑,ps
泡,psd
泡,psdh
跑,pseh
抛,psf
抛,psfx
刨,psh
刨,pshg
庖,psj
庖,psjh
疱,psjh
脬,psnj
咆,pso
咆,psoh
炮,psr
匏,psrh
炮,psrh
狍,pss
狍,pssh
袍,pst
袍,psth
鲍,psu
鲍,psuh
扑,pu
暴,pub
曝,pubb
暴,pubh
瀑,pud
瀑,pudb
浦,pudf
濮,pudv
溥,pudx
蹼,pue
蹼,puex
扑,puf
扑,pufl
璞,pug
璞,pugx
蒲,puh
蒲,puhd
匍,puhf
葡,puhh
菩,puhi
谱,pui
谱,puik
普,puk
普,pukb
氆,pulk
朴,pum
朴,puml
噗,puo
噗,puox
圃,puq
圃,puqf
仆,puv
仆,puvl
埔,puy
埔,puyf
铺,puz
铺,puzf
镨,puzk
镤,puzx
配,pw
沛,pwd
沛,pwdh
帔,pwe
帔,pwea
旆,pwi
旆,pwiv
胚,pwn
胚,pwnt
呸,pwo
呸,pwot
陪,pwp
陪,pwpi
醅,pwqi
配,pwql
赔,pwr
赔,pwri
霈,pwt
霈,pwtd
佩,pwv
佩,pwvw
辔,pww
辔,pwwo
裴,pwx
裴,pwxt
培,pwy
培,pwyi
坏,pwyt
锫,pwzi
去,q
亲,qb
螓,qbc
螓,qbcg
沁,qbd
溱,qbd
溱,qbdg
沁,qbdw
嵚,qbez
擒,qbf
擒,qbfv
揿,qbfz
秦,qbg
秦,qbgu
琴,qbgv
勤,qbh
芹,qbhj
芩,qbhv
勤,qbhx
亲,qbim
檎,qbm
檎,qbmv
寝,qbn
寝,qbnk
噙,qbo
嗪,qbog
噙,qbov
吣,qbow
侵,qbv
侵,qbve
禽,qbvi
衾,qbvt
钦,qbz
锓,qbze
钦,qbzh
前,qc
潜,qcd
浅,qcda
潜,qcdr
嵌,qce
嵌,qceb
岍,qceh
遣,qcf
掮,qcfp
扦,qcft
遣,qcfz
欠,qch
荨,qche
芡,qchh
茜,qchq
芊,qcht
欠,qchv
谦,qci
谴,qcif
谦,qcik
虔,qcj
虔,qcji
签,qck
箝,qckf
歉,qckh
前,qckn
签,qckv
堑,qcl
悭,qclg
慊,qclk
椠,qclm
堑,qcly
搴,qcnf
肷,qcnh
骞,qcns
褰,qcnt
阡,qcp
阡,qcpt
黔,qcq
黔,qcqv
牵,qcr
牵,qcrn
千,qct
千,qcti
迁,qctz
倩,qcv
愆,qcv
仟,qcvt
佥,qcvw
愆,qcvw
倩,qcvy
缱,qcw
缱,qcwf
纤,qcwt
乾,qcx
乾,qcxv
钳,qcz
钱,qcza
钳,qczb
钎,qczt
钤,qczv
铅,qczw
请,qg
晴,qgb
晴,qgby
卿,qgc
卿,qgcr
蜻,qgcy
清,qgd
清,qgdy
擎,qgh
擎,qghf
檠,qghm
苘,qghn
请,qgi
亲,qgim
请,qgiy
庆,qgj
庆,qgjr
氢,qgk
箐,qgk
氰,qgky
箐,qgky
氢,qgkz
情,qgl
顷,qglt
情,qgly
轻,qglz
綮,qgpw
黥,qgq
黥,qgqi
圊,qgqy
鲭,qgu
鲭,qguy
倾,qgv
倾,qgvl
罄,qgy
青,qgy
罄,qgyi
青,qgyn
磬,qgyp
罄,qgyv
却,qh
鹊,qhh
鹊,qhhs
瘸,qhj
瘸,qhjx
榷,qhmn
阙,qhn
阙,qhnk
阕,qhnx
确,qhp
确,qhph
炔,qhr
炔,qhrz
缺,qhv
缺,qhvz
雀,qhw
雀,qhwv
却,qhyp
悫,qhyw
起,qi
戚,qia
戚,qiay
其,qib
綦,qib
其,qibd
欺,qibh
期,qibn
綦,qibw
蛴,qic
蜞,qicb
蛴,qici
凄,qid
淇,qidb
泣,qidi
汽,qidk
沏,qidl
柒,qidm
漆,qidm
汔,qidv
岂,qie
蹊,qiej
屺,qiel
岂,qiel
崎,qier
岐,qiex
契,qif
契,qifr
亓,qig
琪,qigb
亓,qigg
琦,qigr
妻,qih
蕲,qih
妻,qiha
萁,qihb
芪,qihc
丌,qihg
蕲,qihg
萋,qihh
荠,qihi
芑,qihl
葺,qiho
旗,qii
齐,qiig
弃,qiih
旗,qiiv
讫,qiiv
颀,qij
麒,qij
耆,qijb
麒,qijb
颀,qijt
气,qik
气,qikn
七,qil
七,qill
棋,qim
棋,qimb
桤,qime
槭,qimj
杞,qiml
栖,qimq
脐,qin
脐,qini
器,qio
嘁,qioa
器,qior
启,qip
启,qipk
砌,qipl
碛,qipy
畦,qiq
畦,qiqy
奇,qir
欹,qirh
奇,qirt
骑,qis
骐,qisb
骑,qisr
祈,qit
祺,qitb
祈,qitj
祁,qitp
憩,qitw
鳍,qiu
鳍,qiuj
企,qiv
乞,qivn
俟,qivu
企,qivy
迄,qivz
亟,qiw
亟,qiwh
绮,qiwr
圻,qiy
歧,qiy
圻,qiyj
起,qiyl
歧,qiyx
全,qj
劝,qja
劝,qjax
泉,qjb
泉,qjbx
蜷,qjc
蜷,qjcg
拳,qjg
拳,qjgf
券,qjgh
荃,qjh
颧,qjht
荃,qjhv
诠,qji
诠,qjiv
痊,qjj
痊,qjjv
筌,qjk
筌,qjkv
悛,qjlu
辁,qjlv
权,qjm
权,qjma
圈,qjq
圈,qjqg
醛,qjqh
畎,qjqr
犬,qjr
犬,qjrd
鬈,qjug
全,qjvg
绻,qjw
绻,qjwg
铨,qjz
铨,qjzv
恰,qk
洽,qkd
洽,qkdv
掐,qkf
掐,qkfh
葜,qkhf
恰,qklv
髂,qkr
髂,qkrn
袷,qktv
卡,qky
卡,qkyl
穷,ql
琼,qlg
琼,qlgi
茕,qlh
茕,qlhn
跫,qli
蛩,qlic
跫,qlio
邛,qlip
銎,qliz
筇,qlki
穷,qln
穹,qlnw
穷,qlnx
桥,qm
翘,qma
翘,qmae
瞧,qmb
瞧,qmbv
峭,qme
跷,qmea
峤,qmej
峭,qmew
撬,qmf
撬,qmfl
鞒,qmh
鞘,qmh
荞,qmhj
鞒,qmhj
鞘,qmhw
敲,qmi
巧,qmih
敲,qmil
谯,qmiv
诮,qmiw
乔,qmj
乔,qmjg
悄,qml
毳,qmll
愀,qmlu
憔,qmlv
悄,qmlw
橇,qmm
桥,qmmj
橇,qmml
樵,qmmv
窍,qmn
窍,qmni
硗,qmpa
侨,qmv
俏,qmv
劁,qmvg
侨,qmvj
俏,qmvw
雀,qmw
缲,qmwo
雀,qmwv
壳,qmy
壳,qmyw
锹,qmz
锹,qmzu
强,qn
嫱,qna
嫱,qnay
蜣,qnc
蜣,qncy
跄,qne
跄,qnev
抢,qnf
抢,qnfv
羌,qng
羟,qng
羌,qngl
羟,qngz
蔷,qnh
蔷,qnhy
戕,qnka
枪,qnm
枪,qnmv
樯,qnmy
腔,qnn
腔,qnnn
呛,qno
呛,qnov
炝,qnr
炝,qnrv
襁,qnt
襁,qntw
戗,qnv
戗,qnva
强,qnw
强,qnwo
墙,qny
墙,qnyy
锵,qnz
锵,qnzk
镪,qnzw
锖,qnzy
且,qp
且,qpb
且,qpbh
挈,qpf
挈,qpff
茄,qph
茄,qphx
妾,qpi
妾,qpia
箧,qpk
箧,qpkc
切,qpl
惬,qplc
切,qplh
怯,qply
窃,qpn
窃,qpnl
砌,qppl
伽,qpv
伽,qpvx
郄,qpx
郄,qpxp
锲,qpz
锲,qpzf
前,qq
浅,qqd
浅,qqda
潜,qqdr
嵌,qqe
嵌,qqeb
岍,qqeh
遣,qqf
掮,qqfp
扦,qqft
遣,qqfz
欠,qqh
荨,qqhe
芡,qqhh
茜,qqhq
芊,qqht
欠,qqhv
谦,qqi
谴,qqif
谦,qqik
虔,qqj
虔,qqji
签,qqk
箝,qqkf
歉,qqkh
前,qqkn
签,qqkv
堑,qql
悭,qqlg
慊,qqlk
椠,qqlm
堑,qqly
搴,qqnf
肷,qqnh
骞,qqns
褰,qqnt
阡,qqp
阡,qqpt
黔,qqq
黔,qqqv
牵,qqr
牵,qqrn
千,qqt
千,qqti
迁,qqtz
倩,qqv
愆,qqv
仟,qqvt
佥,qqvw
愆,qqvw
倩,qqvy
缱,qqw
缱,qqwf
纤,qqwt
乾,qqx
乾,qqxv
钳,qqz
钱,qqza
钳,qqzb
钎,qqzt
钤,qqzv
铅,qqzw
求,qt
鼽,qtbx
蚯,qtc
蝤,qtcg
虬,qtcl
蚯,qtco
泅,qtd
泅,qtdq
湫,qtdu
球,qtg
酋,qtgq
球,qtgx
遒,qtgz
龟,qth
龟,qthb
艽,qthx
楸,qtm
楸,qtmu
丘,qto
丘,qtoh
邱,qtop
囚,qtq
囚,qtqv
赇,qtr
赇,qtrx
犰,qtsx
秋,qtu
秋,qtur
鳅,qtuu
仇,qtv
仇,qtvx
俅,qtvx
求,qtx
糗,qtxb
裘,qtxt
求,qtxx
逑,qtxz
巯,qtz
巯,qtzi
取,qu
氍,qubl
瞿,qubv
区,quc
蛆,qucb
蠼,qucb
蛐,qucq
区,qucx
渠,qud
渠,qudm
岖,que
岖,quec
璩,qugj
蕖,quh
蕖,quhd
蘧,quhj
鸲,quhs
劬,quhx
诎,qui
诎,quiu
癯,quj
癯,qujb
觑,qujn
麴,qum
麴,qumh
阒,qunb
朐,qunh
屈,qup
取,qupa
娶,qupa
磲,qupd
屈,qupu
曲,quq
曲,quqh
黢,ququ
躯,qur
躯,qurc
驱,qus
驱,qusc
祛,qut
祛,quty
衢,quv
衢,quvb
趣,quy
趋,quyh
龋,quyj
趣,quyp
去,quyu
取,qv
氍,qvbl
瞿,qvbv
区,qvc
蛆,qvcb
蠼,qvcb
蛐,qvcq
区,qvcx
渠,qvd
渠,qvdm
岖,qve
岖,qvec
璩,qvgj
蕖,qvh
蕖,qvhd
蘧,qvhj
鸲,qvhs
劬,qvhx
诎,qvi
诎,qviu
癯,qvj
癯,qvjb
觑,qvjn
麴,qvm
麴,qvmh
阒,qvnb
朐,qvnh
屈,qvp
取,qvpa
娶,qvpa
磲,qvpd
屈,qvpu
曲,qvq
曲,qvqh
黢,qvqu
躯,qvr
躯,qvrc
驱,qvs
驱,qvsc
祛,qvt
祛,qvty
衢,qvv
衢,qvvb
趣,qvy
趋,qvyh
龋,qvyj
趣,qvyp
去,qvyu
群,qw
群,qweg
裙,qwt
裙,qwte
逡,qwu
逡,qwuz
却,qx
鹊,qxh
鹊,qxhs
瘸,qxj
瘸,qxjx
榷,qxmn
阙,qxn
阙,qxnk
阕,qxnx
确,qxp
确,qxph
炔,qxr
炔,qxrz
缺,qxv
缺,qxvz
雀,qxw
雀,qxwv
却,qxyp
悫,qxyw
群,qy
群,qyeg
裙,qyt
裙,qyte
逡,qyu
逡,qyuz
全,qz
劝,qza
劝,qzax
泉,qzb
泉,qzbx
蜷,qzc
蜷,qzcg
拳,qzg
拳,qzgf
券,qzgh
荃,qzh
颧,qzht
荃,qzhv
诠,qzi
诠,qziv
痊,qzj
痊,qzjv
筌,qzk
筌,qzkv
悛,qzlu
辁,qzlv
权,qzm
权,qzma
圈,qzq
圈,qzqg
醛,qzqh
畎,qzqr
犬,qzr
犬,qzrd
鬈,qzug
全,qzvg
绻,qzw
绻,qzwg
铨,qzz
铨,qzzv
人,r
然,rd
蚺,rdc
蚺,rdcn
染,rdd
然,rddd
染,rddm
苒,rdh
苒,rdhn
冉,rdn
冉,rdny
燃,rdr
燃,rdrd
髯,rdu
髯,rdun
热,re
热,refd
惹,reh
惹,rehw
喏,reo
喏,reoh
让,rf
攘,rff
攘,rffi
瓤,rfij
让,rfiy
嚷,rfo
嚷,rfoi
禳,rft
禳,rfti
穰,rfu
穰,rfui
壤,rfy
壤,rfyi
日,ri
日,ribh
仍,rj
扔,rjf
扔,rjfh
仍,rjvh
任,rk
妊,rkat
韧,rkf
韧,rkfh
刃,rkh
葚,rkhb
刃,rkhd
荏,rkhv
忍,rkhw
认,rki
认,rkiv
饪,rkk
饪,rkkt
轫,rkl
轫,rklh
壬,rkt
壬,rkth
衽,rktt
稔,rku
稔,rkuv
仁,rkv
人,rkvd
仁,rkvg
仞,rkvh
任,rkvt
纫,rkwh
容,rl
戎,rla
戎,rlax
蝾,rlc
蝾,rlch
溶,rld
溶,rldn
嵘,rle
嵘,rleh
融,rlh
融,rlhc
荣,rlhm
蓉,rlhn
茸,rlhp
榕,rlm
榕,rlmn
容,rln
容,rlng
肜,rlnj
冗,rlnw
熔,rlr
熔,rlrn
狨,rls
狨,rlsa
绒,rlw
绒,rlwa
镕,rlz
镕,rlzn
蚋,rnc
蚋,rncn
瑞,rng
瑞,rnge
蕊,rnh
芮,rnhn
蕤,rnhs
蕊,rnhw
睿,rnl
睿,rnlg
枘,rnm
枘,rnmn
锐,rnz
锐,rnzg
弱,ro
若,roh
若,rohx
箬,rok
箬,rokh
偌,rovh
弱,row
弱,roww
肉,rr
蹂,rre
蹂,rrer
揉,rrf
揉,rrfr
鞣,rrh
鞣,rrhr
肉,rrnv
柔,rrr
柔,rrrm
糅,rrx
糅,rrxr
绕,rs
娆,rsa
娆,rsaa
扰,rsf
扰,rsfx
荛,rsh
荛,rsha
饶,rsk
饶,rska
桡,rsm
桡,rsma
绕,rswa
如,ru
如,ruao
蠕,ruc
蠕,ruct
汝,rud
汝,ruda
洳,ruda
溽,rudj
濡,rudt
茹,ruh
茹,ruha
蓐,ruhj
薷,ruht
乳,ruj
乳,rujl
辱,rujx
嚅,ruo
嚅,ruot
褥,rut
褥,rutj
襦,rutt
颥,rutt
入,ruv
入,ruvd
儒,ruvt
缛,ruw
缛,ruwj
孺,ruz
铷,ruza
孺,ruzt
瑞,rv
蚋,rvc
蚋,rvcn
瑞,rvge
蕊,rvh
芮,rvhn
蕤,rvhs
蕊,rvhw
睿,rvl
睿,rvlg
枘,rvm
枘,rvmn
锐,rvz
锐,rvzg
润,ry
润,rydn
闰,ryn
闰,ryng
软,rz
软,rzlh
朊,rzn
朊,rznh
阮,rzp
阮,rzph
三,s
撒,sa
洒,sad
洒,sadq
撒,safh
卅,sahg
萨,sahp
飒,sai
飒,saiw
脎,sanx
歃,sath
仨,sav
仨,savg
散,sd
三,sdg
三,sdgh
散,sdh
散,sdha
馓,sdk
馓,sdkh
叁,sdu
叁,sdug
毵,sdul
伞,sdv
伞,sdvg
色,se
涩,sed
涩,sedh
瑟,seg
瑟,segw
色,seh
色,sehl
塞,sen
塞,seny
穑,seu
穑,seuy
啬,sey
啬,seyq
铯,sezh
桑,sf
桑,sfa
桑,sfam
颡,sfat
搡,sff
搡,sffa
嗓,sfo
嗓,sfoa
磉,sfp
磉,sfpa
丧,sfy
丧,sfyl
赛,sh
赛,shn
腮,shnq
赛,shnr
塞,shny
噻,sho
噻,shon
鳃,shu
鳃,shuq
四,si
姒,sia
姒,sial
斯,sib
斯,sibj
蛳,sic
蛳,sicg
泗,sid
澌,sidb
汜,sidl
泗,sidq
撕,sif
撕,sifb
兕,sii
兕,siiw
厮,sij
厮,sijb
厕,sijr
笥,sik
食,sik
食,sikd
笥,sikn
饲,sikn
巳,sil
巳,sill
耜,simb
司,sin
司,sinh
嗣,sio
嘶,siob
嗣,sion
咝,siow
思,siq
四,siqh
思,siqw
驷,sis
驷,sisq
死,sit
死,sitl
祀,sitl
祠,sitn
私,siu
厶,siud
肆,siue
私,siuu
伺,siv
似,sivl
伺,sivn
俟,sivu
丝,siw
丝,siwh
缌,siwo
鸶,siws
糸,siww
寺,siy
寺,siyx
锶,siz
锶,sizq
僧,sj
僧,sjvg
森,skmm
送,sl
淞,sld
凇,sldm
淞,sldm
嵩,sle
嵩,slei
崧,slem
颂,slg
颂,slgt
菘,slh
菘,slhm
诵,sli
讼,slig
竦,slim
诵,sliz
送,slkz
忪,sll
忪,sllg
悚,sllm
松,slm
松,slmg
宋,sln
宋,slnm
耸,slv
耸,slvp
怂,slvw
随,sn
睢,snb
睢,snbv
眭,snby
濉,snd
濉,sndb
岁,sne
岁,sned
荽,snh
荽,snhj
谇,sni
谇,snii
遂,snk
遂,snkz
邃,snnz
虽,sno
虽,snoc
尿,snp
碎,snp
碎,snpi
隧,snpk
尿,snpx
隋,snpx
随,snpx
髓,snr
燧,snrk
髓,snrx
穗,snu
穗,snuc
祟,snut
绥,snw
绥,snwj
所,so
睃,sobu
娑,sod
娑,soda
挲,sodf
琐,sog
羧,sog
羧,sogu
琐,sogw
蓑,soh
蓑,sohi
所,soj
所,sojj
梭,som
桫,somd
梭,somu
唆,soo
嗍,sook
唆,soou
唢,soow
嗦,soox
缩,sow
缩,sown
索,sox
索,soxw
锁,soz
锁,sozw
搜,sr
瞍,srb
瞍,srbu
螋,src
螋,srcu
溲,srd
溲,srdu
擞,srf
搜,srfu
擞,srfx
薮,srh
薮,srhx
馊,srk
馊,srku
嗽,sro
嗾,sroi
嗽,srom
嗖,srou
艘,srr
艘,srru
叟,sru
叟,srua
飕,srw
飕,srwu
锼,srz
锼,srzu
扫,ss
嫂,ssa
嫂,ssau
搔,ssf
搔,ssfa
扫,ssfe
瘙,ssj
瘙,ssja
梢,ssm
梢,ssmw
臊,ssn
臊,ssno
燥,ssro
骚,sss
骚,sssa
鳋,ssu
鳋,ssua
缫,ssw
缫,sswl
缲,sswo
埽,ssy
埽,ssye
速,su
溯,sud
溯,sudk
涑,sudm
肃,sue
肃,sueg
苏,suh
蔌,suh
蔌,suhm
觫,suhm
苏,suhx
诉,sui
诉,suij
谡,suiq
塑,suk
簌,sukm
塑,suky
愫,sul
愫,suly
速,sumz
宿,sun
窣,suni
宿,sunv
嗉,suo
嗉,suoy
酥,suq
酥,suqu
粟,suqx
稣,suu
稣,suuu
俗,suv
俗,suvg
僳,suvq
夙,suw
夙,suwt
素,suy
素,suyw
随,sv
睢,svb
睢,svbv
眭,svby
濉,svd
濉,svdb
岁,sve
岁,sved
荽,svh
荽,svhj
谇,svi
谇,svii
遂,svk
遂,svkz
邃,svn
邃,svnz
虽,svo
虽,svoc
尿,svp
碎,svp
碎,svpi
隧,svpk
尿,svpx
隋,svpx
随,svpx
髓,svr
燧,svrk
髓,svrx
穗,svu
穗,svuc
祟,svut
绥,svw
绥,svwj
孙,sy
飧,syd
飧,sydk
损,syf
损,syfo
荪,syh
荪,syhz
笋,syk
笋,syke
榫,sym
榫,symv
狲,sys
狲,sysz
隼,syv
隼,syvx
孙,syz
孙,syzw
算,sz
蒜,szh
蒜,szht
算,szkb
酸,szq
酸,szqu
狻,szsu
他,t
她,ta
她,taal
遢,tab
遢,tabz
溻,tad
溻,tadb
踏,tae
趿,taea
蹋,taeb
踏,taex
挞,taf
拓,tafp
挞,tafr
榻,tam
榻,tamb
它,tan
它,tanl
闼,tanr
嗒,taoh
獭,tas
獭,tasm
鳎,taub
他,tavl
沓,tax
沓,taxb
塔,tay
塌,tayb
塔,tayh
天,tc
添,tcd
添,tcdh
掭,tcf
掭,tcfh
忝,tchl
天,tchr
恬,tcl
恬,tclt
腆,tcn
腆,tcnq
阗,tcnx
田,tcq
畋,tcqa
田,tcqh
甜,tct
甜,tctb
舔,tcth
殄,tctv
填,tcy
填,tcyx
谈,td
昙,tdb
昙,tdbg
滩,tdd
滩,tdda
潭,tddq
炭,tde
炭,tdex
探,tdf
摊,tdfa
探,tdfn
谭,tdi
谭,tdiq
谈,tdir
瘫,tdj
瘫,tdja
痰,tdjr
毯,tdl
毯,tdlr
檀,tdm
檀,tdmi
叹,tdo
叹,tdoa
碳,tdp
碳,tdpe
覃,tdq
覃,tdqb
郯,tdr
郯,tdrp
袒,tdt
袒,tdtb
贪,tdv
贪,tdvr
弹,tdw
弹,tdwg
坦,tdy
坦,tdyb
坛,tdyg
坍,tdyn
忐,tdyw
锬,tdz
钽,tdzb
镡,tdzq
锬,tdzr
特,te
忒,tea
忒,teaw
慝,tec
慝,tecw
特,tef
忑,tefw
特,tefy
铽,tez
铽,teza
躺,tf
帑,tfa
帑,tfae
螳,tfc
螗,tfcj
螳,tfcw
汤,tfd
溏,tfdj
汤,tfdn
烫,tfdr
淌,tfdw
搪,tff
搪,tffj
羰,tfg
羰,tfge
瑭,tfgj
唐,tfj
唐,tfje
饧,tfk
饧,tfkn
樘,tfm
耥,tfm
樘,tfmw
耥,tfmw
膛,tfn
膛,tfnw
醣,tfq
醣,tfqj
躺,tfr
躺,tfrw
倘,tfv
倘,tfvw
傥,tfvw
堂,tfw
棠,tfwm
堂,tfwy
糖,tfx
糖,tfxj
趟,tfy
塘,tfyj
趟,tfyw
镗,tfz
铴,tfzd
铛,tfzw
镗,tfzw
听,tg
婷,tga
婷,tgai
蜓,tgc
蜓,tgct
汀,tgd
汀,tgdt
挺,tgf
挺,tgft
莛,tgh
葶,tghi
莛,tght
亭,tgi
亭,tgit
厅,tgj
庭,tgj
厅,tgjt
梃,tgm
梃,tgmt
听,tgo
听,tgoj
町,tgq
町,tgqt
艇,tgr
艇,tgrt
烃,tgrz
霆,tgt
霆,tgtt
廷,tgtz
停,tgv
停,tgvi
铤,tgz
铤,tgzt
太,th
汰,thd
汰,thdr
跆,the
跆,theu
抬,thf
抬,thfu
泰,thg
泰,thgx
苔,thh
苔,thhu
薹,thhy
胎,thn
肽,thnr
胎,thnu
呔,tho
呔,thor
酞,thq
酞,thqr
态,thr
太,thrd
态,thrw
骀,thsu
台,thu
台,thuo
邰,thup
炱,thur
鲐,thuu
钛,thz
钛,thzr
体,ti
题,tib
剔,tibg
题,tibt
涕,tid
涕,tidg
踢,tie
踢,tieb
蹄,tiei
提,tif
提,tifb
剃,tig
剃,tigg
惕,til
惕,tilb
悌,tilg
梯,tim
梯,timg
啼,tio
啼,tioi
嚏,tiox
屉,tip
屉,tiph
醍,tiq
醍,tiqb
替,tir
替,tirb
逖,tis
逖,tisz
体,tiv
体,tivm
倜,tivn
缇,tiwb
绨,tiwg
锑,tiz
锑,tizg
腾,tj
誊,tjg
誊,tjgi
藤,tjh
藤,tjhn
疼,tjj
疼,tjja
滕,tjng
腾,tjns
同,tl
瞳,tlb
瞳,tlbi
潼,tld
潼,tldi
峒,tle
峒,tlen
捅,tlf
捅,tlfz
茼,tlhn
童,tli
童,tlib
痛,tlj
痛,tljz
筒,tlk
筒,tlkn
恸,tll
恸,tllg
桶,tlm
桐,tlmn
桶,tlmz
同,tlnh
彤,tlnj
嗵,tloz
砼,tlp
砼,tlpv
酮,tlq
酮,tlqn
仝,tlv
僮,tlv
佟,tlva
仝,tlvi
僮,tlvi
侗,tlvn
统,tlw
统,tlwi
垌,tlyn
通,tlz
铜,tlzn
通,tlzz
条,tma
条,tmam
眺,tmb
眺,tmbx
蜩,tmc
蜩,tmcn
跳,tme
跳,tmex
挑,tmf
挑,tmfx
迢,tmh
迢,tmhz
调,tmi
调,tmin
笤,tmkh
窕,tmn
窕,tmnx
祧,tmt
祧,tmtx
粜,tmu
鲦,tmua
髫,tmuh
粜,tmux
佻,tmv
佻,tmvx
龆,tmy
龆,tmyh
推,tn
忒,tna
忒,tnaw
蜕,tnc
蜕,tncg
推,tnf
推,tnfv
腿,tnn
腿,tnnr
退,tnr
煺,tnrr
退,tnrz
褪,tnt
褪,tntr
颓,tnu
颓,tnut
拖,to
魄,tob
魄,tobb
沱,tod
沱,todn
沲,todv
跎,toe
跎,toen
托,tof
托,tofj
拓,tofp
拖,tofv
橐,toh
橐,tohm
妥,toj
妥,toja
乇,tojl
庹,tojp
箨,tok
箨,tokf
椭,tom
柝,tomj
柁,tomn
椭,tomp
脱,ton
脱,tong
唾,too
鼍,tooo
唾,toot
砣,top
砣,topn
陀,topn
酡,toqn
驼,tos
驼,tosn
鸵,tosn
驮,tosr
佗,tov
佗,tovn
坨,toy
坨,toyn
铊,toz
铊,tozn
铁,tp
帖,tpe
帖,tpel
萜,tph
萜,tphe
贴,tpr
贴,tprl
餮,tptk
铁,tpzj
天,tq
添,tqd
添,tqdh
掭,tqf
掭,tqfh
忝,tqhl
天,tqhr
恬,tql
恬,tqlt
腆,tqn
腆,tqnq
阗,tqnx
田,tqq
畋,tqqa
田,tqqh
甜,tqt
甜,tqtb
舔,tqth
殄,tqtv
填,tqy
填,tqyx
头,tr
头,trdr
投,trf
投,trfw
骰,trr
骰,trrw
透,tru
透,truz
偷,trv
偷,trvv
套,ts
滔,tsd
涛,tsdf
淘,tsdh
滔,tsdj
洮,tsdx
掏,tsf
焘,tsfd
掏,tsfh
韬,tsfj
萄,tsh
萄,tshh
讨,tsi
讨,tsix
桃,tsm
桃,tsmx
啕,tso
叨,tsoh
啕,tsoh
饕,tsok
陶,tsp
陶,tsph
套,tsru
绦,tsw
绦,tswa
弢,tswu
逃,tsx
鼗,tsxy
逃,tsxz
图,tu
涂,tud
涂,tudv
兔,tuh
菟,tuhh
兔,tuho
荼,tuhv
凸,tui
凸,tuih
突,tun
突,tunr
吐,tuo
吐,tuoy
屠,tup
屠,tupj
图,tuqa
酴,tuqv
秃,tuu
秃,tuuw
途,tuv
徒,tuvy
途,tuvz
土,tuy
土,tuyh
堍,tuyh
钍,tuz
钍,tuzy
推,tv
忒,tva
忒,tvaw
蜕,tvc
蜕,tvcg
推,tvf
推,tvfv
腿,tvn
腿,tvnr
退,tvr
煺,tvrr
退,tvrz
褪,tvt
褪,tvtr
颓,tvu
颓,tvut
暾,tybi
沌,tyd
沌,tydl
吞,tyh
吞,tyho
饨,tyk
饨,tykl
屯,tyl
屯,tylu
豚,tyn
豚,tyns
臀,typ
臀,typn
囤,tyq
囤,tyql
氽,tyv
氽,tyvx
团,tz
湍,tzd
湍,tzde
抟,tzf
抟,tzfg
彖,tzo
彖,tzos
团,tzq
疃,tzqi
团,tzqx
上,u
沙,ua
裟,uad
鲨,uad
裟,uadt
鲨,uadu
沙,uadw
煞,uah
煞,uaha
莎,uahd
厦,uaj
痧,uajd
厦,uajt
杉,uam
杉,uamj
唼,uao
啥,uao
唼,uaoi
啥,uaov
砂,uap
砂,uapw
霎,uat
歃,uath
霎,uatx
傻,uav
傻,uavj
纱,uaw
纱,uaww
刹,uax
杀,uax
刹,uaxg
杀,uaxm
铩,uaz
铩,uazx
山,ud
姗,uda
嬗,udai
姗,udan
蟮,udcg
汕,udd
汕,udde
潸,uddm
山,ude
山,udei
跚,uden
掺,udf
擅,udf
擅,udfi
掺,udfu
善,udg
单,udgb
善,udgk
珊,udgn
鄯,udgp
苫,udh
苫,udhl
芟,udhw
讪,udi
讪,udie
颤,udit
疝,udje
杉,udm
杉,udmj
栅,udmn
删,udn
删,udng
膳,udng
膻,udni
闪,udnv
扇,udp
扇,udpe
陕,udpr
煽,udr
舢,udre
剡,udrg
赡,udrh
煽,udrp
骟,uds
骟,udsp
衫,udt
禅,udtg
衫,udtj
鳝,udu
鳝,udug
缮,udwg
糁,udxu
埏,udye
钐,udzj
设,ue
蛇,uec
蛇,uecn
涉,ued
滠,uedp
涉,uedy
摄,uef
揲,uefh
折,uefj
摄,uefp
设,uei
设,ueiw
厍,uej
厍,uejl
麝,uejr
慑,uel
慑,uelp
射,uer
奢,uerj
赊,uerv
射,uerx
猞,ues
猞,uesv
舌,uet
舌,ueto
社,uety
舍,uev
歙,uevh
畲,uevq
佘,uevt
舍,uevt
赦,uey
赦,ueya
赏,uf
晌,ufb
晌,ufbj
汤,ufd
汤,ufdn
觞,ufh
觞,ufhv
商,ufi
商,ufin
熵,ufr
熵,ufri
殇,uft
殇,uftv
伤,ufv
伤,ufvv
尚,ufw
绱,ufw
尚,ufwn
赏,ufwr
裳,ufwt
绱,ufww
上,ufy
墒,ufy
上,ufyh
墒,ufyi
垧,ufyj
帅,ug
蟀,ugc
蟀,ugci
摔,ugf
摔,ugfi
帅,ugge
率,ugi
衰,ugio
率,ugix
甩,ugn
甩,ugnl
晒,uh
晒,uhb
晒,uhbq
色,uhh
色,uhhl
筛,uhk
筛,uhkg
酾,uhq
酾,uhqh
时,ui
式,uia
式,uiai
始,uiau
匙,uib
是,uibf
匙,uibl
时,uibx
氏,uic
氏,uica
湿,uid
湿,uidb
峙,uie
峙,uiey
势,uif
拭,uifa
誓,uifi
拾,uifv
势,uifx
逝,uifz
师,uig
师,uigt
事,uih
莳,uihb
蓍,uihj
世,uihl
事,uiho
贳,uihr
试,uii
市,uiie
谥,uiik
识,uiio
施,uiiv
诗,uiiy
失,uij
失,uijr
食,uik
蚀,uikc
食,uikd
筮,uiki
饰,uikv
恃,uil
轼,uila
恃,uily
柿,uim
柿,uimi
室,uin
实,uind
虱,uinj
室,uinu
史,uio
嗜,uioj
噬,uiok
史,uiox
石,uip
石,uiph
尸,uipj
屎,uipx
酾,uiq
酾,uiqh
炻,uir
炻,uirp
驶,uis
豕,uisd
狮,uisg
驶,uiso
适,uit
舐,uitc
示,uitd
视,uitn
殖,uitx
适,uitz
释,uiu
释,uiua
鲥,uiub
鲺,uiun
似,uiv
使,uivh
似,uivl
矢,uivr
什,uivx
仕,uivy
侍,uivy
十,uix
弑,uixa
十,uixi
士,uiy
埘,uiyb
螫,uiyc
士,uiyh
铈,uiz
铈,uizi
生,uj
盛,uja
盛,ujaq
圣,ujay
晟,ujb
晟,ujba
昇,ujbj
渑,ujd
渑,ujdo
嵊,uje
嵊,ujeu
牲,ujf
牲,ujfj
升,ujj
眚,ujj
眚,ujjb
升,ujjh
甥,ujjq
生,ujjy
笙,ujk
笙,ujkj
胜,ujn
胜,ujnj
剩,uju
剩,ujug
省,ujw
省,ujwb
绳,ujwo
声,ujy
声,ujyp
深,uk
娠,ukaj
婶,ukan
甚,ukb
申,ukbi
甚,ukbl
沈,ukd
沈,ukdn
深,ukdn
渖,ukdn
渗,ukdu
肾,ukg
珅,ukgb
肾,ukgn
莘,ukh
葚,ukhb
莘,ukhi
谂,ukiv
蜃,ukj
蜃,ukjc
慎,ukl
慎,uklx
椹,ukm
椹,ukmb
审,ukn
审,uknb
胂,uknb
呻,uko
呻,ukob
哂,ukoq
砷,ukp
砷,ukpb
身,ukr
身,ukrj
神,ukt
神,uktb
参,uku
参,ukuj
伸,ukv
伸,ukvb
矧,ukvw
什,ukvx
绅,ukw
绅,ukwb
糁,ukx
糁,ukxu
水,un
睡,unb
睡,unbt
谁,uni
说,unig
谁,univ
税,unu
税,unug
水,unxd
说,uo
妁,uoa
妁,uoah
搠,uof
搠,uofk
蒴,uoh
蒴,uohk
说,uoig
朔,uok
槊,uokm
朔,uokn
硕,uop
硕,uopt
烁,uor
烁,uorc
铄,uoz
铄,uozc
涮,uqd
涮,uqdp
唰,uqo
唰,uqop
刷,uqp
耍,uqt
耍,uqta
受,ur
手,urf
手,urfi
授,urfj
寿,urfx
兽,urg
兽,urgh
熟,uri
熟,urid
瘦,urj
受,urja
瘦,urju
首,urk
首,urkb
收,url
收,urla
守,urn
守,urnx
艏,urr
艏,urrk
狩,urs
狩,ursn
售,urv
售,urvo
绶,urw
绶,urwj
少,us
蛸,usc
蛸,uscw
潲,usd
潲,usdu
捎,usf
捎,usfw
苕,ush
勺,ushd
芍,ushh
苕,ushh
邵,ushp
劭,ushx
韶,usi
韶,usih
筲,usk
筲,uskw
梢,usm
杓,usmh
梢,usmw
哨,uso
哨,usow
烧,usr
烧,usra
艄,usrw
稍,usu
稍,usuw
少,usw
绍,uswh
少,uswj
数,uu
戍,uua
戍,uuad
姝,uuaj
恕,uuaw
暑,uub
暑,uubj
曙,uubq
墅,uuby
沭,uud
漱,uud
沭,uudm
漱,uudm
淑,uudy
澍,uudy
抒,uuf
摅,uufj
抒,uufz
竖,uug
竖,uugi
蔬,uuh
蔬,uuhn
薯,uuhq
菽,uuhy
熟,uui
熟,uuid
孰,uuix
塾,uuiy
庶,uuj
庶,uujd
输,uul
输,uulv
树,uum
树,uuma
枢,uumc
术,uumd
梳,uumi
束,uumo
述,uumz
书,uun
腧,uun
疏,uuni
书,uunn
腧,uunv
属,uup
属,uupj
署,uuq
蜀,uuqh
署,uuqj
赎,uur
赎,uurx
殊,uut
殊,uutj
鼠,uuu
鼠,uuul
秫,uuum
黍,uuuv
舒,uuv
倏,uuva
毹,uuvl
舒,uuvz
纾,uuw
殳,uuwa
纾,uuwz
数,uuxa
叔,uuy
叔,uuya
水,uv
睡,uvb
睡,uvbt
谁,uvi
说,uvig
谁,uviv
税,uvu
税,uvug
水,uvxd
谁,uwi
谁,uwiv
双,ux
双,uxa
双,uxaa
孀,uxat
爽,uxr
爽,uxrx
霜,uxt
霜,uxtm
顺,uy
瞬,uyb
瞬,uybj
顺,uyg
顺,uygt
舜,uyj
舜,uyjd
吮,uyo
吮,uyou
栓,uz
涮,uzd
涮,uzdp
拴,uzf
拴,uzfv
栓,uzm
栓,uzmv
闩,uzn
闩,uznh
是,v
沙,va
裟,vad
鲨,vad
裟,vadt
鲨,vadu
沙,vadw
煞,vah
煞,vaha
莎,vahd
厦,vaj
痧,vajd
厦,vajt
杉,vam
杉,vamj
唼,vao
啥,vao
唼,vaoi
啥,vaov
砂,vap
砂,vapw
霎,vat
歃,vath
霎,vatx
傻,vav
傻,vavj
纱,vaw
纱,vaww
刹,vax
杀,vax
刹,vaxg
杀,vaxm
铩,vaz
铩,vazx
山,vd
姗,vda
嬗,vdai
姗,vdan
蟮,vdcg
汕,vdd
汕,vdde
潸,vddm
山,vdei
跚,vden
掺,vdf
擅,vdf
擅,vdfi
掺,vdfu
善,vdg
单,vdgb
善,vdgk
珊,vdgn
鄯,vdgp
苫,vdh
苫,vdhl
芟,vdhw
讪,vdi
讪,vdie
颤,vdit
疝,vdje
杉,vdm
杉,vdmj
栅,vdmn
删,vdn
删,vdng
膳,vdng
膻,vdni
闪,vdnv
扇,vdp
扇,vdpe
陕,vdpr
煽,vdr
舢,vdre
剡,vdrg
赡,vdrh
煽,vdrp
骟,vds
骟,vdsp
衫,vdt
禅,vdtg
衫,vdtj
鳝,vdu
鳝,vdug
缮,vdwg
糁,vdxu
埏,vdye
钐,vdzj
设,ve
蛇,vec
蛇,vecn
涉,ved
滠,vedp
涉,vedy
摄,vef
揲,vefh
折,vefj
摄,vefp
设,vei
设,veiw
厍,vej
厍,vejl
麝,vejr
慑,vel
慑,velp
射,ver
奢,verj
赊,verv
射,verx
猞,ves
猞,vesv
舌,vet
舌,veto
社,vety
舍,vev
歙,vevh
畲,vevq
佘,vevt
舍,vevt
赦,vey
赦,veya
赏,vf
晌,vfb
晌,vfbj
汤,vfd
汤,vfdn
觞,vfh
觞,vfhv
商,vfi
商,vfin
熵,vfr
熵,vfri
殇,vft
殇,vftv
伤,vfv
伤,vfvv
尚,vfw
绱,vfw
尚,vfwn
赏,vfwr
裳,vfwt
绱,vfww
上,vfy
墒,vfy
上,vfyh
墒,vfyi
垧,vfyj
帅,vg
蟀,vgc
蟀,vgci
摔,vgf
摔,vgfi
帅,vgge
率,vgi
衰,vgio
率,vgix
甩,vgn
甩,vgnl
晒,vh
晒,vhb
晒,vhbq
色,vhh
色,vhhl
筛,vhk
筛,vhkg
酾,vhq
酾,vhqh
时,vi
式,via
式,viai
始,viau
匙,vib
是,vibf
匙,vibl
时,vibx
氏,vic
氏,vica
湿,vid
湿,vidb
峙,vie
峙,viey
势,vif
拭,vifa
誓,vifi
拾,vifv
势,vifx
逝,vifz
师,vig
师,vigt
事,vih
莳,vihb
蓍,vihj
世,vihl
事,viho
贳,vihr
试,vii
市,viie
谥,viik
识,viio
施,viiv
诗,viiy
失,vij
失,vijr
食,vik
蚀,vikc
食,vikd
筮,viki
饰,vikv
恃,vil
轼,vila
恃,vily
柿,vim
柿,vimi
室,vin
实,vind
虱,vinj
室,vinu
史,vio
嗜,vioj
噬,viok
史,viox
石,vip
石,viph
尸,vipj
屎,vipx
酾,viq
酾,viqh
炻,vir
炻,virp
驶,vis
豕,visd
狮,visg
驶,viso
适,vit
舐,vitc
示,vitd
视,vitn
殖,vitx
适,vitz
释,viu
释,viua
鲥,viub
鲺,viun
似,viv
使,vivh
似,vivl
矢,vivr
什,vivx
仕,vivy
侍,vivy
十,vix
弑,vixa
十,vixi
士,viy
埘,viyb
螫,viyc
士,viyh
铈,viz
铈,vizi
生,vj
盛,vja
盛,vjaq
圣,vjay
晟,vjb
晟,vjba
昇,vjbj
渑,vjd
渑,vjdo
嵊,vje
嵊,vjeu
牲,vjf
牲,vjfj
升,vjj
眚,vjj
眚,vjjb
升,vjjh
甥,vjjq
生,vjjy
笙,vjk
笙,vjkj
胜,vjn
胜,vjnj
剩,vju
剩,vjug
省,vjw
省,vjwb
绳,vjwo
声,vjy
声,vjyp
深,vk
娠,vkaj
婶,vkan
甚,vkb
申,vkbi
甚,vkbl
沈,vkd
沈,vkdn
深,vkdn
渖,vkdn
渗,vkdu
肾,vkg
珅,vkgb
肾,vkgn
莘,vkh
葚,vkhb
莘,vkhi
谂,vkiv
蜃,vkj
蜃,vkjc
慎,vkl
慎,vklx
椹,vkm
椹,vkmb
审,vkn
审,vknb
胂,vknb
呻,vko
呻,vkob
哂,vkoq
砷,vkp
砷,vkpb
身,vkr
身,vkrj
神,vkt
神,vktb
参,vku
参,vkuj
伸,vkv
伸,vkvb
矧,vkvw
什,vkvx
绅,vkw
绅,vkwb
糁,vkx
糁,vkxu
水,vn
睡,vnb
睡,vnbt
谁,vni
说,vnig
谁,vniv
税,vnu
税,vnug
水,vnxd
说,vo
妁,voa
妁,voah
搠,vof
搠,vofk
蒴,voh
蒴,vohk
说,voig
朔,vok
槊,vokm
朔,vokn
硕,vop
硕,vopt
烁,vor
烁,vorc
铄,voz
铄,vozc
涮,vqd
涮,vqdp
唰,vqo
唰,vqop
刷,vqp
耍,vqt
耍,vqta
受,vr
手,vrf
手,vrfi
授,vrfj
寿,vrfx
兽,vrg
兽,vrgh
熟,vri
熟,vrid
瘦,vrj
受,vrja
瘦,vrju
首,vrk
首,vrkb
收,vrl
收,vrla
守,vrn
守,vrnx
艏,vrr
艏,vrrk
狩,vrs
狩,vrsn
售,vrv
售,vrvo
绶,vrw
绶,vrwj
少,vs
蛸,vsc
蛸,vscw
潲,vsd
潲,vsdu
捎,vsf
捎,vsfw
苕,vsh
勺,vshd
芍,vshh
苕,vshh
邵,vshp
劭,vshx
韶,vsi
韶,vsih
筲,vsk
筲,vskw
梢,vsm
杓,vsmh
梢,vsmw
哨,vso
哨,vsow
烧,vsr
烧,vsra
艄,vsrw
稍,vsu
稍,vsuw
少,vsw
绍,vswh
少,vswj
数,vu
戍,vua
戍,vuad
姝,vuaj
恕,vuaw
暑,vub
暑,vubj
曙,vubq
墅,vuby
沭,vud
漱,vud
沭,vudm
漱,vudm
淑,vudy
澍,vudy
抒,vuf
摅,vufj
抒,vufz
竖,vug
竖,vugi
蔬,vuh
蔬,vuhn
薯,vuhq
菽,vuhy
熟,vui
熟,vuid
孰,vuix
塾,vuiy
庶,vuj
庶,vujd
输,vul
输,vulv
树,vum
树,vuma
枢,vumc
术,vumd
梳,vumi
束,vumo
述,vumz
书,vun
腧,vun
疏,vuni
书,vunn
腧,vunv
属,vup
属,vupj
署,vuq
蜀,vuqh
署,vuqj
赎,vur
赎,vurx
殊,vut
殊,vutj
鼠,vuu
鼠,vuul
秫,vuum
黍,vuuv
舒,vuv
倏,vuva
毹,vuvl
舒,vuvz
纾,vuw
殳,vuwa
纾,vuwz
数,vuxa
叔,vuy
叔,vuya
水,vv
睡,vvb
睡,vvbt
谁,vvi
说,vvig
谁,vviv
税,vvu
税,vvug
水,vvxd
谁,vwi
谁,vwiv
双,vx
双,vxa
双,vxaa
孀,vxat
爽,vxr
爽,vxrx
霜,vxt
霜,vxtm
顺,vy
瞬,vyb
瞬,vybj
顺,vyg
顺,vygt
舜,vyj
舜,vyjd
吮,vyo
吮,vyou
栓,vz
涮,vzd
涮,vzdp
拴,vzf
拴,vzfv
栓,vzm
栓,vzmv
闩,vzn
闩,vznh
我,w
挖,wa
娃,waa
瓦,waad
娲,waao
娃,waay
蛙,wac
蛙,wacy
洼,wad
洼,wady
挖,waf
挖,wafn
凹,wai
凹,wain
腽,wan
腽,wanb
窊,wanj
哇,wao
哇,waoy
袜,wat
袜,watm
佤,wav
佤,wava
完,wd
婉,wda
婉,wdan
晚,wdb
晚,wdbh
皖,wdbn
蜿,wdc
蜿,wdcn
湾,wdd
湾,wddi
挽,wdf
挽,wdfh
玩,wdg
琬,wdg
玩,wdgh
琬,wdgn
顽,wdh
莞,wdhg
菀,wdhn
豌,wdhn
顽,wdht
芄,wdhx
弯,wdi
弯,wdiw
惋,wdln
宛,wdn
脘,wdn
宛,wdnd
剜,wdng
完,wdnh
脘,wdnn
腕,wdnn
碗,wdp
碗,wdpn
畹,wdq
畹,wdqn
烷,wdrn
万,wdt
万,wdtn
纨,wdw
绾,wdwn
纨,wdwx
丸,wdx
丸,wdxd
望,wf
旺,wfb
旺,wfbg
魍,wfbn
汪,wfd
汪,wfdg
王,wfg
王,wfgh
亡,wfi
妄,wfia
望,wfig
亡,wfil
忘,wfiw
惘,wfl
惘,wfln
辋,wfln
枉,wfm
枉,wfmg
网,wfn
罔,wfnk
网,wfnx
往,wfv
往,wfvd
外,wh
外,whd
外,whdl
崴,whe
崴,whea
呙,who
呙,whon
歪,wht
歪,whti
翁,wjg
瓮,wjga
翁,wjge
蓊,wjh
蓊,wjhg
蕹,wjhi
嗡,wjo
嗡,wjog
问,wk
蚊,wkc
蚊,wkci
温,wkd
温,wkdb
汶,wkdi
刎,wkh
刎,wkhg
文,wki
紊,wkiw
文,wkix
瘟,wkj
瘟,wkjb
闻,wkn
阌,wknj
问,wkno
闻,wknp
吻,wko
吻,wkoh
雯,wkt
稳,wku
璺,wkug
稳,wkuh
纹,wkw
纹,wkwi
握,wo
卧,woc
卧,wocl
蜗,woco
沃,wod
沃,wodj
涡,wodo
渥,wodp
幄,woe
幄,woep
握,wof
握,wofp
挝,wofx
莴,woh
莴,woho
我,woj
我,wojf
窝,won
肟,wong
窝,wono
喔,woop
硪,wop
硪,wopj
倭,wov
倭,wovu
斡,wox
斡,woxv
龌,woy
龌,woyp
无,wu
务,wua
戊,wuad
妩,wuag
务,wuax
晤,wub
晤,wube
蜈,wuc
蜈,wuco
污,wud
鋈,wud
浯,wude
污,wudg
鋈,wudz
五,wue
吾,wueo
物,wuf
牾,wuf
捂,wufe
牾,wufe
物,wufh
无,wufl
无,wug
无,wugw
武,wuh
芜,wuhg
芴,wuhh
勿,wuhj
鹉,wuhs
恶,wuhw
武,wuhy
误,wui
诬,wuii
亡,wuil
误,wuio
巫,wuiv
庑,wuj
痦,wuje
悟,wul
悟,wule
怃,wulg
忤,wulv
梧,wum
梧,wume
杌,wumw
寤,wun
寤,wunk
吴,wuo
唔,wuoe
吴,wuoh
喔,wuop
呜,wuos
屋,wup
屋,wupu
阢,wupw
毋,wuq
毋,wuqj
鹜,wur
婺,wura
焐,wure
骛,wurs
鹜,wurs
乌,wus
乌,wush
邬,wusp
雾,wut
雾,wuta
鼯,wuu
鼯,wuue
午,wuv
舞,wuvd
伍,wuve
仵,wuvv
侮,wuvv
午,wuvx
迕,wuvz
兀,wuw
兀,wuwl
坞,wuy
圬,wuyg
坞,wuys
钨,wuz
钨,wuzs
为,ww
威,wwa
威,wwaa
妫,wwad
娓,wwap
韪,wwb
韪,wwbf
渭,wwd
沩,wwdd
洧,wwdn
涠,wwdq
渭,wwdq
潍,wwdw
为,wwdx
巍,wwe
崴,wwea
嵬,wweb
帏,wwef
巍,wweu
帷,wwev
韦,wwf
韦,wwfi
违,wwfz
玮,wwg
玮,wwgf
危,wwh
葳,wwha
苇,wwhf
危,wwhl
軎,wwho
蔚,wwhp
萎,wwhu
薇,wwhv
谓,wwi
谓,wwiq
诿,wwiu
痿,wwj
痿,wwju
惟,wwl
惟,wwlv
未,wwm
未,wwmd
桅,wwmh
闱,wwn
闱,wwnf
味,wwo
味,wwom
喂,wwoq
唯,wwov
卫,wwp
隗,wwpb
卫,wwph
尾,wwpl
隈,wwpq
慰,wwpw
尉,wwpx
畏,wwq
畏,wwqc
围,wwqf
囗,wwqh
胃,wwqn
炜,wwr
炜,wwrf
艉,wwrp
煨,wwrq
猥,wws
猥,wwsq
猬,wwsq
委,wwu
委,wwua
魏,wwub
鲔,wwux
逶,wwuz
伟,wwv
伪,wwvd
微,wwve
伟,wwvf
位,wwvi
偎,wwvq
维,www
纬,wwwf
维,wwwv
圩,wwy
圩,wwyt
小,x
新,xb
昕,xbb
昕,xbbj
薪,xbh
莘,xbhi
薪,xbhi
芯,xbhw
辛,xbi
歆,xbih
新,xbij
辛,xbix
欣,xbj
衅,xbjg
欣,xbjh
囟,xbjx
忻,xbl
忻,xblj
信,xbv
信,xbvi
心,xbw
心,xbwd
馨,xby
馨,xbyu
锌,xbz
锌,xbzi
镡,xbzq
鑫,xbzz
县,xc
嫌,xca
咸,xcah
嫌,xcak
娴,xcan
显,xcb
县,xcbu
显,xcbx
暹,xcbz
蚬,xcc
蚬,xccn
涎,xcd
涎,xcde
冼,xcdf
跹,xce
跣,xcef
岘,xcen
跹,xcet
先,xcf
掀,xcfj
先,xcfw
现,xcg
羡,xcgd
现,xcgn
贤,xcgr
藓,xch
苋,xchn
藓,xchu
莶,xchv
诜,xci
诜,xcif
痫,xcjn
馅,xck
氙,xcke
筅,xckf
馅,xckh
闲,xcn
腺,xcnb
宪,xcnf
胘,xcni
闲,xcnm
鹇,xcns
见,xcnw
限,xcp
陷,xcph
限,xcpr
险,xcpv
酰,xcq
酰,xcqf
舷,xcr
舷,xcri
猃,xcs
燹,xcsr
猃,xcsv
霰,xct
祆,xcth
霰,xcth
鲜,xcu
鲜,xcug
仙,xcv
仙,xcve
衔,xcvz
线,xcw
线,xcwa
弦,xcwi
纤,xcwt
献,xcx
籼,xcxe
献,xcxr
锨,xcz
铣,xczf
锨,xczj
行,xg
姓,xga
姓,xgaj
星,xgb
星,xgbj
擤,xgf
擤,xgfb
形,xgh
荇,xgh
刑,xghg
形,xghj
邢,xghp
荇,xghv
型,xghy
饧,xgk
饧,xgkn
性,xgl
惺,xglb
性,xglj
悻,xgly
杏,xgm
杏,xgmo
腥,xgn
腥,xgnb
陉,xgp
硎,xgph
陉,xgpz
醒,xgq
醒,xgqb
猩,xgs
猩,xgsb
行,xgvg
兴,xgw
省,xgwb
兴,xgwg
幸,xgy
幸,xgyk
学,xh
彐,xhe
彐,xheh
踅,xhf
踅,xhfo
靴,xhh
薛,xhhb
谑,xhi
谑,xhij
血,xhj
血,xhjq
穴,xhn
穴,xhng
噱,xho
噱,xhoj
雪,xht
雪,xhte
鳕,xhu
鳕,xhut
削,xhwg
泶,xhwx
学,xhwz
西,xi
戏,xia
戏,xiaa
媳,xiab
嬉,xiay
息,xib
曦,xibg
晰,xibm
息,xibw
熙,xic
螅,xicb
熙,xicd
蜥,xicm
蟋,xicu
洗,xid
夕,xidd
汐,xidd
洗,xidf
溪,xidj
淅,xidm
浠,xidx
习,xie
习,xieh
蹊,xiej
牺,xif
牺,xifq
兮,xig
兮,xigh
羲,xigu
昔,xih
昔,xihb
玺,xihg
菥,xihm
茜,xihq
葸,xihq
蓰,xihv
觋,xii
觋,xiin
系,xij
席,xije
奚,xijw
系,xijw
饩,xik
饩,xikk
惜,xil
惜,xilh
析,xim
皙,xim
檄,ximb
皙,ximb
析,ximj
樨,ximp
栖,ximq
穸,xin
膝,xin
穸,xind
膝,xinm
阋,xinu
吸,xio
吸,xioa
唏,xiox
嘻,xioy
隙,xip
隰,xipb
矽,xipd
犀,xipf
硒,xipq
屣,xipv
隙,xipw
醯,xiq
西,xiqh
醯,xiqi
熄,xir
熄,xirb
舾,xirq
烯,xirx
禊,xit
禧,xit
裼,xitb
禊,xitf
禧,xity
悉,xiu
鼷,xiu
舄,xiuh
鼷,xiuj
悉,xiuw
稀,xiux
徙,xiv
翕,xive
歙,xivh
僖,xivy
徙,xivy
细,xiw
细,xiwq
希,xix
欷,xixh
郗,xixp
粞,xixq
袭,xixt
希,xixx
喜,xiy
熹,xiyd
喜,xiyo
锡,xizb
选,xj
悬,xjb
眩,xjbi
暄,xjbn
悬,xjbw
泫,xjd
渲,xjd
泫,xjdi
漩,xjdi
渲,xjdn
选,xjf
揎,xjfn
选,xjfz
璇,xjg
璇,xjgi
瑄,xjgn
萱,xjh
萱,xjhn
旋,xji
谖,xjij
旋,xjiv
玄,xjiw
痃,xjj
癣,xjj
痃,xjji
癣,xjju
轩,xjl
轩,xjlt
楦,xjm
楦,xjmn
宣,xjn
宣,xjng
喧,xjo
喧,xjon
吅,xjoo
碹,xjpn
炫,xjr
炫,xjri
煊,xjrn
儇,xjv
儇,xjvq
绚,xjw
绚,xjwh
镟,xjz
铉,xjzi
镟,xjzi
下,xk
瞎,xkb
瞎,xkbn
暇,xkbz
虾,xkc
虾,xkcf
匣,xkcq
峡,xke
峡,xker
下,xkf
下,xkfd
瑕,xkg
瑕,xkgz
厦,xkj
厦,xkjt
辖,xkl
辖,xkln
柙,xkm
柙,xkmq
吓,xko
吓,xkof
呷,xkoq
硖,xkp
硖,xkpr
黠,xkq
黠,xkqy
狭,xks
狎,xksq
狭,xksr
夏,xkt
夏,xktb
霞,xktz
侠,xkv
斜,xkvd
罅,xkvj
侠,xkvr
遐,xkz
遐,xkzz
胸,xl
汹,xld
汹,xldx
匈,xlh
芎,xlhw
匈,xlhx
胸,xln
胸,xlnh
兄,xlo
兄,xlow
熊,xlu
熊,xlud
雄,xlx
凶,xlxu
雄,xlxv
笑,xm
晓,xmb
魈,xmb
晓,xmba
魈,xmbw
蛸,xmc
蛸,xmcw
消,xmd
潇,xmdh
消,xmdw
淆,xmdx
崤,xme
崤,xmex
萧,xmh
效,xmi
效,xmia
孝,xmj
孝,xmjz
箫,xmk
箫,xmke
笑,xmkj
筱,xmkv
校,xmm
校,xmmi
枵,xmmo
宵,xmn
宵,xmnw
哮,xmo
哓,xmoa
啸,xmoe
哮,xmoj
嚣,xmot
硝,xmp
硝,xmpw
骁,xms
骁,xmsa
枭,xmsm
霄,xmt
霄,xmtw
肖,xmw
小,xmwd
削,xmwg
肖,xmwn
绡,xmww
逍,xmwz
销,xmz
销,xmzw
想,xn
蟓,xnc
蟓,xnch
湘,xnd
湘,xndm
翔,xng
鲞,xng
翔,xnge
鲞,xngu
象,xnh
巷,xnhl
葙,xnhm
象,xnhs
芗,xnhw
项,xni
详,xnig
襄,xnio
项,xnit
享,xniz
向,xnj
庠,xnjg
厢,xnjm
向,xnjo
箱,xnk
饷,xnkj
箱,xnkm
相,xnm
相,xnmb
橡,xnmh
想,xnmw
响,xno
响,xnoj
降,xnp
降,xnpa
骧,xns
骧,xnsi
祥,xnt
祥,xntg
香,xnu
香,xnub
像,xnv
像,xnvh
乡,xnw
纕,xnwi
,xnwi
乡,xnwj
飨,xnwk
缃,xnwm
镶,xnz
镶,xnzi
写,xp
歇,xpb
歇,xpbh
蝎,xpc
蝎,xpcb
泄,xpd
泄,xpdh
渫,xpdh
瀣,xpdl
泻,xpdn
躞,xpe
躞,xper
携,xpf
挟,xpfr
携,xpfv
撷,xpfy
鞋,xph
蟹,xphc
解,xphh
薤,xpht
鞋,xphy
邂,xphz
谢,xpi
亵,xpif
谐,xpil
谢,xpir
廨,xpj
血,xpj
廨,xpjh
血,xpjq
懈,xpl
懈,xplh
械,xpm
楔,xpmf
榍,xpmp
榭,xpmr
械,xpms
胁,xpn
写,xpnh
胁,xpnx
屑,xpp
屑,xppw
邪,xpr
燮,xpra
邪,xprp
獬,xps
獬,xpsh
鲑,xpu
鲑,xpuy
斜,xpv
斜,xpvd
偕,xpvl
卸,xpvp
绁,xpwh
缬,xpwy
协,xpx
勰,xpxq
协,xpxx
些,xpy
些,xpyg
颉,xpyt
县,xq
嫌,xqa
咸,xqah
嫌,xqak
娴,xqan
显,xqb
县,xqbu
显,xqbx
暹,xqbz
蚬,xqc
蚬,xqcn
涎,xqd
涎,xqde
冼,xqdf
跹,xqe
跣,xqef
岘,xqen
跹,xqet
先,xqf
掀,xqfj
先,xqfw
现,xqg
羡,xqgd
现,xqgn
贤,xqgr
藓,xqh
苋,xqhn
藓,xqhu
莶,xqhv
诜,xqi
诜,xqif
痫,xqjn
馅,xqk
氙,xqke
筅,xqkf
馅,xqkh
闲,xqn
腺,xqnb
宪,xqnf
胘,xqni
闲,xqnm
鹇,xqns
见,xqnw
限,xqp
陷,xqph
限,xqpr
险,xqpv
酰,xqq
酰,xqqf
舷,xqr
舷,xqri
猃,xqs
燹,xqsr
猃,xqsv
霰,xqt
祆,xqth
霰,xqth
鲜,xqu
鲜,xqug
仙,xqv
仙,xqve
衔,xqvz
纤,xqw
线,xqwa
弦,xqwi
纤,xqwt
献,xqx
籼,xqxe
献,xqxr
锨,xqz
铣,xqzf
锨,xqzj
修,xt
臭,xtb
臭,xtbr
溴,xtd
溴,xtdb
岫,xte
岫,xteq
羞,xtg
羞,xtgn
庥,xtj
庥,xtjv
馐,xtk
馐,xtkg
朽,xtm
朽,xtmh
宿,xtn
宿,xtnv
嗅,xto
嗅,xtoj
咻,xtov
貅,xts
貅,xtsv
袖,xtt
袖,xttq
秀,xtu
秀,xtuh
髹,xtuv
休,xtv
修,xtva
休,xtvm
鸺,xtvs
绣,xtw
绣,xtwu
锈,xtz
锈,xtzu
需,xu
絮,xua
戌,xuah
婿,xuan
絮,xuaw
煦,xub
煦,xubd
盱,xubt
勖,xubx
洫,xudj
溆,xudv
砉,xuf
砉,xufp
顼,xug
顼,xugt
蓄,xuh
蓄,xuhi
蓿,xuhn
许,xui
诩,xuie
畜,xuiq
许,xuiv
须,xuj
须,xujt
虚,xujx
序,xujz
恤,xul
恤,xulj
栩,xum
栩,xume
胥,xun
胥,xunn
吁,xuo
嘘,xuoj
吁,xuot
酗,xuq
醑,xuqn
酗,xuqx
需,xut
需,xutt
徐,xuv
叙,xuva
徐,xuvv
续,xuw
绪,xuwj
续,xuwx
旭,xux
旭,xuxb
糈,xuxn
墟,xuy
墟,xuyj
圩,xuyt
需,xv
絮,xva
戌,xvah
婿,xvan
絮,xvaw
煦,xvb
煦,xvbd
盱,xvbt
勖,xvbx
洫,xvdj
溆,xvdv
砉,xvf
砉,xvfp
顼,xvg
顼,xvgt
蓄,xvh
蓄,xvhi
蓿,xvhn
畜,xvi
诩,xvie
畜,xviq
许,xviv
须,xvj
须,xvjt
虚,xvjx
序,xvjz
恤,xvl
恤,xvlj
栩,xvm
栩,xvme
胥,xvn
胥,xvnn
吁,xvo
嘘,xvoj
吁,xvot
酗,xvq
醑,xvqn
酗,xvqx
需,xvt
需,xvtt
徐,xvv
叙,xvva
徐,xvvv
续,xvw
绪,xvwj
续,xvwx
旭,xvx
旭,xvxb
糈,xvxn
墟,xvy
墟,xvyj
圩,xvyt
曛,xwb
曛,xwbt
汛,xwd
浔,xwde
洵,xwdh
汛,xwdn
寻,xwe
峋,xweh
寻,xwex
旬,xwh
蕈,xwh
旬,xwhb
荨,xwhe
荀,xwhh
郇,xwhp
蕈,xwhq
薰,xwht
讯,xwi
训,xwig
询,xwih
讯,xwin
巡,xwl
巽,xwlh
恂,xwlh
巡,xwlz
迅,xwn
窨,xwni
迅,xwnz
勋,xwo
勋,xwox
醺,xwq
醺,xwqt
驯,xws
驯,xwsg
獯,xwst
熏,xwt
熏,xwtd
殉,xwth
鲟,xwu
鲟,xwue
循,xwv
徇,xwvh
循,xwvj
埙,xwyo
逊,xwz
逊,xwzz
学,xx
彐,xxe
彐,xxeh
踅,xxf
踅,xxfo
靴,xxh
薛,xxhb
谑,xxi
谑,xxij
血,xxj
血,xxjq
穴,xxn
穴,xxng
噱,xxo
噱,xxoj
雪,xxt
雪,xxte
鳕,xxut
削,xxwg
泶,xxwx
学,xxwz
曛,xyb
曛,xybt
汛,xyd
浔,xyde
洵,xydh
汛,xydn
寻,xye
峋,xyeh
寻,xyex
旬,xyh
蕈,xyh
旬,xyhb
荨,xyhe
荀,xyhh
郇,xyhp
蕈,xyhq
薰,xyht
讯,xyi
训,xyig
询,xyih
讯,xyin
巡,xyl
巽,xylh
恂,xylh
巡,xylz
迅,xyn
窨,xyni
迅,xynz
勋,xyo
勋,xyox
醺,xyq
醺,xyqt
驯,xys
驯,xysg
獯,xyst
熏,xyt
熏,xytd
殉,xyth
鲟,xyu
鲟,xyue
循,xyv
徇,xyvh
循,xyvj
埙,xyyo
逊,xyz
逊,xyzz
选,xz
悬,xzb
眩,xzbi
暄,xzbn
悬,xzbw
泫,xzd
渲,xzd
泫,xzdi
漩,xzdi
渲,xzdn
选,xzf
揎,xzfn
选,xzfz
璇,xzg
璇,xzgi
瑄,xzgn
萱,xzh
萱,xzhn
旋,xzi
谖,xzij
旋,xziv
玄,xziw
痃,xzj
癣,xzj
痃,xzji
癣,xzju
轩,xzl
轩,xzlt
楦,xzm
楦,xzmn
宣,xzn
宣,xzng
喧,xzo
喧,xzon
吅,xzoo
碹,xzp
碹,xzpn
炫,xzr
炫,xzri
煊,xzrn
儇,xzv
儇,xzvq
绚,xzw
绚,xzwh
镟,xzz
铉,xzzi
镟,xzzi
一,y
呀,ya
娅,yaa
娅,yaah
睚,yab
睚,yabj
蚜,yacr
涯,yad
涯,yadj
崖,yae
崖,yaej
岈,yaer
押,yaf
揠,yafc
押,yafq
丫,yag
丫,yagi
琊,yagr
亚,yah
芽,yahr
亚,yahx
讶,yai
讶,yair
压,yaj
痖,yajh
压,yajy
氩,yak
氩,yakh
轧,yal
轧,yall
桠,yam
桠,yamh
呀,yao
哑,yaoh
呀,yaor
砑,yapr
鸭,yaq
鸭,yaqs
牙,yar
牙,yarj
鸦,yars
雅,yarv
迓,yarz
衙,yav
衙,yave
伢,yavr
垭,yayh
因,yb
姻,yba
姻,ybaq
印,ybc
印,ybcp
蚓,ybcw
淫,ybd
淫,ybdj
夤,ybdn
洇,ybdq
尹,ybe
尹,ybej
荫,ybh
茚,ybhc
荫,ybhp
鄞,ybhp
茵,ybhq
音,ybi
音,ybib
瘾,ybj
殷,ybjw
饮,ybk
饮,ybkh
氤,ybkq
寅,ybn
寅,ybnh
窨,ybni
吟,ybo
喑,yboi
吟,ybov
吲,ybow
隐,ybp
隐,ybph
阴,ybpn
因,ybq
因,ybqr
狺,ybsi
霪,ybt
霪,ybtd
引,ybw
胤,ybw
引,ybwi
胤,ybww
垠,yby
堙,ybyq
垠,ybyr
龈,ybyr
银,ybz
铟,ybzq
银,ybzr
眼,yd
嫣,yda
妍,ydah
嫣,ydai
眼,ydb
晏,ydbn
眼,ydbr
蜒,ydc
蜒,ydce
郾,ydcp
湮,ydd
演,ydd
滟,yddf
演,yddn
湮,yddq
淹,yddr
沿,yddw
岩,yde
焉,ydeh
岩,ydep
鄢,ydep
崦,yder
延,ydez
艳,ydf
牪,ydff
艳,ydfh
掩,ydfr
琰,ydgr
严,ydh
燕,ydhd
菸,ydhi
严,ydhj
彦,ydi
谚,ydii
彦,ydij
言,ydio
颜,ydit
兖,ydiu
谳,ydix
厌,ydj
魇,ydjb
餍,ydjk
厣,ydjq
厌,ydjr
赝,ydjr
雁,ydjv
殷,ydjw
筵,ydk
筵,ydke
恹,ydl
恹,ydlj
檐,ydm
檐,ydmh
宴,ydn
宴,ydnb
闫,ydng
阎,ydnh
胭,ydnq
腌,ydnr
阉,ydnr
咽,ydo
唁,ydoi
咽,ydoq
研,ydp
研,ydph
砚,ydpn
酽,ydq
酽,ydqh
罨,ydqr
烟,ydr
奄,ydrb
剡,ydrg
焰,ydrh
烟,ydrq
炎,ydrr
焱,ydrr
验,yds
验,ydsv
鼹,ydub
衍,ydv
偃,ydvc
衍,ydvd
俨,ydvh
盐,ydy
堰,ydyc
埏,ydye
盐,ydyq
也,ye
野,yeb
曳,yebl
晔,yebv
野,yebz
液,yed
液,yedi
冶,yedu
拽,yef
拽,yefb
掖,yefi
揶,yefp
爷,yeg
爷,yegp
夜,yei
谒,yeib
夜,yeiv
靥,yej
靥,yejt
也,yel
也,yell
椰,yem
椰,yemp
腋,yen
腋,yeni
叶,yeo
叶,yeox
噎,yeoy
耶,yepp
邪,yer
邪,yerp
烨,yerv
页,yet
页,yetr
业,yex
业,yexh
邺,yexp
铘,yez
铘,yezr
样,yf
蛘,yfc
蛘,yfcg
洋,yfd
洋,yfdg
漾,yfdg
泱,yfdn
扬,yff
扬,yffn
养,yfg
养,yfgg
羊,yfgt
恙,yfgw
鞅,yfh
鞅,yfhn
痒,yfj
痒,yfjg
疡,yfjn
氧,yfk
氧,yfkg
怏,yfl
怏,yfln
杨,yfm
样,yfmg
杨,yfmn
央,yfn
央,yfnr
鸯,yfns
阳,yfp
阳,yfpb
炀,yfr
烊,yfrg
炀,yfrn
殃,yft
殃,yftn
秧,yfu
秧,yfun
仰,yfv
仰,yfvc
佯,yfvg
徉,yfvg
应,yg
影,ygb
影,ygbj
映,ygbn
迎,ygc
蝇,ygco
迎,ygcz
滢,ygd
滢,ygdh
潆,ygdh
瀛,ygdi
撄,ygf
撄,ygfr
瑛,ygg
璎,yggr
英,ygh
萤,yghc
莹,yghg
英,yghn
营,ygho
盈,yghq
荧,yghr
莺,yghs
萦,yghw
荥,yghx
茔,yghy
蓥,yghz
赢,ygi
嬴,ygin
赢,ygin
鹰,ygj
膺,ygjn
瘿,ygjr
鹰,ygjs
应,ygjw
颖,ygl
颍,yglt
颖,yglt
樱,ygm
楹,ygmh
樱,ygmr
媵,ygn
媵,ygng
嘤,ygo
郢,ygop
嘤,ygor
硬,ygp
硬,ygph
婴,ygr
婴,ygra
鹦,ygrs
罂,ygrv
缨,ygw
缨,ygwr
月,yh
曰,yhb
曰,yhbh
乐,yhc
乐,yhcw
瀹,yhd
瀹,yhdv
跃,yhe
跃,yhej
玥,yhg
说,yhi
说,yhig
粤,yhj
粤,yhjh
悦,yhl
悦,yhlg
樾,yhmy
阅,yhn
刖,yhng
阅,yhng
月,yhnh
岳,yho
哕,yhoe
岳,yhoe
龠,yhvn
约,yhw
约,yhwh
越,yhy
越,yhyc
钥,yhz
钺,yhzc
钥,yhzn
以,yi
姨,yia
弋,yiad
姨,yiar
易,yib
劓,yibg
易,yibh
眙,yibu
医,yic
蜴,yicb
蚁,yicd
翳,yice
颐,yict
医,yicv
义,yid
漪,yid
沂,yidj
溢,yidk
漪,yids
义,yidx
翼,yie
峄,yiea
羿,yieh
翌,yiei
嶷,yiel
翼,yieq
屹,yiev
挹,yif
遗,yif
抑,yifc
挹,yifo
揖,yifo
遗,yifz
艺,yih
艾,yih
一,yihh
薏,yihi
苡,yihl
艺,yihn
荑,yihr
艾,yihx
逸,yihz
意,yii
议,yii
译,yiia
议,yiid
翊,yiie
弈,yiih
诣,yiil
谊,yiin
奕,yiir
诒,yiiu
旖,yiiv
意,yiiw
毅,yiiw
亦,yiix
癔,yij
癔,yiji
痍,yijr
瘗,yijr
疫,yijw
益,yik
食,yik
食,yikd
益,yikq
饴,yiku
异,yil
怿,yila
肄,yile
异,yilh
轶,yilj
已,yill
忆,yiln
悒,yilo
怡,yilu
以,yilv
疑,yilz
椅,yim
椅,yimr
乙,yin
宜,yinb
臆,yini
乙,yinl
胰,yinr
咦,yio
呓,yioh
噫,yioi
邑,yiol
咦,yior
咿,yiov
彝,yiox
尾,yipl
黟,yiqd
酏,yiql
夷,yir
舣,yir
舣,yird
熠,yire
欹,yirh
贻,yiru
夷,yirw
猗,yis
驿,yisa
猗,yisr
衣,yit
衣,yitd
裔,yitn
殪,yity
移,yiu
移,yiud
矣,yiuv
依,yiv
仪,yivd
伊,yive
佾,yivg
佚,yivj
亿,yivn
倚,yivr
依,yivt
役,yivw
迤,yivz
缢,yiw
绎,yiwa
缢,yiwk
刈,yix
乂,yixd
刈,yixg
壹,yiy
埸,yiyb
懿,yiyd
壹,yiyh
圯,yiyo
镱,yiz
镱,yizi
镒,yizk
钇,yizn
铱,yizt
元,yj
媛,yja
媛,yjaj
鸢,yjas
螈,yjc
螈,yjcj
源,yjd
眢,yjdb
渊,yjdg
沅,yjdh
源,yjdj
鸳,yjds
怨,yjdw
援,yjf
援,yjfj
掾,yjfo
瑗,yjg
瑗,yjgj
远,yjh
苑,yjhd
芫,yjhh
鼋,yjho
元,yjhw
远,yjhz
原,yjj
原,yjjb
爰,yjjh
愿,yjjw
箢,yjk
箢,yjkn
辕,yjly
橼,yjm
橼,yjmw
冤,yjn
冤,yjnh
员,yjo
员,yjor
院,yjp
院,yjpn
园,yjq
园,yjqh
圆,yjqo
圜,yjqq
猿,yjs
猿,yjsy
缘,yjw
缘,yjwo
袁,yjy
垣,yjyg
塬,yjyj
垸,yjyn
袁,yjyo
用,yl
蛹,ylc
蛹,ylcz
永,yld
泳,yldd
永,yldn
涌,yldz
踊,yle
踊,ylez
拥,ylf
拥,ylfn
壅,yli
雍,yli
饔,ylik
雍,yliw
壅,yliy
庸,ylj
庸,ylje
痈,yljn
慵,yll
慵,yllj
邕,yllo
用,yln
用,ylnf
臃,ylni
咏,ylo
喁,ylob
咏,ylod
鳙,ylu
鳙,yluj
佣,ylv
佣,ylvn
俑,ylvz
墉,yly
墉,ylyj
勇,ylz
镛,ylzj
甬,ylzn
恿,ylzw
勇,ylzx
水,yn
哟,yo
唷,yoo
唷,yooi
哟,yoow
有,yr
又,yra
又,yrad
蝣,yrc
蝤,yrcg
蝣,yrci
蚰,yrcq
蚴,yrcw
油,yrd
游,yrdi
幽,yre
幽,yrew
猷,yrgr
莜,yrh
莠,yrh
莸,yrhs
莠,yrhu
莜,yrhv
诱,yri
诱,yriu
疣,yrj
繇,yrjj
疣,yrjx
牖,yrk
牖,yrkd
卣,yrl
忧,yrl
卣,yrlq
忧,yrlx
柚,yrm
柚,yrmq
宥,yrn
宥,yrnx
呦,yro
呦,yrow
由,yrq
由,yrqh
酉,yrqh
邮,yrqp
黝,yrqw
囿,yrqx
犹,yrs
犹,yrsx
釉,yru
釉,yruq
鼬,yruq
鱿,yrux
优,yrv
攸,yrva
悠,yrvw
优,yrvx
佑,yrvx
侑,yrvx
幼,yrw
幼,yrwx
右,yrx
友,yrxa
尢,yrxl
尤,yrxl
有,yrxn
右,yrxo
铀,yrz
铀,yrzq
铕,yrzx
要,ys
姚,ysa
妖,ysaj
尧,ysaw
姚,ysax
邀,ysb
曜,ysbe
邀,ysbz
崾,yseq
摇,ysf
摇,ysfj
瑶,ysg
瑶,ysgj
珧,ysgx
药,ysh
药,yshw
谣,ysi
谣,ysij
遥,ysj
繇,ysjj
夭,ysjr
鹞,ysjs
舀,ysju
遥,ysjz
轺,ysl
轺,yslh
杳,ysm
杳,ysmb
腰,ysn
腰,ysnq
窑,ysnv
窈,ysnw
咬,yso
咬,ysoi
吆,ysow
要,ysqa
鳐,ysu
鳐,ysuj
侥,ysv
侥,ysva
徭,ysvj
耀,ysw
幺,yswd
耀,yswe
肴,ysx
爻,ysxx
肴,ysxx
钥,ysz
钥,yszn
铫,yszx
与,yu
余,yu
娱,yua
妪,yuac
娱,yuao
妤,yuaz
愚,yub
昱,yubi
禺,yubn
愚,yubw
遇,yubz
蜮,yuca
蝓,yucv
浴,yud
浴,yudg
淤,yudi
渔,yudu
渝,yudv
羽,yue
羽,yuee
聿,yuef
峪,yueg
屿,yueh
嵛,yuev
揄,yuf
揄,yufv
玉,yug
鹆,yug
玉,yugd
欲,yugh
鹆,yugs
瑜,yugv
欤,yuh
欤,yuhh
与,yuhl
芋,yuht
萸,yuhu
蓣,yuhz
语,yui
语,yuie
育,yuin
谀,yuiu
於,yuiv
谕,yuiv
庾,yuj
禹,yuj
禹,yujc
瘀,yuji
虞,yujo
庾,yuju
瘐,yuju
饫,yuk
饫,yukj
竽,yukt
馀,yukv
愉,yul
愉,yulv
榆,yum
榆,yumv
宇,yun
阏,yun
阈,yuna
寓,yunb
阏,yuni
窳,yunj
宇,yunt
腴,yunu
窬,yunv
喻,yuo
喁,yuob
吁,yuot
喻,yuov
隅,yup
隅,yupb
尉,yupx
圄,yuqe
圉,yuqy
煜,yur
煜,yurb
燠,yurn
鹬,yurs
狱,yus
驭,yusa
狱,yusi
狳,yusv
于,yut
雨,yutd
裕,yutg
雩,yutg
于,yuti
盂,yutq
迂,yutz
臾,yuu
鱼,yuu
舆,yuug
舁,yuuh
鱼,yuuh
臾,yuuv
御,yuv
伛,yuvc
毓,yuvi
俞,yuvn
觎,yuvn
俣,yuvo
余,yuvt
御,yuvv
愈,yuvw
逾,yuvz
誉,yuw
鬻,yuwh
纡,yuwt
郁,yux
郁,yuxp
域,yuy
龉,yuye
域,yuyo
予,yuz
钰,yuzg
豫,yuzh
予,yuzn
预,yuzt
与,yv
余,yv
娱,yva
妪,yvac
娱,yvao
妤,yvaz
愚,yvb
昱,yvbi
禺,yvbn
愚,yvbw
遇,yvbz
蜮,yvca
蝓,yvcv
浴,yvd
浴,yvdg
淤,yvdi
渔,yvdu
渝,yvdv
聿,yve
羽,yvee
聿,yvef
峪,yveg
屿,yveh
嵛,yvev
揄,yvf
揄,yvfv
玉,yvg
鹆,yvg
玉,yvgd
欲,yvgh
鹆,yvgs
瑜,yvgv
欤,yvh
欤,yvhh
与,yvhl
芋,yvht
萸,yvhu
蓣,yvhz
语,yvi
语,yvie
育,yvin
谀,yviu
於,yviv
谕,yviv
庾,yvj
禹,yvj
禹,yvjc
瘀,yvji
虞,yvjo
庾,yvju
瘐,yvju
饫,yvk
饫,yvkj
竽,yvkt
馀,yvkv
愉,yvl
愉,yvlv
榆,yvm
榆,yvmv
宇,yvn
阏,yvn
阈,yvna
寓,yvnb
阏,yvni
窳,yvnj
宇,yvnt
腴,yvnu
窬,yvnv
喻,yvo
喁,yvob
吁,yvot
喻,yvov
隅,yvp
隅,yvpb
尉,yvpx
圄,yvqe
圉,yvqy
煜,yvr
煜,yvrb
燠,yvrn
鹬,yvrs
狱,yvs
驭,yvsa
狱,yvsi
狳,yvsv
于,yvt
雨,yvtd
裕,yvtg
雩,yvtg
于,yvti
盂,yvtq
迂,yvtz
臾,yvu
鱼,yvu
舆,yvug
舁,yvuh
鱼,yvuh
臾,yvuv
御,yvv
伛,yvvc
毓,yvvi
俞,yvvn
觎,yvvn
俣,yvvo
余,yvvt
御,yvvv
愈,yvvw
逾,yvvz
誉,yvw
鬻,yvwh
誉,yvwi
纡,yvwt
郁,yvx
郁,yvxp
域,yvy
龉,yvye
域,yvyo
予,yvz
钰,yvzg
豫,yvzh
予,yvzn
预,yvzt
云,yw
晕,ywb
昀,ywbh
晕,ywbn
韫,ywf
韫,ywfb
运,ywg
云,ywgu
运,ywgz
匀,ywh
匀,ywhd
芸,ywhg
蕴,ywhw
孕,ywhz
韵,ywi
韵,ywih
筠,ywk
氲,ywkb
筠,ywky
愠,ywl
愠,ywlb
恽,ywln
耘,ywm
耘,ywmg
郓,ywn
郓,ywnp
郧,ywop
熨,ywp
陨,ywpo
熨,ywpr
酝,ywq
酝,ywqg
狁,yws
狁,ywsu
殒,ywt
殒,ywto
允,ywu
允,ywuw
纭,yww
纭,ywwg
月,yx
曰,yxb
曰,yxbh
乐,yxc
乐,yxcw
瀹,yxd
瀹,yxdv
跃,yxe
跃,yxej
玥,yxg
说,yxi
说,yxig
粤,yxj
粤,yxjh
悦,yxl
悦,yxlg
樾,yxmy
阅,yxn
刖,yxng
阅,yxng
月,yxnh
岳,yxo
哕,yxoe
岳,yxoe
龠,yxvn
约,yxw
约,yxwh
越,yxy
越,yxyc
钥,yxz
钺,yxzc
钥,yxzn
云,yy
晕,yyb
昀,yybh
晕,yybn
韫,yyf
韫,yyfb
运,yyg
云,yygu
运,yygz
匀,yyh
匀,yyhd
芸,yyhg
蕴,yyhw
孕,yyhz
韵,yyi
韵,yyih
筠,yyk
氲,yykb
筠,yyky
愠,yyl
愠,yylb
恽,yyln
耘,yym
耘,yymg
郓,yyn
郓,yynp
郧,yyop
熨,yyp
陨,yypo
熨,yypr
酝,yyq
酝,yyqg
狁,yys
狁,yysu
殒,yyt
殒,yyto
允,yyu
允,yyuw
纭,yyw
纭,yywg
元,yz
媛,yza
媛,yzaj
鸢,yzas
螈,yzc
螈,yzcj
源,yzd
眢,yzdb
渊,yzdg
沅,yzdh
源,yzdj
鸳,yzds
怨,yzdw
援,yzf
援,yzfj
掾,yzfo
瑗,yzg
瑗,yzgj
远,yzh
苑,yzhd
芫,yzhh
鼋,yzho
元,yzhw
远,yzhz
原,yzj
原,yzjb
爰,yzjh
愿,yzjw
箢,yzk
箢,yzkn
辕,yzly
橼,yzm
橼,yzmw
冤,yzn
冤,yznh
员,yzo
员,yzor
院,yzp
院,yzpn
园,yzq
园,yzqh
圆,yzqo
圜,yzqq
猿,yzs
猿,yzsy
缘,yzw
缘,yzwo
袁,yzy
垣,yzyg
塬,yzyj
垸,yzyn
袁,yzyo
在,z
杂,za
匝,zac
匝,zace
扎,zaf
扎,zafl
拶,zafl
咋,zao
咱,zaob
咂,zaoc
咋,zaov
砸,zap
砸,zapc
杂,zaxm
暂,zd
昝,zda
昝,zdab
赞,zdf
攒,zdff
拶,zdfl
赞,zdfr
瓒,zdg
瓒,zdgf
簪,zdk
簪,zdkc
暂,zdl
暂,zdlb
錾,zdlz
咱,zdo
咱,zdob
糌,zdxa
趱,zdy
趱,zdyf
则,ze
昃,zebj
赜,zec
赜,zecy
泽,zed
泽,zeda
帻,zee
帻,zeey
择,zef
择,zefa
仄,zej
仄,zejv
箦,zeky
啧,zeo
啧,zeoy
则,zerg
舴,zerv
迮,zevz
责,zey
责,zeyr
藏,zf
葬,zfh
藏,zfha
葬,zfht
臧,zfk
臧,zfkc
奘,zfkr
脏,zfn
脏,zfnj
赃,zfrj
驵,zfsb
再,zh
崽,zhe
崽,zheq
再,zhh
再,zhhn
甾,zhlq
灾,zhn
宰,zhni
灾,zhnr
仔,zhv
仔,zhvz
栽,zhx
载,zhxl
栽,zhxm
哉,zhxo
在,zhxy
字,zi
姊,zia
姊,ziaj
自,zib
自,zibh
眦,ziby
姿,zid
资,zid
姿,zida
滋,zidk
淄,zidl
滓,zidn
咨,zido
资,zidr
恣,zidw
粢,zidx
渍,zidy
嵫,zie
嵫,ziek
茈,zih
茈,zihy
谘,zii
谘,ziid
兹,zik
笫,zikj
兹,zikw
孳,zikz
辎,zil
辎,zill
甾,zilq
梓,zim
梓,zimi
耔,zimz
字,zin
字,zinz
吱,zio
吱,ziox
秭,ziu
秭,ziuj
鲻,ziul
髭,ziuy
仔,ziv
仔,zivz
缁,ziwl
籽,zix
籽,zixz
紫,ziy
訾,ziy
趑,ziyd
赀,ziyi
龇,ziym
赀,ziyr
紫,ziyw
子,ziz
孜,ziza
子,zizh
锱,zizl
孖,zizz
增,zj
曾,zjg
甑,zjga
曾,zjgq
憎,zjl
憎,zjlg
罾,zjqg
赠,zjr
赠,zjrg
缯,zjwg
增,zjyg
锃,zjzo
怎,zk
谮,zki
谮,zkic
怎,zkv
怎,zkvw
总,zl
踪,zle
踪,zlen
总,zlgw
棕,zlm
棕,zlmn
枞,zlmv
宗,zln
腙,zlnn
宗,zlnt
鬃,zlun
偬,zlvh
纵,zlw
综,zlwn
纵,zlwv
粽,zlx
粽,zlxn
最,zn
最,znbp
蕞,znhb
嘴,zno
咀,znob
嘴,znoy
罪,znq
醉,znqi
罪,znqx
觜,zny
觜,znyh
做,zo
昨,zob
昨,zobv
撮,zof
撮,zofb
挫,zofv
琢,zog
琢,zogs
座,zoj
座,zojv
笮,zok
笮,zokv
怍,zolv
柞,zom
柞,zomv
胙,zon
胙,zonv
嘬,zoo
嘬,zoob
唑,zoov
阼,zop
阼,zopv
酢,zoq
酢,zoqv
祚,zot
祚,zotv
作,zov
作,zovv
佐,zovx
做,zovx
坐,zovy
左,zox
左,zoxi
走,zr
揍,zrf
揍,zrfg
奏,zrg
奏,zrgh
邹,zrh
邹,zrhp
诹,zri
诹,zrip
陬,zrp
鄹,zrpp
陬,zrpp
驺,zrsh
鲰,zru
鲰,zrup
走,zry
走,zryl
早,zs
蚤,zsa
蚤,zsac
早,zsb
皂,zsbl
早,zsbx
澡,zsd
澡,zsdo
躁,zse
躁,zseo
造,zsf
造,zsfz
藻,zsh
藻,zshd
枣,zsm
枣,zsmd
唣,zsob
噪,zsoo
遭,zsq
遭,zsqz
灶,zsr
燥,zsro
灶,zsry
糟,zsx
凿,zsxk
糟,zsxq
组,zu
蹴,zue
蹴,zuei
菹,zuh
菹,zuhd
族,zui
诅,zuib
族,zuiv
卒,zuix
足,zuo
足,zuol
阻,zup
阻,zupb
祖,zut
祖,zutb
租,zuu
租,zuub
俎,zuv
俎,zuvb
组,zuwb
镞,zuz
镞,zuzi
最,zv
最,zvbp
蕞,zvhb
嘴,zvo
嘴,zvoy
罪,zvq
醉,zvqi
罪,zvqx
觜,zvy
觜,zvyh
贼,zw
贼,zwra
尊,zy
蹲,zye
蹲,zyeg
撙,zyf
撙,zyfg
遵,zyg
尊,zygx
遵,zygz
樽,zym
樽,zymg
鳟,zyu
鳟,zyug
钻,zz
躜,zze
躜,zzef
攥,zzf
攥,zzfk
纂,zzk
纂,zzkw
钻,zzl
赚,zzr
赚,zzrk
缵,zzw
缵,zzwf
钻,zzz
钻,zzzl
