的,dqei
一,ykkk
不,bhii
是,snmi
了,lndd
我,wrii
他,thnc
人,rff
在,zhlk
有,yhvk
这,zuvi
来,llii
个,ghdd
你,nheg
上,sfkk
道,dyvi
她,tbnc
大,dhii
中,zddd
说,siyd
到,dkad
为,wyii
子,znkk
也,yncc
们,mhpc
着,zydk
出,cndd
得,dtnj
要,ymbk
地,dlnc
那,nvnd
之,ziii
以,yxhi
和,hrgk
下,xmii
时,snmi
就,juhi
可,kkgd
去,qlxi
会,hhjx
会,khjx
对,dxmi
过,gmvi
么,meii
里,ldkk
自,zqkk
好,hbnk
国,gdji
而,ehdd
生,srkk
小,xkkk
心,xiii
然,reoo
看,kudk
家,johi
天,tjii
能,nxee
用,yedd
后,htgk
于,yjdd
事,smdd
没,msex
多,deei
只,zgwi
如,rbgk
起,qlvc
还,hhvi
作,zhrk
发,fbxi
行,xtjd
行,htjd
见,jdec
都,dmnd
面,mhkk
想,xfdi
方,fuee
又,yxii
无,wjcc
知,zrgk
成,chii
手,suu
头,toii
所,sttd
年,nrdd
开,kjdd
前,qyva
法,fslx
点,dfgo
分,fwbe
两,lmii
已,yvcc
把,bunc
此,cfec
日,rrr
身,sqee
当,dkvk
同,tdkg
老,lmec
进,jjvi
文,wuii
经,jcxm
其,qmwi
样,yfyj
与,ykkk
定,domi
本,bmkk
意,yuni
现,xjde
回,hdgk
儿,eecc
三,sjkk
情,qojv
声,slne
实,sooi
动,djbe
问,wpgk
理,ljdk
从,chhi
学,xonk
什,shmd
十,smdd
明,mnvk
话,hirg
些,xfjk
将,juem
但,dhnk
主,zukk
笑,xrri
长,zrii
长,crii
女,nbb
间,jpnk
者,zmnk
种,zrdd
全,qhjk
走,zlfi
相,xfdk
二,ejkk
正,zmkk
因,ydhi
数,sybr
高,gugg
向,xqgk
公,gwxi
等,drlm
己,jvcc
外,wesi
气,qrcc
信,xhuj
门,mpcc
太,thii
很,htvi
真,zmwi
关,gyji
眼,ydvi
力,lbee
工,gmkk
口,kiii
系,xeki
系,jeki
何,hhkg
应,yuok
使,shmi
便,bhmi
便,phmi
先,xrec
才,cmee
重,crkk
重,zrkk
再,zmkk
机,jfec
给,gchg
给,jchg
听,tgtd
名,megk
并,byjd
表,bjei
打,dumd
处,cesi
部,bund
新,xuft
几,jecc
算,srdh
别,bgad
民,mvcc
性,xork
最,znmx
住,zhuk
被,bibx
月,yvv
白,bqkk
位,whuk
结,jcmg
少,skee
由,ydkk
业,yakk
却,qlnd
今,jhic
合,hhgk
西,xmkk
入,rwii
内,ndii
神,sidd
计,jimd
体,thmk
次,cueh
山,sddd
果,gdii
四,sdkk
做,zhmr
水,sdd
安,aobk
夫,fjii
加,jbgk
件,jhrd
平,pldd
通,txvi
统,tcue
报,bunx
马,mckk
王,wjkk
立,lukk
接,juub
死,shec
化,hhec
特,trlm
边,bbvi
光,gkec
叫,jgnd
书,scii
怎,zrii
常,ckgd
常,ckdd
目,mdkk
程,crgj
据,juvm
觉,jode
提,tunm
提,dunm
放,furi
第,drve
言,yujg
解,jebr
难,nxhu
更,gmii
比,bkec
亲,qufi
感,ghii
色,senc
它,toec
东,dkii
制,zrad
风,fewi
则,zdad
路,lgeg
直,zmdk
至,zklk
像,xhed
像,xhei
度,duxi
教,jmri
象,xedi
象,xeii
张,zvri
原,yhqg
字,zonk
及,jbii
总,zyii
利,lrad
连,lkvi
美,myhi
望,wujk
爱,awhx
设,siex
世,smcc
任,rhrk
必,biii
五,wmkk
非,fffk
快,kovi
义,yyii
各,gegk
命,mhgn
息,xqii
变,buxi
花,hahe
让,rifk
展,zvmi
题,tnhd
记,jivc
建,jvxi
式,skmk
受,swxi
管,grod
活,hsrg
图,tdeo
该,giui
语,yimg
许,xird
务,webe
呢,ngve
思,sdii
且,qdkk
步,bfge
求,qmii
云,yjxi
服,fvnx
场,clbe
产,cuee
清,qsjv
电,ddcc
完,woje
万,wkee
带,dmdd
脸,lvho
形,xjte
若,rahg
量,lndk
斯,smtd
往,wtuk
指,zuen
政,zmri
或,hkgk
轻,qkxm
即,jvnd
转,zkji
吗,mgck
交,juww
似,shxh
物,wree
金,jhhh
师,sgmd
市,sudd
吃,cgrc
认,rihi
海,hsrc
元,yjec
未,wjii
车,ckdd
强,qvgd
强,jvgd
论,lihe
取,qmxi
传,chji
传,zhji
候,hhvr
干,gjdd
条,tefi
尔,eeki
保,bhgf
告,grgk
反,ftxi
基,jmlk
房,fiue
请,qijv
满,msam
员,ygdh
德,dtmi
坐,zhlk
决,juvi
吧,bgnc
军,jikd
曰,yrrr
南,nmdy
北,bfec
深,ssif
容,rowg
近,jtvi
模,mfan
空,komk
跟,ggvi
社,silk
士,slkk
李,lfnk
远,yjvi
功,gmbe
令,lhii
衣,yuii
每,mrci
拉,luuk
术,sfii
流,lsuq
双,sxxi
华,hhmd
早,znmd
类,lyhi
百,bhnk
父,fwwi
红,hcmk
识,sigw
音,yunk
江,jsmk
改,gvri
科,krod
示,sjgi
找,zuki
收,snri
期,qmvk
半,bydd
林,lffi
集,jhfi
倒,dhka
飞,fbii
喜,xlgk
青,qjvk
办,bbii
离,ludi
娘,nbii
官,godk
区,qkwi
虽,sgdi
冷,luhi
克,kmge
领,lhhd
写,xikk
故,gmri
怕,poqk
乎,hwdd
钱,qjji
技,jumx
切,qkbe
失,srii
达,dhvi
落,lase
单,dydd
众,zhhh
调,diel
调,tiel
母,mcii
城,clhi
极,jfei
极,jfbi
客,koeg
随,snhv
八,bwii
火,haaa
视,side
战,zfki
送,syvi
持,culm
复,frne
界,jdhq
组,zcdk
微,wtdr
玉,yjii
院,ynoj
黑,hdoo
石,shgk
石,dhgk
资,zudh
构,gfex
惊,jouk
男,ndbe
孩,hnui
武,wjfk
存,chnk
谁,sihu
友,yhxi
弟,dyve
引,yvdd
济,jsuq
布,bhdd
根,gfvi
姐,jbdk
格,gfeg
紧,jacg
句,jegk
型,xjlk
尽,jvoi
拿,nhud
影,ynte
器,qghg
爷,ywnd
议,yiyi
代,dhki
答,drhg
京,jugk
运,yjvi
始,sbxg
司,svgk
足,zgfi
奇,qhkg
奇,jhkg
谈,tiyy
夜,yuhe
台,txgk
龙,lhii
确,qhee
首,syqk
网,wdww
罗,ldei
标,bfjg
敢,gvri
规,gjde
刻,kuad
九,jecc
兴,xowi
精,jyjv
究,joec
品,pggg
整,zmhm
共,gmwi
剑,jhad
晚,wned
酒,jsmk
站,zufg
哥,gkkg
苦,kamg
乐,leii
乐,yeii
包,bevc
杀,swfi
曾,cynk
曾,zynk
千,qrdd
断,dytd
约,ycei
留,ledk
府,fuhm
准,zuhu
竟,june
甚,smwc
周,zelg
待,dtlm
线,xcji
刚,gdad
举,jojd
绝,jcen
消,xskv
观,gxde
具,jdwi
七,qkcc
急,jeii
香,xrnk
欢,hxeh
照,znbo
治,zsxg
六,luwi
忙,mouc
片,pqcc
研,yhjd
户,hiee
节,jand
备,bedk
愿,yhii
般,btex
阿,ankg
需,xlhd
易,ynee
英,yadi
怪,goxl
伤,shrb
念,nhii
推,tuhu
值,zhmd
姑,gbmg
久,jeii
忽,heii
终,zceo
注,zsuk
证,zimk
哪,ngvn
态,thii
志,zlii
队,dnhi
势,sube
突,tohi
兄,xgec
际,jnjg
联,lmyj
须,xthd
造,zrvi
宝,boji
低,dhei
君,jvgk
越,ylki
农,niii
序,xuxd
阳,ynnk
查,cfnk
热,rueo
段,dqex
委,wrbk
广,guee
黄,hmdw
树,sfxm
参,cxte
错,cjmn
党,dkge
党,dkec
古,gmgk
显,xnak
暗,anun
支,zmxi
闻,wpmk
选,xrvi
参,sxte
朝,zmvk
朝,cmvk
兵,bqwi
汉,hsxi
局,jvcg
况,kuge
害,hojg
静,jjev
依,yhui
响,xgqg
称,creg
导,dvmi
环,hjhi
既,jvkc
商,sudw
词,civg
底,duei
病,bumi
除,cnhj
细,xcdk
诉,siti
希,xwhd
余,yhji
巴,bncc
脚,jvln
号,hgkc
妈,mbck
啊,agnm
较,jkuw
项,xmhd
礼,licc
群,qvyj
索,smck
装,zuui
采,cwfi
专,zjii
增,zlyn
仍,rhbe
尚,skdg
阵,znkd
另,lgbe
企,qhfk
沉,csie
差,cymk
换,hued
谢,xiqm
亚,ymkk
妇,fbvk
帮,bjdd
居,jvmg
维,wchu
库,kukd
木,mgg
初,cibe
费,fvdh
效,xuri
严,ymee
权,qfxi
穿,coke
块,klvi
您,nhii
乱,lrcc
破,phbx
够,geee
痛,tuxd
异,yvhd
护,huie
列,lhad
致,zkri
省,sgdk
省,xgdk
史,sdii
讲,jijd
级,jcei
怀,hohi
假,jhvv
左,zhmk
施,surn
团,tdme
银,yjvi
州,zydd
星,xnrk
掌,zkud
陈,cnki
兰,lyjk
质,ztmh
诗,silm
层,cvjx
喝,hgne
铁,tjri
止,zfkk
楚,cfni
船,cteg
争,zevd
春,cjnk
画,hkdn
灵,lvyh
楼,lfyb
莫,manh
招,zubg
简,jrpn
试,sikm
独,dedi
境,jlue
纪,jcvc
丽,lkdd
堂,tkgl
角,jeed
否,fhgk
否,phgk
投,tuex
考,kmkc
密,modd
亦,yuii
冲,cudd
呼,hgwd
村,cfmi
素,sjcg
朋,pvvk
嘴,zgfe
背,bfvk
刀,dbee
速,smvi
续,xcmo
案,aobf
血,xqkk
旁,puue
罢,bdlx
齐,quqd
停,thum
修,xhet
疑,yexn
游,ysur
供,ghmw
妹,mbji
优,yhhi
置,zdmd
梦,mfei
县,xdxi
赶,gljd
室,sokl
摇,yuwr
顾,ghhd
归,ggvk
历,lhbe
述,sfvi
睡,sdrk
岁,sdei
屋,wvkl
状,zuhi
恶,emii
恶,wmii
率,sucm
率,lucm
秋,qryi
河,hskg
饭,fetx
善,sygk
亮,luge
慢,mond
读,dimo
价,jhhq
按,auob
继,jcyc
肯,kfvk
料,lyod
雨,ymii
雷,lldk
某,mmfi
右,yhgk
耳,emkk
属,svqi
协,xmbi
革,gmdd
革,gmdd
胡,hmgv
络,lceg
乃,nbee
负,fedh
例,lhha
刘,luad
露,llge
派,pste
助,zdbe
景,jnug
医,ykri
睛,jdjv
唐,tuvg
伯,bhqk
责,zjdh
执,zuei
退,tvvi
雪,xlvk
呀,ygke
源,yshq
验,ycho
章,zumd
章,zunm
跑,pgev
贵,gddh
哈,hghg
欲,yweh
育,yuvk
承,cnii
检,jfho
怒,nbii
划,hkad
救,jmri
仅,jhxi
习,xxkk
杨,yfbe
艺,yacc
充,cuec
配,pmvc
软,rkeh
适,srvi
围,wdjd
校,xfuw
追,zqvi
宫,gogg
击,jjdd
控,kuom
孙,sngi
温,wsnm
氏,secc
谓,widv
遇,ydvi
皮,pbxi
散,smri
端,dudh
鬼,gqxi
良,liii
输,skhv
职,zmgw
族,zurr
编,bcid
草,canm
校,jfuw
副,fkad
排,puff
讨,timi
土,tyyy
胜,svrk
永,yiii
操,cugf
买,mcoi
寻,xvmi
佛,fhvd
食,shii
威,whkb
药,yace
抱,buev
范,fasc
守,somi
顺,sqhd
跳,tgwb
乡,xcee
座,zuhl
幸,xlyj
尼,nvec
忘,wuii
创,chad
顿,dkhd
斗,domd
访,fiue
波,bsbx
忍,rbii
沙,sske
掉,dufn
恐,kmii
脑,nvuw
妻,qkbk
仙,xhdd
罪,zdff
婚,hben
丝,sckk
席,xudd
策,crmi
馆,geod
渐,jskt
激,jsqr
坚,jaxl
姓,xbrk
床,cufi
湖,hsmv
献,xmhi
帝,dudd
福,fikg
烈,lhao
养,yyqd
富,fogd
略,ldeg
旧,jdnk
哭,kghi
免,medc
玩,wjje
钟,zjdd
藏,zahm
副,pkad
藏,cahm
窗,coqe
概,gfvk
印,yend
赵,zlwi
拜,bujd
毛,mrcc
弄,njhd
限,xnvi
抓,zuti
察,coej
皇,hqjk
营,yagg
圣,sxlk
咱,zgqk
互,hkkk
味,wgji
丈,zhii
织,zcgw
秀,xrbe
阴,ynvk
杂,zefi
靠,krff
靠,krgf
苏,sabi
替,tjnk
封,fllm
扬,yube
域,ylkg
朱,zrii
泪,lsdk
脱,tvyg
庄,zulk
板,bftx
笔,brrc
测,csda
松,sfwx
险,xnho
隐,ynei
敌,drri
缓,hcwj
律,ltvd
眉,mndk
叹,tgxi
担,dunk
毒,djci
防,fnue
获,haeh
束,smii
演,ysom
顶,dmhd
寒,hooi
益,yydk
征,ztmk
含,hhgk
烟,yydh
园,ydje
店,dufg
曲,qdkk
闪,sphi
托,turc
迎,yevi
著,zamn
短,drkg
积,jrgw
米,myii
婆,psbk
预,yxhd
禁,jfjg
宣,xokn
叶,ygmd
恩,edii
翻,fwxx
份,fhwb
田,tdkk
瞧,qdho
珠,zjri
梅,mfrc
盘,ptdk
普,pynk
柔,rxfi
凡,feii
恨,hovi
篇,prid
戏,xxki
祖,zidk
射,sqmi
醒,xmnr
移,yree
临,lard
卡,kfii
卡,qfii
奶,nbbe
析,xftd
燕,ymgo
坏,hlhi
皆,jkqk
警,jauj
码,mhck
赛,sodh
卫,wnkk
虚,xfak
版,bqtx
虎,hfec
晓,xnkh
灯,dymd
歌,gmeh
吴,wgji
凤,fexi
卖,mmoi
班,bjyj
逃,twvi
超,clbg
舞,wrek
困,kdfi
啦,lguu
劳,labe
伸,shdd
探,tuif
压,yhli
诸,zimn
挥,huik
街,jtlj
淡,dsyy
默,mdhi
均,jleu
毕,bkmd
盖,gydk
纳,ncdi
智,zrgn
毫,hurc
野,ydxd
财,cdme
监,jadk
介,jhqd
刺,cmad
登,dxkg
误,wigj
夏,xhei
镇,zjmw
桌,zffi
付,fhmi
评,pild
狂,kejk
宁,nomd
雄,xhhu
休,xhfi
伙,hhyh
吉,jlgk
刊,kjad
录,lvsi
批,puke
股,gvex
剧,jvad
肉,rdhi
郎,lind
午,wrdd
纸,zcec
尊,zymi
迷,myvi
牛,nrdd
厅,thmd
洋,ysyj
茶,cahf
阶,jnhq
描,muad
徐,xthj
矣,yxri
犯,fecc
敬,jari
康,kuvi
雅,ykhu
占,zfgk
练,lcki
冰,busi
孔,kncc
宋,sofi
败,bdri
秘,mrii
闹,npud
球,qjmi
杯,bfhi
避,bvvi
抬,tuxk
绿,lcvs
徒,ttlf
吸,xgei
伊,yhve
摆,budl
臣,ckdd
借,jhmn
虑,lfii
猛,mend
套,thmx
央,ydii
骨,gdvk
欧,okeh
释,swxj
握,wuvk
硬,yhmi
洞,dsdm
牙,ykee
辈,bfkd
奔,bhmh
喊,hghm
妙,mbge
巧,qmkc
符,frhm
攻,gmri
拍,puqk
荣,rafi
舍,shjg
童,tudk
悲,bfii
烦,fyhd
仿,fhue
架,jbfi
陆,lnjd
蒙,maji
升,srdd
私,srxi
彩,cwte
卷,jycc
熟,suoo
庭,turx
鱼,yedk
鱼,yekk
秦,qjri
吾,wmgk
震,zlhj
怜,lohi
缺,qrvi
页,yhdh
爸,bwnc
抽,cudk
杰,jfoi
柳,lfen
稳,wrei
闲,xpfi
胸,xvew
贝,bdhi
麻,muff
判,pyad
偷,thhv
奥,aqhi
迟,cvvi
鼓,glmx
洛,lseg
仁,rhjk
叔,sfxi
危,wecc
油,ysdk
择,zuxj
偏,phid
沈,ssic
针,zjmd
懂,doar
港,gsmv
肩,jivk
厉,lhke
遍,bivi
厂,chee
呆,dgfi
鲁,lenk
墙,qlmd
绍,scbg
紫,zfcg
丹,dekk
杜,dflk
蓝,laad
骂,mgck
枪,qfhc
讯,xivd
岂,qdvc
趣,qlmx
映,yndi
唱,cgnn
径,jtxm
魔,muqx
透,trvi
颜,yuhd
尤,yhii
娜,nbvn
函,hnnd
抗,kuue
浪,lsii
牌,pqqm
弱,rvvu
菜,cawf
础,chnd
固,gdmg
折,sutd
折,zutd
闭,bpme
庆,quhi
愈,yhii
载,zmkk
逐,zhvi
宗,zojg
博,bmmm
谷,gwgk
减,juhm
塞,solk
训,xiqd
忠,zdii
补,bisi
挂,gull
亡,wucc
犹,yehi
洲,zsyd
键,jjvx
降,jnek
降,xnek
轮,lkhe
盛,shdk
盛,chdk
惜,xomn
遗,ydvi
赞,zrdh
姊,zbee
材,cfme
弹,dvyd
韩,hmjd
健,jhvx
凌,lulw
烧,sykh
遂,syvi
拥,yued
缘,ycch
番,fwdk
迹,juvi
巨,jkvk
吓,xgmi
吓,hgmi
仇,chec
魂,hjqx
劲,jxbe
款,kmeh
瑞,rjdh
圆,ydgd
泽,zsxj
诚,cihi
芳,faue
厚,hhnn
宽,koad
唯,wghu
洗,xsre
辞,crum
奉,fjjd
狗,geeg
括,kurg
挑,tuwb
昨,znrk
彼,btbx
弹,tvyd
乘,crfe
孤,gnti
混,hsnk
辑,jkgm
伦,lhhe
横,hfmd
扩,kuue
诺,niah
摸,muan
延,yqxi
残,chji
唇,chgk
典,ddwi
侯,hhvr
爵,jwvm
销,xjkv
玄,xuci
勇,yxbe
货,hhdh
梁,lsfi
陪,pnug
赏,skdh
伟,whjd
鲜,xeyj
附,fnhm
尖,jkhi
聚,jmqi
贫,pwdh
僧,shyn
享,xugn
贼,zdkh
促,chgf
孟,mndk
努,nbbe
碰,phym
骑,qchm
腿,tvvv
询,xien
腰,yvmb
亿,yhcc
纵,zchh
戴,dmdm
糊,hymv
弃,quhd
竹,zrrd
壁,bvlk
邪,xknd
宜,yodk
臂,bvvk
丰,fjdd
勒,lmbe
珍,zjht
袋,dhui
胆,dvnk
累,ldcg
冒,mddk
凝,nuex
塔,tlah
仲,zhdd
纷,fcwb
隔,gnkg
佳,jhll
抢,quhc
乔,qrqd
森,sfff
途,thvi
岸,adhj
爹,dwee
伏,fhhi
审,sodd
译,yixj
递,dyvi
额,eohd
匹,pkec
迫,pqvi
穷,qobe
授,suwx
舒,shxd
宇,yojd
尺,cvii
吹,cgeh
扶,fuji
旅,lure
悄,qosv
侧,chda
奋,fhdk
峰,fdej
昏,henk
貌,mwqe
佩,phem
乌,wekk
萧,xavi
郑,zynd
灰,hhyh
侍,shlm
忧,yohi
川,cqdd
纯,cckc
疾,juri
朗,livk
谋,mimf
票,pmjg
扑,pusi
卿,qevn
缩,scoh
瓦,wkii
伴,bhyd
俱,jhdw
曼,mndx
饮,yeeh
幽,ydcc
核,hfui
洪,hsmw
净,juev
培,plug
稍,srsv
吻,wgee
迅,xvvi
妖,ybri
餐,cfhi
灭,mkyi
鸟,nekk
飘,pmew
凭,phec
琴,qjhi
萨,sanu
辛,xumd
凶,xwnd
遭,zmvi
枝,zfmx
触,cedi
夺,dhmi
俄,ehri
豪,huhi
唤,hged
怨,yeii
逼,bmvi
插,curk
幕,madd
贤,xadh
醉,zmuh
鼻,bqdh
丢,drxi
督,dfdk
狠,hevi
娇,jbrq
俊,jhxw
凉,luug
启,qigk
垂,crkk
蒂,daud
嫁,jboh
镜,jjue
莱,lali
桥,qfrq
劝,qxbe
泰,tjsi
咬,yguw
吟,yghi
惯,gocd
季,jrnk
仆,phsi
俗,shwg
薄,basm
抵,duei
朵,defi
乘,srfe
贾,jmdh
贾,gmdh
课,kidi
玛,mjck
末,mjii
扫,suvk
召,zbgk
振,zuhj
岛,dedd
慌,hoau
贸,medh
拳,qyud
忆,yocc
予,yxdd
哀,auge
粗,cydk
翠,cxuh
堆,dlhu
搞,guug
恋,luii
旗,qurm
融,rmdi
贴,tdfg
吐,tglk
仰,yhen
扎,zucc
哼,hgug
鸡,jxek
竞,juge
吕,lggk
慕,masi
尸,svee
帐,zdri
尘,cklk
储,chim
荡,dasb
殿,dvex
躲,dqef
抚,fujc
滚,gsuw
甲,jddd
距,jgkv
赖,lmed
莲,lakv
卢,lfve
寺,slmi
碎,shuh
欣,xteh
仪,yhyi
壮,zulk
阻,zndk
愁,crii
措,cumn
媒,mbmf
敏,mrri
损,sugd
椅,yfhm
冬,deoi
频,pfhd
申,sddd
锁,sjkd
祝,zige
宾,boqw
尝,ckjx
泛,fswi
寄,johm
凯,kdec
奴,nbxi
铺,pjmi
圈,qdyc
税,sryg
挺,turx
韦,wjdd
厌,yhhi
撞,zuud
猜,cejv
惨,coxh
晨,cnhj
邓,dxnd
嘛,mguf
丧,smii
赤,clqi
匆,ceii
瞪,ddxm
粉,fywb
阁,gpeg
呵,hgkg
届,jvdk
汤,tsbe
沿,yseg
跃,ygri
踪,zgoj
苍,cahc
甘,gmkk
郭,gund
荒,hauq
洁,jslg
拒,jukv
莉,lara
邻,lhnd
庙,mudk
岳,yqdd
障,znum
奏,zjji
幅,fdkg
浮,fswn
汗,hsjd
拟,nuxh
拼,puyj
绕,rckh
躺,tqsd
陷,xneq
旋,xurn
焉,ymki
允,yxec
摘,zuud
埃,alxr
拔,buhx
播,buwd
旦,dnkk
疯,fuew
奖,juhi
闷,mpii
骗,pcid
坦,tlnk
掩,yuhd
暂,zknk
抖,duom
愤,fomd
慧,hjii
戒,jkhd
粮,lyii
陵,lnlw
盟,mndk
姆,mbci
耐,nhmi
倾,qhkh
屈,qvnd
尾,wvrc
孝,xmnk
冠,gijm
汽,qsrc
恰,qohg
嫂,sbqx
拾,suhg
搜,suqx
慰,wvii
羊,yydd
羽,yxxk
灾,zoyw
傲,ahjr
曹,cmnk
贯,gcdh
逻,ldvi
麦,mjei
鸣,mgek
颇,pbhd
宿,sohh
宿,xohh
腾,tvyc
侠,xhli
皱,zebx
艾,aawi
潮,csmv
彻,ctkb
荷,hahm
悔,horc
惑,hkii
箭,jryv
偶,ohdi
祥,xiyd
刑,xjad
羞,xynk
御,ytrn
捉,zugf
蛋,dndi
恢,hohy
寂,jofx
亏,kjcc
零,llhi
寿,sjmi
悉,xwii
袭,xhui
绪,xcmn
聪,cmyi
锦,jjqd
妮,nbve
剩,srad
亭,tumd
湾,wsuv
详,xiyd
扯,cufk
池,csnc
返,ftvi
傅,fhmm
兼,jyii
惧,jodw
颗,kdhd
俩,lhmi
埋,mldk
恼,nouw
涉,ssfg
廷,trxi
箱,xrfd
邦,bjnd
颤,cuhd
狄,deyh
航,htue
赫,hllq
磨,muhg
浓,nsii
欺,qmeh
染,rsfi
拖,turn
斜,xhom
耶,ymnd
盗,dudk
迪,ddvi
肚,dvlk
繁,frcg
弗,fvdd
漫,msnd
墨,mdlk
哦,ogri
签,qrho
桑,sxfi
殊,shri
疼,tueo
袖,xidk
睁,zdev
董,dark
矩,jrkv
奈,nhjk
漂,psmj
饰,serd
违,wjvi
魏,wrqx
伍,whmk
津,jsvd
井,jjdd
勤,qmbe
蛇,sdoe
陶,tner
丫,yydd
筑,zrme
堡,bhlk
丁,dmdd
恭,gmki
贺,hbdh
衡,htej
毁,hqex
惠,hmii
汇,hskc
摩,muud
泥,nsve
衫,site
穴,xowi
翼,yxdm
仔,zhnk
痴,curg
废,fubx
驾,jbck
焦,jhoo
牢,lord
暖,nnwj
泉,qqsi
踏,tgsn
悦,yoyg
搬,bute
嘉,jmbg
链,ljkv
爬,ptnc
肃,svii
霞,xlvv
姨,ybki
综,zcoj
寸,cmii
渡,dsux
幻,hccc
夹,jlii
截,jmhu
鞋,xmll
循,xttm
狱,yeih
缠,ccud
慈,cyii
菲,faff
购,gdex
浑,hsik
哩,lgdk
隆,lner
帽,mddd
牵,qhrd
潜,qsjn
惟,wohu
卧,wmsi
捕,bumi
昌,cnnk
搭,duah
锋,fjej
辉,hkik
霍,hlhu
挤,juuq
辆,lkmi
娶,qmbk
扇,sixx
瘦,suqx
弯,wuvc
雾,wleb
宅,zorc
倍,bhug
钢,gjdw
割,goad
勾,gexi
宏,hohx
祸,higd
黎,lrhs
聊,lmen
溜,lsed
迁,qrvi
敲,qufx
傻,shqw
桃,tfwb
甜,trmk
翁,wwxx
巡,xcvi
涌,ysxd
挣,zuev
址,zlfk
崔,cdhu
订,dimd
赌,ddmn
甫,fmii
覆,fmtr
咐,fghm
狼,leii
坡,plbx
扰,ruhi
碗,whoe
逸,yevi
怔,zomk
姿,zubk
扮,buwb
丑,cnkk
盯,ddmd
晃,hnke
堪,klmw
览,lade
裂,lhui
牧,mrri
瓶,pyki
售,shgk
涂,tshj
歇,xneh
驻,zcuk
柏,bfqk
卜,bsii
擦,cuoe
裁,cmui
浩,hsrg
患,hdii
舅,jqdb
抹,muji
鹏,pvek
辱,rhmi
汝,rsbk
莎,sask
舌,srgk
吞,tjgk
娃,wbll
悟,womg
邀,yqvi
幼,ycbe
罚,fdia
冯,fuck
葛,gane
跪,ggec
狐,heti
忌,jvii
烂,lyyj
扭,nunk
屏,pvyj
屏,bvyj
驱,qckw
撒,sumr
疏,snuq
尉,wvmi
尉,yvmi
污,wsjc
艳,yjen
遥,ywvi
韵,yueu
眸,mdxr
逢,fevi
痕,huvi
跨,kghj
惹,raii
摄,sumx
植,zfmd
碧,bjhg
赐,cdne
挡,dusv
跌,dgri
贡,gmdh
阔,kpsr
梯,tfyv
铜,tjdm
夕,xeii
盈,ybdk
贞,zfdh
旨,zenk
唉,agxr
辩,buiu
虫,cmmm
崇,cdoj
琳,ljff
勉,mebe
漠,msan
袍,piev
浅,qsji
侵,qhvx
署,sdmn
殷,ytex
勃,bmbe
厨,chmm
乏,fwii
估,ghmg
吼,hgnc
奸,jbjd
劫,jlbe
扣,kugk
穆,mrqg
霜,slfd
薛,xaqu
鹰,yuek
仗,zhhi
霸,blmv
拨,bubx
丛,chkk
赴,flsi
腹,fvrn
岗,gddw
桂,gfll
鸿,hsme
绩,jcjd
践,jgji
疗,lund
庞,puhi
欠,qehi
趋,qlev
倘,thsd
添,tsjk
拓,tuhg
钻,zjfg
昂,anen
澳,asqh
滴,dsud
乖,grfe
晋,jmnk
猫,mead
谦,qiyi
嚷,rgug
湿,ssna
喂,wgdk
嫌,xbyi
讶,yike
誉,youj
袁,ylge
昭,znbg
舟,ztii
喃,ngmd
辰,chji
齿,cfhn
祭,jejg
轿,jkrq
巾,jddd
廉,luyi
迈,mkvi
胖,pvyd
披,pubx
戚,qhfg
淑,ssfx
湘,xsfd
宴,yonb
郁,yhnd
卓,zfmd
卓,zfnm
鞭,bmhm
档,dfsv
肥,fvnc
吩,fgwb
瓜,gtii
谅,liug
铃,ljhi
掠,luug
茫,masu
兽,sykg
昔,xmnk
叙,xhxi
愚,ydii
炸,zyrk
挨,auxr
爆,bynm
吵,cgke
趁,clht
串,cddd
吊,dgdd
蝶,ddmf
饿,eeri
妨,fbue
稿,grug
柜,gfkv
艰,jxvi
拦,luyj
帕,pdqk
炮,pyev
棋,qfmw
慎,somw
涛,tsjm
尹,yvee
债,zhjd
柱,zfuk
碍,ahnj
喘,cgdh
豆,dkgy
芬,fawb
缝,fcev
赋,fdjf
嘿,hgdo
龄,lfhi
笼,lrhi
脉,mvii
捧,pujj
遣,qdvi
润,rspj
誓,suuj
坛,tljx
役,ytex
冤,yiei
嗯,egdi
妾,qubk
呈,cgjk
盾,dtmd
籍,jrjm
愧,koqx
懒,lome
炉,lyie
芒,mauc
矛,mxee
凄,qukb
燃,ryeo
牲,srrk
耸,shmk
婉,wboe
岩,ydhg
邮,ydnd
援,yuwj
脏,zvul
糟,zymn
寨,zojf
辨,buyu
叉,cxii
戈,gkii
郡,jvnd
框,kfkj
吏,lmii
励,lhbe
璃,ljud
媚,mbnd
绳,scgd
酸,smxw
溪,xswc
熊,xxoo
悬,xdii
耀,ysxh
毅,yuex
悠,yhii
膀,pvuu
筹,crjm
催,chdh
雕,dehu
伐,fhki
颊,jlhd
斤,jtdd
廊,luin
玲,ljhi
逆,nyvi
抛,pueb
帅,sgdd
贪,thdh
轩,xkjd
诱,yirb
葬,zahh
骤,zcmq
猪,zemn
饱,beev
币,bqdd
臭,cqhi
凑,cujj
脆,cvec
腐,fudh
轰,hkxx
虹,hdmk
鉴,jajk
姜,jybk
昆,knke
弥,mveg
墓,malk
盼,pdwb
疲,pubx
丘,qqkk
躯,qqkw
洒,ssmk
汪,wsjk
嘻,xgmg
纤,xcrd
纤,qcrd
咽,ygdh
愉,yohv
哉,zmgk
租,zrdk
薇,watd
柴,cffi
敦,duri
鹤,hiek
剪,jybe
裤,kiuk
炼,lyki
歉,qyeh
饶,rekh
纱,scge
妥,twbk
斩,zktd
琪,qjmw
册,cekk
驰,ccnc
寡,gohb
绘,hchj
揭,june
捷,juki
谨,jimd
晶,jnnn
颈,jxhd
寇,kojf
栏,lfyj
帘,lodd
喷,pgmd
脾,pvqm
泣,qsuk
乾,qmrc
锐,rjyg
瞬,sdwe
畏,wdki
稀,xrwh
泄,xsmc
阅,ypyg
遮,zuvi
芝,zaii
遵,zyvi
卑,bqmd
肠,cvbe
耻,cmfk
肤,fvji
姬,jbka
纠,jcnd
柯,kfkg
猎,lemn
裴,pfui
挖,wuoc
纹,wcui
窝,wogd
绣,xcrb
押,yudd
衙,ytmj
宰,zoum
烛,zydi
卒,zuhm
黛,dhdo
撑,cusu
贱,jdji
渴,ksne
酷,kmrg
蜜,modi
棉,mfqd
劈,pvbe
媳,xbqi
杖,zfhi
罩,zdfn
哲,zugk
棒,bfjj
柄,bfmi
玻,bjbx
仓,chcc
偿,chsj
抄,cuge
闯,cpck
弓,gvcc
盒,hhdk
漏,lsvm
瞒,mdam
琼,qjug
蓉,raow
煞,seoo
伪,whyi
膝,xvfh
崖,ydhl
抑,yuen
赢,yugv
赠,zdyn
眨,zdwi
斋,zuhd
兮,xwkc
禅,siyd
禅,ciyd
矮,arrb
蔡,caej
撤,cuur
贷,dhdh
喉,hghv
筋,jrvb
夸,khjc
岭,ldhi
钦,qjeh
裙,qivg
儒,rhlh
瑟,sjii
刹,cwad
刹,swad
鼠,sqxx
挽,wued
翔,xyxx
胁,xvbi
姚,ybwb
倚,yhhm
姻,ybdh
豫,yxed
渊,ysey
婢,bbqm
拆,cuti
嘲,cgmv
叠,dxdk
辅,fkmi
骇,hcui
翰,hmhx
矿,khue
绵,mcqd
苗,madk
亩,mudk
潘,pswd
盆,pwdk
彭,plte
蓬,paev
爽,shww
屠,tvmn
妄,wubk
啸,xgvi
哑,ygmk
雁,yhhh
焰,yyeq
枕,zfic
侄,zhkl
滋,zsyc
妃,fbvc
胞,bvev
笨,brmk
脖,bvmn
倦,jhyc
砍,kheh
枯,kfmg
扔,rube
晌,snqg
裳,skui
刷,svad
摔,suuc
顽,wjhd
宛,woec
兆,zwbi
愣,lodu
沟,gsex
恒,hokn
泼,psbx
乞,qrcc
珊,sjek
驶,scdi
衰,sude
踢,tgne
削,xkvd
瑶,yjwr
谊,yiod
淫,yswr
寓,yodi
晕,ynkd
咒,zgec
妆,zubk
禀,budj
芙,faji
畅,cdbe
拂,fuvd
拐,gugb
棍,gfnk
哄,hgmw
淮,hshu
谎,hiau
骄,jcrq
靖,jujv
捐,jugv
粒,lyuk
眠,mdvc
耍,shbk
沃,wsri
勿,weee
炎,yyyw
宠,cohi
钉,djmd
俯,fhuh
棺,gfod
灌,gsag
裹,gude
耗,hjrc
壶,hlak
僵,jhkd
荆,jaad
慨,kovk
劣,lkbe
骆,lceg
蛮,mudi
陌,mnhn
纽,ncnk
叛,pytx
朴,pfsi
擒,quhu
腕,wvoe
牺,xrmk
乙,yccc
吁,ygjd
浴,yswg
兹,zycc
厮,shmt
倏,sheh
麟,luye
哎,agaw
暴,bnms
鲍,beev
斥,ctii
蠢,cjdd
啡,fgff
氛,frwb
枫,ffew
涵,hsnn
杭,hfue
肌,jvec
咖,kgbg
咳,kgui
辽,lnvi
搂,lfyb
履,lvtr
玫,mjri
枚,mfri
囊,nmgj
捏,nunl
契,qjhi
契,xjhi
腔,qvom
窃,qokb
刃,rbii
逝,suvi
梳,sfuq
摊,tuxh
填,tlmw
宪,xore
巷,xmvc
尧,ykhc
夷,ykii
沾,zsfg
诊,ziht
愕,eogj
镖,bjmj
衬,cimi
坟,flui
讽,fiew
搁,gupe
耕,gjjd
惶,hoqj
辣,lumi
煤,mymf
魄,pqqx
漆,qsfh
祈,qitd
删,sead
旺,wnjk
弦,xvuc
携,xuhb
械,xfkh
俞,yhva
钥,yjvk
浙,zsut
怖,bohd
酬,cmyd
磁,chyc
颠,dmhd
恍,hoke
竭,june
菊,jaey
秒,mrge
寞,moan
瞥,pydk
萍,pasl
怯,qolx
趟,tlsd
掏,tuer
巫,wmww
呜,wgek
渔,ysek
渔,ysed
裕,yiwg
涨,zsvr
衷,zude
嘱,zgvq
爪,ztii
坠,znlk
佐,zhhm
忖,comi
绑,bcjn
辟,bvum
辟,pvum
泊,bsqk
泊,psqk
逗,dmvi
妒,dbie
躬,gqvc
拱,gumw
咕,ggmg
饥,jeec
疆,jvkd
拘,jueg
掘,juvn
棵,kfdi
禄,livs
暮,madk
攀,pfhu
赔,pdug
屁,pvke
顷,qkhd
乳,rwcc
矢,srii
恕,nbii
谭,timn
桐,tfdm
哇,wgll
歪,whmk
峡,xdli
厢,xhfd
蓄,xaud
畜,cudk
畜,xudk
後,htce
晁,cnwb
俺,ahhd
豹,bwei
碑,bhqm
滨,bsoq
祷,dijm
杆,gfjd
钩,gjex
辜,gmum
瑰,gjqx
蒋,jaue
恳,kvii
蕾,lald
鹿,luke
泡,psev
晴,qnjv
嗓,sgxf
竖,sauk
伺,shvg
伺,chvg
锡,xjne
瞎,xdoj
肖,xkvk
逊,xnvi
阎,ypeq
液,ysuh
症,zumk
丞,cnkk
冥,minu
叩,kgnd
魅,mqji
剥,bvad
鄙,bgnd
饼,beyj
舱,cthc
澄,csxm
澄,dsxm
歹,dhii
诞,diqx
迭,drvi
鼎,ddvf
吨,dgkc
坊,flue
轨,gkec
锅,gjgd
稽,jrhe
稽,qrhe
妓,jbmx
郊,jund
钧,jjeu
腊,lvmn
淋,lsff
茂,mahi
嫩,nbmr
聂,nmxx
聘,pmdk
嵌,qdme
雀,qkhu
邵,sbnd
绅,scdd
帖,tdfg
陀,tnoe
枉,wfjk
佑,yhhg
账,zdri
赚,zdyi
翎,lhxx
麽,muei
惩,ctii
堤,dlnm
冻,duki
耿,gmyi
雇,giqu
桓,hfkn
匠,jktd
篮,lrad
隶,lvii
敛,lhri
茅,maxe
俏,qhkv
券,qybe
蜀,sded
藤,tavy
啼,tgud
桶,tfxd
筒,trdm
掀,xute
哟,ygce
庸,yuvd
栈,zfji
桩,zful
绮,qchm
驳,bcww
灿,cydd
诧,cior
绸,ccel
诡,giec
峻,jdxw
魁,kqom
芦,laie
揉,ruxf
骚,scxd
甩,secc
肆,smvd
胎,tvxg
婿,xbnv
盐,yldk
婴,ydbk
莹,yaji
颖,yehd
虞,yfgj
喻,yghv
躁,zggf
丐,gmcc
斑,bjuj
榜,bfuu
傍,bhuu
搏,bumm
窜,codd
陡,dnlf
睹,ddmn
焚,fffw
蜂,fdej
罕,hijd
猴,hehv
煌,hyqj
荐,jahn
姥,lbme
驴,lcie
裸,lidi
铭,mjeg
谱,piyn
囚,qdhi
犬,qhii
狮,segm
诵,sixd
滩,tsxh
秃,trec
杏,xfgk
衍,ytsj
栽,zmfi
诈,zirk
盏,zjdk
掷,zuyn
倩,qhjv
蓦,mack
拚,puxh
噢,ogqh
蔽,bayr
陛,bnkl
膊,bvmm
匙,snec
匙,cnec
耽,dmic
叮,dgmd
堵,dlmn
蹲,dgym
帆,fdei
斧,fwtd
苟,gaeg
刮,grad
憾,hohi
弘,hvxi
徽,htdr
眷,jydk
栗,lmfi
盲,mudk
挪,nuvn
棚,pfvv
篷,prev
撇,puyr
寝,qouv
擎,qaud
撕,sumt
塑,sylk
侮,whrc
勋,xgbe
旬,xenk
孕,ybnk
株,zfri
於,yuho
惭,cokt
翅,cmxx
笛,drdk
匪,fkff
缚,fcmm
糕,gyyo
胳,gveg
龟,gedc
闺,gpll
坑,klue
窥,kojd
凛,luud
昧,mnji
畔,pdyd
葡,paem
浦,psmi
歧,qfmx
阮,rnje
兔,teii
狭,xeli
衔,xtjj
羡,xyue
襄,xugj
霄,xlsv
屑,xvsv
旭,xenk
彦,yute
溢,ysyd
茵,yadh
咏,ygii
窄,zork
秩,zrri
诏,zibg
叱,cgec
岚,ldew
庵,auhd
嬷,mbue
榻,tfnx
翩,pixx
崩,bdvv
敞,csri
倡,chnn
茨,caue
樊,ffhi
贩,fdtx
脊,juvk
磕,khld
梨,lrfi
孽,naqn
菩,paug
蒲,pasm
祁,qind
渠,qsfi
擅,suud
硕,shhd
膛,tvkl
膛,tvkg
丸,weii
胃,wdvk
晰,xnft
暇,xnvv
咸,xhkg
朽,xfkc
鸦,ykek
涯,yshl
脂,zven
肿,zvdd
煮,zmoo
馨,xmrn
荪,sank
璇,xjur
沧,cshc
簇,crur
钓,djei
栋,dfki
忿,fwii
旱,hnjd
郝,hlnd
浸,jsvx
坤,kldd
廓,kuun
菱,lalw
拢,luhi
屡,lvyb
仑,lhec
萝,lade
苹,pald
邱,qqnd
涩,ssbf
哨,sgkv
塘,tluv
棠,tkfi
驼,tcoe
隙,xnkn
喧,xgom
揖,yugm
樱,yfdb
佣,yhed
乍,zrkk
帧,zdfd
殖,zhmd
诛,ziri
砖,zhji
灼,zyei
芸,yajx
芷,zafk
挹,yugn
喔,wgvk
娅,ybmk
樵,qfho
钗,cjxi
敖,ajri
斌,bujf
凳,dxec
兜,dqec
缎,dcqe
堕,dnlk
娥,ebri
肝,gvjd
纲,gcdw
逛,gevi
哗,hghm
藉,jajm
襟,jifj
壳,qlec
壳,klec
伶,lhhi
碌,lhvs
莽,mahh
僻,phvu
禽,qhud
舜,swek
颂,swhd
萄,taer
蹄,tgud
熙,xmoo
熙,xkoo
厦,xhhe
薪,xaut
鸭,ydek
谣,yiwr
荫,yanv
泳,ysii
舆,yqwi
蕴,yacn
噪,zggf
胀,zvri
侦,zhfd
肢,zvmx
昼,zvnk
茜,qamk
咧,lgha
婷,tbum
嫣,ybmk
瑜,yjhv
晏,ynob
朕,zvyj
黯,adun
敝,byri
扁,bidd
踩,cgwf
鹅,erek
厄,ehcc
冈,gdwi
亨,hugn
剂,juad
搅,juod
蜡,ldmn
楞,lfdu
陋,lnmc
呐,ngdi
腻,nvkj
剖,puad
暑,snmn
嘶,sgmt
潭,tsmn
彤,tete
挟,xuli
絮,xbcg
痒,yuyd
娱,ybgj
禹,yqii
苑,yaec
滞,zsmd
卦,glsi
叟,sqxi
咪,mgyi
阙,qpye
浏,lsua
琦,qjhm
斐,ffui
皓,hqrg
雯,wlui
熬,ajoo
彬,bfft
钞,cjke
巢,ccdi
幢,zdud
挫,cuhl
蹈,dgwq
稻,drwq
敷,fmri
罐,grag
嫉,jbur
狡,jeuw
娟,jbgv
绢,jcgv
坎,kleh
捆,kudf
磊,lhhh
狸,ledk
侣,lhgg
缕,lcyb
觅,mwde
瞄,mdad
譬,pvuj
冉,rdkk
绒,rckh
啥,sghj
陕,snli
呻,sgdd
婶,sbod
烁,syei
塌,tlnx
毯,tryy
炭,tdhy
淘,tser
凸,tfkk
宵,xokv
卸,xrnd
淹,yshd
猿,yelg
砸,zhkd
澡,zsgf
憎,zoyn
绽,zcom
斟,zmom
汁,zsmd
稚,zrhu
宙,zodk
邹,zend
夭,yrii
莺,yaek
沐,msfi
窦,domo
霎,slub
毙,bkhe
簿,brsm
簿,brsm
蝉,cdyd
绰,ccfn
逮,dvvi
遁,dtvi
滑,hsdv
胶,jvuw
揪,jury
烤,kymk
眶,kdkj
旷,knue
滥,lsad
眯,mdyi
倪,nhqe
沛,psmd
砰,phld
侨,qhrq
晒,snmk
梢,sfkv
庶,suoo
烫,tsyw
谐,xikq
靴,xmhe
雍,yuch
匀,yeuk
湛,zsmw
咨,zugk
兀,whcc
奕,yuhi
叨,dgbe
咦,ygki
潇,xsav
绫,lclw
琛,cjif
踱,dgux
鞍,amob
颁,bwhd
弊,byhd
阐,cpyd
淳,csug
醋,cmmn
粹,cyuh
捣,dued
垫,dulk
奠,dyhi
肺,fvmd
龚,ghmw
弧,hvti
槐,hfqx
讥,jiec
冀,jfdm
拣,juki
捡,juho
缴,jcqr
绞,jcuw
诀,jivi
窟,kovn
溃,ksdd
揽,luad
滤,lsfi
蔑,madh
叁,sxhj
奢,shmn
拭,sukm
艘,stqx
琐,sjsd
滔,tswq
袜,wiji
晤,wnmg
邑,ygnc
逾,yhvi
粘,zyfg
粘,nyfg
轴,zkdk
撰,zuvm
拙,zund
佟,theo
蕙,hami
尬,ghhq
尴,ghad
嘟,dgmn
嗤,cgnd
彷,ptue
彷,ftue
怡,yoxg
逍,xkvi
璧,bvji
檐,yfeu
褚,cimn
鬟,hmdm
绷,bcvv
彪,bfte
摧,cudh
焕,hyed
讳,hijd
圾,jlei
柬,jmii
浆,jusi
嚼,jgwd
炯,jydg
窘,jovg
咯,ggeg
奎,khll
垃,lluk
喇,lgma
捞,luab
琉,ljuq
咙,lghi
庐,luie
谬,mixh
沫,msji
虐,nfkk
呕,ogkw
栖,xfmk
伞,shyd
赦,slri
仕,shlk
瞳,tdud
匣,xkdd
辖,xkoj
懈,xoeb
邢,xjnd
芽,yake
疫,yuex
蒸,zano
铸,zjjm
缀,zcxx
圳,zlqd
呃,eghc
妞,nbnk
蹙,chgf
懊,aoqh
跋,bghx
瓣,butu
贬,bdwi
瞅,cdry
瓷,cuki
刁,dvkk
纺,fcue
膏,guvk
唬,hgfe
溅,jsdj
鞠,jmey
喀,kgoe
垒,lxlk
撩,luhn
锣,ljde
霉,mlrc
渺,msdk
牟,mxrd
霓,nlqe
涅,nsnl
钮,njnk
啪,pguq
蔬,sanu
赎,sdmo
涕,tsyv
艇,ttrx
颓,trhd
屯,tkcc
梧,wfmg
熄,xyqi
腥,xvnr
眩,xduc
熏,xroo
砚,yhde
诣,yien
鸳,yeek
札,zfcc
瞻,zdeu
詹,zeuj
彰,zute
甄,zmki
挚,zuud
谏,jimi
喽,lgyb
绛,jcek
缪,mcxh
桢,zffd
辄,zkmc
觑,qfde
朦,mvaj
祠,civg
颔,hhhd
虔,qfui
笙,srrk
筵,yrqx
筠,yrle
筠,jrle
箫,xrvi
裘,qmui
鬓,bmoq
扳,butx
迸,byvi
辫,bucu
秉,brii
逞,cgvi
揣,cudh
戳,cxki
碟,dhmf
兑,dyge
峨,edri
藩,fasw
沸,fsvd
袱,fihh
竿,grjd
缸,grmk
鸽,ghek
巩,gmei
撼,huhi
悍,honj
葫,hamv
蝴,hdmv
宦,hokd
凰,heqj
贿,hdhv
煎,jyoo
舰,jtde
兢,jmmg
骏,jcxw
扛,gumk
馈,kedd
廖,luxh
虏,lfbe
悯,mopu
溺,nsvv
坪,plld
洽,qshg
蔷,qamd
冗,riec
砂,shke
渗,ssxh
恃,solm
朔,syvk
嗣,sgvg
嗽,sgme
蔚,wavm
镶,xjug
汹,xswn
嘘,xgfa
冶,yuxg
蚁,ydyi
辕,yklg
枣,zmoi
皂,zqkc
栅,sfek
吱,zgmx
帜,zdgw
粥,zvyv
肘,zvmi
贮,zdok
酌,zmei
谒,yine
芮,radi
萱,xaom
蓓,bahu
奚,xwch
唔,wgmg
嗔,cgmw
怅,cori
妍,ybjd
驿,ycxj
瑛,yjad
楣,mfnd
胧,lvhi
祀,sivc
铎,djxj
鸾,luek
叭,bgwi
狈,bedh
丙,bmii
岔,cwdd
搀,cueo
炽,zygw
锤,cjrk
怠,dxii
悼,dofn
庚,guvi
烘,hymw
晦,hnrc
秽,hrde
豁,howg
俭,jhho
浇,jskh
慷,kouv
筷,krov
澜,lspm
僚,lhhn
霖,llff
沦,lshe
谜,mivi
抿,muvc
膜,mvan
牡,mrlk
匿,nkah
尿,nvsi
啤,pgqm
窍,qomk
沁,qsii
戎,rkhe
腮,svdi
抒,suxd
讼,siwx
梭,sfxw
檀,tfud
嗡,wgwx
诬,wimh
毋,wckk
芯,xaii
嗅,xgqh
鸯,ydek
凿,zayn
燥,zygf
蛛,zdri
浊,zsdi
谕,yihv
噗,pgay
嵩,sdug
惚,hoei
阈,ypkg
浣,hsoj
寰,hodm
媛,ybwj
纣,zcmi
珀,pjqk
瑾,jjmd
昊,hnji
晖,hnik
曦,xnyr
竺,zrjk
笃,drck
霆,tlrx
凹,adkk
蹦,bgdv
蚕,cjdi
炒,cyke
掣,crud
澈,csur
踌,cgjm
橱,cfhm
葱,caei
殆,dhxg
甸,dedk
舵,dtoe
遏,envi
俘,fhwn
脯,pvmi
嘎,gghk
瑚,hjmv
徊,htfg
缉,jcgm
棘,jmmi
笺,jrji
酱,jumk
矫,jrrq
咎,jegk
疚,juei
驹,jceg
沮,jsdk
勘,kmbe
炕,kyue
拷,kumk
俐,lhra
鳞,leye
聋,lhmk
戮,lxki
蔓,mand
萌,manv
睦,mdlw
酿,nmii
拧,nuom
趴,pgwi
徘,ptff
铅,qjeg
鞘,qmsv
翘,qkxx
壤,rlug
蕊,raii
搔,suxd
膳,svyg
韶,subg
甥,srdb
蚀,sedi
枢,sfkw
墅,sdlk
拴,suhj
巳,svcc
溯,ssyv
隋,snhv
苔,taxg
剔,tnad
唾,tgrk
捂,wumg
嚣,xghg
蝎,xdne
漾,ysyi
寅,yomw
蝇,ydgd
驭,ycxi
灶,zylk
揍,zujj
匕,becc
厥,jhye
偎,whdk
诃,kikg
咚,dgeo
嗦,sgmc
惘,wody
逵,dlvi
娴,xbpf
戟,jmki
滕,tvys
筝,zrev
臾,yqii
跄,qghc
踉,lgii
麒,qumw
袄,airi
疤,bunc
帛,bqdd
槽,cfmn
厕,chda
躇,cgam
疮,cuhc
捶,curk
搓,cuym
锻,djqe
阀,fphk
褂,gils
圭,gllk
骸,hdui
酣,hmmk
褐,hine
猾,hedv
睫,jdki
诫,jikh
鹃,jgek
浚,jsxw
浚,xsxw
匡,kkjk
篱,lrud
寥,loxh
娄,lybk
卵,leni
靡,muff
狞,neom
懦,nolh
膨,pvmt
讫,qirc
茹,rabg
慑,somx
嗜,sgmn
孰,suei
祟,snjg
瘫,tuxh
恬,torg
巍,wdrq
苇,wajd
纬,wcjd
犀,xvsr
虾,xdmi
泻,xsik
猩,xenr
驯,xcqd
赃,zdul
藻,zasg
琢,zjhi
棕,zfoj
俟,shxr
俟,qhxr
讪,sidd
茱,zari
菁,jajv
哝,ngii
啧,zgjd
噜,lgen
岑,cdhi
恺,kodv
悴,couh
姗,sbek
玮,wjjd
珂,kjkg
璋,zjum
敕,cmri
肴,ywhv
恁,nhii
铮,zjev
蛟,jduw
癌,augd
蔼,aain
芭,banc
坝,bldh
绊,bcyd
庇,buke
炳,bymi
睬,cdwf
雌,cfhu
锭,djom
哆,dgee
粪,fymw
悸,jorn
槛,kfad
涧,jspn
靳,jmtd
倔,jhvn
菌,jadr
吭,hgue
吭,kgue
垮,klhj
盔,khdk
阑,lpmi
缆,lcad
擂,luld
漓,lsud
骡,lcdc
缅,mchk
挠,nukh
拈,nufg
霹,plvu
琵,pjke
崎,qdhm
砌,qhkb
迄,qrvi
掐,queq
谴,qidv
峭,qdsv
茄,qabg
茄,jabg
溶,rsow
曙,sndm
饲,sevg
酥,smri
淌,tskd
眺,tdwb
褪,tivv
蛙,wdll
哮,xgmn
曳,ydee
颐,ymhd
绎,ycxj
攒,zurd
毡,zrfg
炙,zeyi
窒,zokl
赘,zjdh
孜,znri
诅,zidk
侃,khgq
俨,yhme
冢,zihi
懿,ylui
蕃,fawd
忒,tkii
吒,zgrc
哽,ggmi
嗟,jgym
嗳,agwh
帷,wdhu
岐,qdmx
忏,cord
憔,qoho
遽,jfvi
弩,nbvc
弼,bvhv
玑,jjec
珑,ljhi
璞,pjay
梵,ffei
橘,jfxd
殡,bhoq
睨,ndqe
稷,jrdw
笠,lruk
袅,neui
髯,rmdk
髻,jmmg
黝,ydcb
扒,buwi
扒,puwi
惫,beii
憋,byii
铲,cjue
畴,cdjm
雏,cehu
磋,chym
撮,cunm
蹬,dgxm
钝,djkc
跺,dgef
辐,fkkg
杠,gfmk
皋,gqhm
羹,gyyh
梗,gfmi
垢,gltg
汲,jsei
稼,jroh
苛,kakg
佬,lhme
肋,lvbe
棱,lflw
厘,lhdk
吝,lugk
掳,lufb
氓,muvc
摹,maud
拇,muci
募,mabe
琶,pjnc
咆,pgev
呸,pghk
烹,puoo
乒,pqee
瀑,psnm
瀑,bsnm
呛,qghc
酋,qymk
鹊,qmek
褥,rihm
杉,sfte
噬,sgrm
漱,ssme
粟,smyi
髓,sdhv
隧,snyv
惕,tone
剃,tyad
屉,tvmc
舔,trjk
萎,warb
蚊,wdui
橡,xfei
蟹,xedi
匈,xewn
恤,xoqk
奄,yhdc
佯,yhyd
翌,yxuk
酉,ymkk
喳,zgfn
沼,zsbg
辙,zkur
拯,zunk
瞩,zdvq
拽,zude
廿,nmkk
伽,jhbg
伽,qhbg
伽,ghbg
偕,xhkq
俎,zhdk
阱,jnjd
邸,dend
荀,xaen
薰,xaro
拗,nucb
吆,ygci
咄,dgnd
唧,jgvn
啜,cgxx
嗨,hgsr
嘈,cgmn
嘀,dgud
囗,kkkk
岱,dhdd
猝,ceuh
怦,pold
恻,coda
闵,mpui
濮,psha
迦,jbvi
迳,jxvi
娼,cbnn
嬉,xbmg
绯,fcff
琏,ljkv
枭,xefi
桀,jefi
炜,wyjd
炫,xyuc
祺,qimw
恙,yyii
瞟,pdmj
羁,jdmc
钰,yjji
瘾,yune
癞,lume
癫,dumh
胥,xnvk
矜,jxhi
聆,lmhi
筱,xrhr
簪,zrkn
雳,llhb
瞿,qdhu
髦,mmrc
啰,lgde
肮,avue
镑,bjuu
卞,buii
钵,bjmk
侈,chee
惮,doyd
翟,zxhu
缔,dcud
腑,fvuh
蛊,gddk
嚎,hguh
禾,hrii
幌,hdns
枷,jfbg
蕉,jaho
椒,jffx
侥,jhkh
窖,jorg
茎,jaxm
炬,jykv
揩,kukq
楷,kfkq
亢,kuec
啃,kgfv
婪,lfbk
琅,ljii
烙,lyeg
赁,lhdh
拎,luhi
瘤,lued
颅,lfhd
赂,ldeg
抡,luhe
螺,lddc
蚂,mdck
馒,mend
寐,monj
冕,mned
捻,nuhi
乓,pqii
圃,pdmi
芹,qatd
痊,quhj
攘,ruug
孺,rnlh
筛,srgm
蒜,sajj
穗,srmi
汰,tshi
迢,tbvi
臀,tvvk
驮,tchi
惋,wooe
渭,wsdv
瘟,wund
涡,wsgd
芜,wajc
涎,xsqx
衅,xqyd
汛,xsvd
殃,yhdi
氧,yryd
窑,yord
裔,yudw
萤,yadi
榆,yfhv
隅,yndi
崭,zdkt
肇,zivd
篆,zrch
锥,zjhu
噩,emgg
噩,emkk
仄,zhhi
匾,bkid
讷,nidi
诘,jilg
谑,xifk
茉,maji
捺,nuhj
叽,jgec
哧,cglq
唠,lgab
喏,ngah
喏,rgah
馀,yehj
忡,codd
悚,somi
阖,hpld
淇,qsmw
遐,xvvi
妪,ybkw
妲,dbnk
媪,abnd
孚,fwnk
缰,jcmd
珞,ljeg
玺,xeji
瑕,xjvv
璐,ljge
镕,rjow
昕,xntd
暧,anwh
胭,yvdh
飒,suew
旌,jurr
罡,gdmk
镯,zjde
锺,zjrk
鸠,jeek
鹦,ydek
翊,yuxx
蟒,mdah
簌,srme
衾,qhui
翡,ffxx
跷,qgkh
蹑,ngmx
霏,flff
隽,jhbe
弨,cvbg
拌,buyd
苞,baev
褒,buhe
哺,bgmi
糙,cyrv
秤,crld
锄,cjdb
矗,cmmm
炊,cyeh
醇,cmug
涤,dsef
惦,douf
凋,duel
掇,duxx
蛾,edri
讹,eihe
扼,euhc
鄂,egnd
饵,eemk
吠,fghi
疙,gurc
箍,grum
亥,huii
憨,hvii
邯,hmnd
沪,hsie
簧,hrmd
卉,hmhd
诲,hirc
箕,jrmw
茧,jadi
桨,jufi
剿,jcad
桔,jfmg
玖,jjei
锯,jjvm
攫,judh
垦,kvlk
筐,krkj
葵,kaxj
榴,lfed
陇,lnhi
卯,mend
泌,msii
殴,ohex
瓢,pmti
埔,plmi
茸,ramk
勺,seii
屎,svyi
吮,sgxe
绥,scwb
笋,srve
唆,sgxw
蹋,tgnx
痰,tuyy
袒,tink
汀,tsmd
瓮,wwki
惺,xonr
墟,xlfa
殉,xhen
噎,ygmm
迂,yjvi
盂,yjdk
渝,yshv
垣,ylkn
渣,zsfn
轧,zkcc
闸,zpdd
辗,zkvm
臻,zkjr
蜘,zdrg
趾,zgfk
峙,zdlm
峙,sdlm
啄,zghi
渍,zsjd
亟,jnkk
亟,qnkk
剌,lmad
伫,zhok
傩,nhxh
僮,thud
僮,zhud
夙,sehi
亵,xuue
谛,diud
壑,hflk
茗,maeg
莞,gaoj
萦,yacg
萼,eagj
捱,auhl
呱,ggti
啐,cguh
幡,fdwd
恂,xoen
惆,coel
沅,ysje
渎,dsmo
渥,wsvk
湄,msnd
婕,jbki
骥,jcfd
纨,wcei
缭,lchn
琥,hjfe
韬,tjwq
杵,cfrd
棣,dfvi
楠,nfmd
戬,jmki
昱,ynuk
昵,nnve
暄,xnom
曜,ynxh
扉,fiff
恣,zuii
睿,rfdk
钊,zjad
铨,qjhj
锵,qjue
鹉,wjek
衲,nidi
袂,mivi
蝠,fdkg
蟠,pdwd
羿,yxhd
跛,bgbx
貂,dwbg
稣,seri
拋,puhb
隘,anyd
盎,addk
靶,bmnc
磅,bhuu
谤,biuu
瘪,buqh
舶,btqk
掺,cuxh
猖,cenn
骋,ccdk
弛,cvnc
搐,cuud
瘩,duah
嫡,dbud
墩,dlur
惰,dohv
阜,fqmd
溉,gsvk
羔,gyoo
伎,jhmx
缄,jchm
饯,jeji
礁,jhho
咀,jgdk
咀,zgdk
踞,jgvm
鲤,ledk
沥,lshb
涟,lskv
磷,lhye
窿,lone
垄,lhlk
峦,ludd
闽,mpdi
钳,qjmk
韧,rjbi
煽,syix
捎,susv
柿,sfud
糖,tyuv
洼,wsll
紊,wucg
绚,xcen
沂,ystd
缨,ycdb
荧,yayh
踊,ygxd
咋,zgrk
狰,zeev
盅,zddk
帚,zvdd
椎,zfhu
椎,cfhu
亘,gknk
毓,yruq
罔,wdyu
攸,yhri
偌,rhah
偃,yhkn
佥,qhok
巽,xvmw
冽,luha
芊,qard
苓,lahi
萃,cauh
掬,juey
咛,ngom
唷,yguv
噤,jgfj
幔,mdnd
嵋,mdnd
徙,xtff
馔,zevm
庾,yuqi
恸,tojb
恪,koeg
悖,bomn
悻,xoly
憧,coud
沌,dskc
潼,tsud
濑,lsme
迥,jdvi
邃,sovi
妩,wbjc
婵,cbyd
嫔,pboq
嫖,pbmj
珏,jjji
琨,kjnk
杳,yfnk
柩,jfke
栩,xfxx
梓,zfum
槟,bfoq
殓,lhho
臧,zhkd
贻,ydxg
臊,svgf
飕,seqx
祯,zifd
矶,jhec
睑,jdho
铿,kjal
黏,nrfg
馥,frrn
皎,jquw
皙,xfqk
鸨,beek
癖,quvu
穹,qovc
耦,ojdi
虬,qdcc
蜷,qdyc
簸,brmb
舫,ftue
羲,xyrk
暨,jvnk
醺,xmro
跤,jguw
蹊,xgwc
蹊,qgwc
靓,ljde
霁,jluq
霭,alin
鑫,xjjj
骰,sdex
骰,tdex
骷,kdmg
髅,ldyb
珮,pjem
翱,aqxx
甭,bhed
鳖,bydk
鳖,byek
濒,bsfh
埠,blqm
蹭,cgyn
馋,ceeo
谗,cieo
忱,coic
橙,cfxm
稠,crel
蹿,cgod
篡,crdh
淀,dsom
谍,dimf
贰,ekjd
筏,frhk
汾,fswb
蛤,hdhg
蛤,gdhg
菇,gabm
沽,gsmg
壕,hluh
荤,hakd
畸,jdhm
蓟,jaea
歼,jhrd
芥,jahq
芥,gahq
烬,jyvo
鲸,jeuk
厩,jhvk
竣,juxw
犁,lrrd
荔,labb
粱,lsyi
燎,lyhn
潦,lshn
撂,lude
镣,ljhn
篓,lryb
卤,lfdw
麓,lfuk
挛,luud
纶,lche
锚,mjad
糜,muyi
藐,mawq
馁,newb
撵,nujk
鸥,ohek
藕,oajd
澎,psmt
毗,pdke
曝,bnnm
曝,qnnm
黔,qdhi
羌,qycc
瘸,qubd
熔,ryow
蠕,rdlh
闰,rpjk
汕,ssdd
薯,sadm
戍,shii
腆,tvdw
湍,tsdh
椭,tfnh
桅,wfec
坞,wlek
戊,whii
馅,xeeq
袊,lihi
锈,xjrb
蜒,ydqx
谚,yiut
掖,yuuh
彝,ycyh
屹,ydrc
臆,yvui
屿,ydkk
粤,yqkc
酝,ymjx
蛰,zudi
拄,zuuk
谆,ziug
纂,zrdh
丕,phkk
胤,yecc
靥,yhhk
仞,rhbi
佞,nhjb
侬,nhii
俸,fhjj
倭,whrb
俾,bhqm
倌,ghod
嬴,yugv
诰,girg
谄,cieq
谙,aiun
谟,mian
谪,ziud
隍,hnqj
邬,wend
劭,sbbe
弁,bxhd
坂,bltx
茴,hadg
荼,tahj
呷,xgdd
咻,xghf
喋,dgmf
嗒,dgah
喟,kgdv
嗫,ngmx
辔,pcgk
噙,qghu
噫,ygui
嚅,rglh
嚓,cgoe
囔,ngmg
囡,ndbk
峒,tddm
峒,dddm
崛,jdvn
崽,zddi
巅,ddmh
衢,qtdj
狎,xedd
狩,seom
饷,xeqg
膺,yuvk
怆,cohc
惬,qokl
惴,zodh
慵,youv
憬,jonu
闩,spkk
闾,lpgg
汴,bsui
汶,wsui
汶,msui
涓,jsgv
漪,yseh
漉,lsuk
漩,xsur
潺,csvn
濡,rslh
瀚,hsmh
宓,moii
咫,zvgw
姣,jbuw
娓,wbvr
婊,bbje
嫦,cbsd
孀,sblf
驸,fchm
骈,pcyj
绡,xckv
缤,bcoq
缥,pcmj
幺,ycii
玷,djfg
珉,mjvc
璀,cjdh
桦,hfhm
桧,gfhj
榭,xfqm
猷,yyhi
辇,njkd
辍,ckxx
昙,tnjx
赈,zdhj
赍,jmdh
牒,dqmf
胄,zdvk
豚,tvhi
腼,mvhk
飙,bhew
烨,yyhm
煜,yynu
熠,yyxq
煦,xnoo
戾,lihi
扈,hign
忑,tmii
忐,tfii
憩,qrii
聿,yvdd
沓,dsnk
沓,tsnk
斫,zhtd
龛,khhi
盹,ddkc
睇,ddyv
睽,kdxj
瞑,mdin
瞠,cdkl
瞠,cdkg
铐,kjmk
铛,djkv
雉,zrhu
嵇,jrhd
甬,yxdd
鹄,hrek
颀,qthd
蜿,wdoe
蝙,bdid
蟾,cdeu
笈,jrei
箸,zrmn
籁,lrme
袈,jbui
裟,ssui
踝,hgdi
踹,cgdh
踵,zgrk
鳌,ajek
鳌,ajed
麾,hurc
麝,suqm
黠,xdmg
吶,ngdi
嫚,mbnd
皑,aqdv
笆,brnc
梆,bfjn
蚌,bdjd
痹,budh
摈,buoq
渤,bsmb
碴,chfn
搽,cuah
豺,cwme
椿,cfjn
疵,cufe
囱,cqei
瘁,cuuh
郸,dynd
掸,duyd
掸,suyd
掂,duuf
滇,dsmw
佃,dhdk
佃,thdk
叼,dgvk
犊,drmo
镀,djux
剁,dead
诽,fiff
烽,fyej
釜,fwjk
赣,guem
篙,grug
镐,gjug
剐,ggad
癸,gxji
刽,ghad
捍,hunj
焊,hynj
涸,hsdm
痪,hued
涣,hsei
蝗,hdqj
饺,jeuw
痉,juxm
臼,jqkk
狙,jedk
撅,juhy
抉,juvi
坷,klkg
胯,kvhj
傀,khqx
酪,lmeg
涝,lsab
儡,lhdd
砾,lhei
镰,ljuy
晾,lnug
硫,lhuq
铝,ljgg
箩,lrde
檬,mfaj
皿,mdkk
碾,nhvm
啮,ngfh
柠,nfom
泞,nsom
脓,nvii
湃,psuj
磐,pthg
刨,pead
刨,bead
胚,pvhk
沏,qskb
撬,qurr
壬,rrkk
赡,sdeu
芍,saei
赊,sdhj
肾,savk
虱,scqi
黍,srhs
栓,sfhj
怂,shii
挞,tuhv
坍,tlek
搪,tuuv
绦,tcef
嚏,tgmd
捅,tuxd
蜕,tdyg
皖,wqoj
挝,wumv
舷,xtuc
硝,xhkv
淆,xswh
戌,xhkk
阉,yphd
堰,ylkn
唁,yguj
秧,yrdi
舀,ywqk
椰,yfmn
腋,yvuh
恿,yxii
淤,ysuh
芋,yajd
耘,yjjx
匝,zkdd
榨,zfor
蘸,zamh
漳,zsum
漳,zsun
瘴,zuum
瘴,zuun
诌,ziev
淄,zscd
鬃,zmoj
禺,ydii
啬,smdg
匮,kkdd
匮,gkdd
佚,yhri
佼,jhuw
俪,lhkd
倜,thel
僖,xhmg
夔,kyqw
兖,yuwe
兖,yuxe
衮,guwe
衮,guxe
诙,hihy
诠,qihj
诩,xixx
诮,qisv
诳,kiej
谀,yiri
谡,sidw
谧,miid
谲,jixd
邺,yand
郢,ygnd
鄱,pwnd
刍,cevk
劾,hube
塾,sulk
荃,qahj
荩,javo
莓,marc
荻,daey
葆,bahg
藜,larh
弈,yuhd
奁,lhkw
捋,luwm
揄,yuhv
摒,buvy
摺,zuxq
撺,cuod
咂,zgkd
哂,sgmk
咿,yghv
唏,xgwh
啖,dgyy
啷,lgin
唰,sgva
啾,jgry
嗖,sgqx
啻,cugk
嗥,hgqh
嘤,ygdb
噘,jghy
帏,wdjd
岖,qdkw
岫,xddk
崆,kdom
徨,htqj
徵,ztdr
猥,wedk
獗,jehy
夥,hdee
忤,word
怏,yodi
愠,yond
愫,sojc
懵,moad
阕,qpxj
汩,gsnk
泗,ssdk
泓,hsvx
泯,msvc
洵,xsen
浒,hsir
涔,csdh
渚,zsmn
渲,xsom
滟,ysje
滢,ysaj
澹,tseu
澹,dseu
濯,zsxh
瀛,ysug
宥,yohv
宸,cohj
骞,qock
骞,qojc
寤,wonm
蹇,jogf
蹇,jojg
迤,yrvi
迩,eevi
逡,qxvi
遑,hqvi
邈,mwvi
妤,ybxd
娑,ssbk
娣,dbyv
婀,ebnm
骁,xckh
骊,lckd
绉,zcev
绶,scwx
绺,lceg
绾,wcod
缈,mcdg
缢,ycyd
邕,ycgn
琬,wjoe
瑁,mjdd
瑙,njcq
璜,hjmd
璨,cjfy
韫,yjnd
杞,qfvc
栾,lufi
棹,zffn
闇,adun
榄,lfad
槌,cfqv
榛,zfjr
槁,gfug
榕,rfow
橄,gfvr
樽,zfym
辘,lkuk
昀,yneu
耆,qmnk
晔,ynhm
贲,bmdh
觐,jmde
挈,qjud
腌,yvhd
欤,ykeh
旖,yurh
炖,dykc
熵,syud
熨,yvyw
熹,xloo
祚,zirk
懋,mfii
磬,qlhg
眈,ddic
睐,ldli
瞌,kdld
瞰,kdvr
盥,gqdk
钹,bjhx
钺,yjki
钿,djdk
铠,kjdv
镂,ljyb
镌,jjhb
鹞,ywek
鹫,juek
鹭,lgek
窈,yocb
窕,towb
裱,bije
褛,liyb
褴,liad
褶,zixq
聒,gmrg
覃,tmnm
覃,qmnm
颉,jlhd
颚,eghd
颦,pfqm
蚣,gdwx
蜈,wdgj
蜻,qdjv
蜚,ffdi
螂,ldin
蟆,mdan
螃,pduu
舐,srec
箴,zrhm
臬,nqfi
粲,cfyi
艮,gvii
翦,jyxx
翳,yhxx
繇,yweg
赧,nlnx
醮,jmho
豕,shii
蹩,bygf
跚,sgek
蹂,rgxf
蹒,pgam
躏,lgap
斛,heom
觞,serb
霈,plsm
隼,shmd
雠,chih
銮,lujk
鲨,ssed
鲨,ssek
鳄,eegj
鞑,dmhv
飨,xchi
黜,cdnd
鼾,hqjd
姮,hbkn
幷,brrd
惇,doug
柟,nfdk
湜,ssnm
珣,xjen
珪,gjll
耙,pjnc
雹,blev
泵,bhsi
膘,bvmj
箔,brsq
茬,cahl
椽,cfch
淬,csuh
碘,dhdw
侗,dhdm
恫,dodm
痘,dukg
垛,dlef
肪,fvue
孵,fewn
噶,ggan
柑,gfmk
秆,grjd
硅,ghll
阂,hpui
豢,hyhi
碱,jhhm
酵,jmmn
秸,jrmg
韭,jfkk
灸,jeyh
糠,kyuv
抠,kukw
痢,lura
羚,lyhi
潞,lsge
孪,lunk
谩,mind
幂,minh
娩,mbed
蘑,mauh
疟,nukk
抨,puld
坯,plhk
痞,puhg
畦,qdll
脐,qvuq
堑,qklk
橇,qfrr
锹,qjry
氢,qrxm
蛆,qddk
颧,qahd
纫,rcbi
缮,scyg
擞,suyr
蓑,saud
獭,teme
碳,thdh
鸵,teoe
蜗,wdgd
斡,wmho
烯,xywh
檄,xfqr
腺,xvqs
楔,xfjh
忻,xotd
酗,xmwn
壹,ylkg
峪,ydwg
陨,yngd
蚤,zxdi
樟,zfun
樟,zfum
蔗,zauo
砧,zhfg
疹,zuht
蛀,zduk
茁,zand
籽,zynk
卅,shdd
叵,pkgk
刎,wead
蒯,kaad
剽,pmad
伉,khue
佗,thoe
侏,zhri
佻,thwb
俦,chjm
俚,lhdk
俑,yhxd
倨,jhvm
偈,jhne
偻,lhyb
傥,thsg
傥,thse
傧,bhoq
僭,jhkn
仝,thmk
匍,pemi
匐,fekg
讴,oikw
讵,jikv
诂,gimg
诋,diei
诓,kikj
谥,siyd
谯,qiho
阪,bntx
阼,znrk
陂,bnbx
陟,znfg
陲,cnrk
邝,kund
郓,yind
郗,xwnd
勖,xdbe
坳,alcb
垠,ylvi
墀,clvs
艹,amdd
荞,qarq
荏,rahr
荟,hahj
莅,lahu
莘,saum
莘,xaum
堇,jmdk
菡,hann
葳,wahk
蒿,haug
蔺,laph
蔻,kaoj
蕲,qayt
薨,hadh
薮,sayr
蘧,qafv
扪,mupc
揶,yumn
掴,gudj
揆,kuxj
搠,suyv
搦,nuvv
摭,zuuo
擢,zuxh
攥,zurd
弋,ykii
呓,ygac
呗,bgdh
咔,kgfi
呶,ngbx
咭,jglg
咭,xglg
哒,dghv
咤,zgor
啕,tger
喁,ygdi
喙,hgch
嗬,hgah
嗄,sghe
嗄,sghd
嗄,aghe
嗄,aghd
嗲,dgwe
嘹,lghn
噼,pgvu
圜,hddm
圜,yddm
帼,gddj
幄,wdvk
岌,jdei
峤,qdrq
峤,jdrq
峋,xden
嵘,rdaf
嶙,ldye
徇,xten
犷,geue
狲,seng
猢,hemv
獐,zeun
獐,zeum
獠,lehn
饬,cerb
馍,mean
庠,xuyd
廪,luud
忸,nonk
怵,cofi
怩,nove
恹,yohh
恽,yoik
悒,yogn
悌,toyv
忝,tjki
闱,wpjd
闳,hphx
闼,tphv
爿,pnee
氵,iokk
汜,ssvc
泷,lshi
泱,ysdi
泠,lshi
沱,tsoe
泾,jsxm
浃,jsli
浔,xsvm
淅,xsft
涿,zshi
湮,ysml
溥,psmm
滂,psuu
溟,msin
潢,hsmd
潆,ysac
潸,ssfv
澧,lsdm
濂,lsuy
灏,hsnh
宕,dohg
甯,noid
甯,nodd
謇,jouj
迨,dxvi
逅,htvi
逦,lmvi
遨,ajvi
邂,xevi
邋,lcvi
彗,hjvk
屐,jvtm
鬻,yvkg
姝,sbri
娉,pbdk
媲,pbqk
嫒,abwh
嫱,qbmd
孑,jnkk
驷,scdk
骅,hchm
骛,wxck
骠,pcmj
纭,ycjx
纾,scxd
缁,zccd
缙,jcmn
玟,wjui
玟,mjui
玳,djhk
珈,jjbg
顼,xjhd
琰,yjyy
琮,cjoj
瑗,yjwj
瑷,ajwh
璎,yjdb
栉,zfan
桎,zfkl
梏,gfrg
棂,lfvy
楫,jfgm
楹,yfbd
樾,yflk
橐,tmhf
橹,lfen
殁,mhex
殇,shrb
殒,yhgd
轲,kkkg
轶,ykri
轸,zkht
轼,skkm
辂,lkeg
戛,jhki
瓯,ohki
曷,hneh
昶,cink
晟,snhi
暝,mnin
贽,zudh
觊,jdde
觎,yhde
牝,prec
犒,krug
挲,ssud
掰,buwu
氅,csrc
氤,yrdh
氲,yrnd
牍,dqmo
牍,dqmx
牖,yqim
爰,ywjx
虢,gwfe
胫,jvxm
胴,dvdm
腴,yvqi
欹,qheh
歆,xueh
飓,jedw
彀,gmex
毂,glex
斓,lupm
炀,yybe
焱,yyyy
燧,syyv
祗,ziei
禧,xilg
愆,qtii
砺,lhhk
砥,dhei
眇,mdke
睢,sdhu
瞽,gmdk
町,tdmd
町,ddmd
畹,wdoe
罹,ldoh
钏,cjqd
钜,jjkv
钯,bjnc
铉,xjuc
铢,zjri
锏,jjpn
锢,gjdm
镫,djxm
镳,bjuo
稔,rrhi
皈,gqtx
鸢,ykek
鸪,gmek
鸱,ceek
鸷,zuek
鹑,cuek
鹗,egek
鹧,zuek
鹳,gaek
痣,zuli
痨,luab
瘀,yuuh
瘠,juuv
窠,kodi
衿,jihi
裨,biqm
裨,piqm
聃,dmdk
颍,yehd
颏,kuhd
颛,zdhd
蚓,ydvd
蚩,cndi
蜓,tdrx
蜃,shdi
螫,sldi
螫,zldi
螳,tdsl
螳,tdsg
蟋,xdwi
蟀,sduc
蠊,lduy
蠡,lcdd
蠹,dmdd
罄,qlrd
笏,hree
笞,crxg
筮,srmh
箧,qrkl
箝,qrum
篝,grjd
艄,stsv
粼,lycc
粽,zyoj
糗,qyqh
赳,jlnd
酊,dmmd
酩,mmeg
醢,hmhd
醴,lmdm
踅,xugf
跻,jguq
踮,dguf
蹶,jghy
蹴,cguh
觥,gese
觯,zeyd
霾,mlwd
龊,cfgf
龌,wfvk
鼋,yjgd
鳗,mend
骼,gdeg
魇,yhqx
髭,zmfe
鬈,qmyc
亶,dudn
伷,zhdk
傕,qhiu
冏,jdwg
勣,jjbe
吋,cgmi
呎,cgvi
噹,dgsg
埶,slei
埶,ylei
堃,kulk
妳,nbeg
婠,wbod
嬛,hbdm
崓,gddm
崟,ydjk
彧,ykgk
悰,cooj
愔,youn
捽,zuuh
搧,suix
晞,xnwh
暐,wnng
棻,fafi
楙,mfxf
槃,ptfi
泚,csfe
滉,hsns
澐,yslj
澔,hsqr
濛,msaj
獏,mean
珰,djsv
瓘,gjag
畤,zdlm
畤,cdlm
畤,sdlm
氨,arob
胺,avob
佰,bhhd
稗,brqm
眬,ldhi
焙,byug
苯,bamk
矞,yxdw
矞,xxdw
矞,jxdw
菠,basb
郴,cfnd
滁,csnh
磻,phwd
磻,bhwd
傣,dhjs
氮,dryy
靛,djom
碉,dhel
囤,ddkc
洱,esmk
矾,fhei
氟,frvd
涪,fsug
讣,fisi
钙,gjmc
肛,gvmk
箓,lrvs
埂,glmi
汞,gmsi
夯,hhbe
菏,hasm
貉,hweg
磺,hhmd
蛔,hddg
烩,hyhj
荚,jali
钾,jjdd
綄,hcoa
铰,jjuw
疥,juhq
疽,judk
挎,kuhj
侩,khhj
纮,hchx
绖,dckl
绹,tcer
榔,lfin
翚,hxkd
氯,lrvs
滦,lsuf
酶,mmrc
镁,mjyh
螟,mdin
钠,njdi
淖,nsfm
淖,zsfm
淖,nsfn
淖,zsfn
镍,njqf
糯,nylh
沤,oskw
砒,phke
粕,pyqk
莆,pami
菑,zacd
仟,qhrd
泅,qsdh
榷,qfiu
妊,rbrk
蓱,pasy
苫,safg
墒,slud
娠,sbhj
誊,tyuj
豌,wmoe
烷,wyoj
潍,wsch
汐,xsei
铣,xjre
锌,xjum
癣,xuey
疡,yube
胰,yvki
肄,yevd
臃,yvuc
痈,yued
蛹,ydxd
铀,yjdk
釉,ywdk
铡,zjda
痔,zulm
滓,zsou
鬲,gkgd
鬲,lkgd
孬,nhbn
爻,ywwi
卮,ztcc
馗,keyq
睾,gqly
鼐,nbdv
乜,mccc
乜,nccc
乩,jfcc
孛,bmnk
嘏,gmvv
厝,chmn
赝,yhdh
刈,ywad
刳,khad
剡,yyad
剡,syad
剜,woad
亻,iqdd
仃,dhmd
仡,yhrc
仡,ghrc
伛,yhkw
仵,whrd
伥,chri
伧,chhc
佝,gheg
佶,jhmg
侑,yhhv
侉,khhj
侪,chuq
俅,qhmi
俳,phff
儆,jhar
儇,xhdm
儋,dheu
儋,dhew
佘,shjg
籴,dwyi
訇,heuj
凫,feec
兕,sdec
亳,burc
袤,muxe
蠃,lugv
羸,lugv
冼,xure
讦,jijd
诎,qind
诒,yixg
诒,dixg
诔,liji
诜,sire
诟,gitg
诤,ziev
诨,hiik
诿,wirb
谌,cimw
谔,eigj
谮,zikn
谵,zieu
谵,ziew
谶,cihf
卺,jncc
阝,indd
阡,qnrd
陔,gnui
陬,znmx
隗,wnqx
隗,knqx
隰,xnnc
邗,hjnd
邛,qmnd
邙,mund
邡,fund
邳,phnd
蹓,lged
郅,zknd
邾,zrnd
郄,qwnd
郄,xwnd
郦,lmnd
郜,grnd
郛,fwnd
郯,tynd
鄢,ymnd
酆,fjnd
奂,hedi
劬,qebe
燮,xuxi
矍,jdhx
垩,emlk
壅,yulk
圩,wljd
圩,xljd
圹,klue
圯,ylvc
圻,qltd
圻,yltd
垆,llfv
垓,glui
垸,yloj
垸,hloj
埴,zlmd
埽,slvd
堞,dlmf
墉,yluv
芰,jamx
苋,xade
苌,cari
苎,zaok
茏,lahi
苜,madk
苴,jadk
苴,cadk
苒,radk
苻,fahm
茔,yalk
茕,qacm
苕,tabg
苕,sabg
荑,yaki
荑,taki
莒,jagg
茯,fahh
荇,xatj
荠,jauq
荠,qauq
荥,xasi
莠,yarb
莩,fawn
莩,pawn
莼,cack
萋,qakb
菽,safx
萸,yaqi
菟,taei
菸,yauh
菹,zasd
菅,jaod
菰,gant
葺,qagm
葩,paqn
葭,javv
蓁,zajr
蓍,samn
蒺,jaur
蒹,jayi
蕖,qasf
蓿,xaoh
蓼,laxh
蕨,jahy
蕤,rahr
薏,yaui
薜,bavu
藓,xaey
藁,gauf
蘅,hate
耷,dhmk
奘,znhi
扌,imkk
抟,tuji
拊,fuhm
拮,jumg
拶,zuce
掮,quiv
掼,gucd
揿,quje
揎,xuom
掾,yuch
搡,suxf
摞,ludc
邠,bwnd
邨,cknd
撷,xumh
擤,xuqd
弑,swkm
呖,lghb
呦,ygcb
咝,sgck
哔,bgkm
哙,kghj
咩,mgyj
哏,ggvi
哏,hgvi
哞,mgxr
唢,sgsd
喵,mgad
啭,zgkj
啁,zgel
唿,hgei
啵,bgsb
唳,lgih
喈,jgkq
喑,ygun
嗷,agjr
嗑,kgld
嗝,ggkg
嘁,qghf
嘭,pgmt
噔,dgxm
噱,jgfh
噱,xgfh
囝,jdnk
囵,ldhe
囫,hdee
囹,ldhi
囿,ydhv
圄,ydmg
圉,ydly
帙,zdri
帔,pdbx
帑,tbdd
帑,nbdd
帻,zdjd
幛,zdun
幛,zdum
岘,xdde
岬,jddd
岷,mdvc
峄,ydxj
峥,zdev
崂,ldab
崧,sdfw
崴,wdhk
嵬,wdqx
嵯,cdym
嶂,zdun
嶂,zdum
嶷,ydex
徂,ctdk
徉,ytyj
徕,ltli
徜,ctsd
徼,jtqr
犭,ieee
狒,fevd
狯,kehj
狷,jegv
狺,yeuj
狻,sexw
猗,yehm
猊,neqe
猕,meve
猬,wedv
猱,nexf
舛,cekd
飧,sehi
夤,yeom
饨,tekc
饪,rerk
饴,yexg
饽,bemn
馄,henk
馊,seqx
馐,xeyn
庑,wujc
庖,puev
赓,gudh
廛,cudw
廨,xueb
忄,iodd
怄,ookw
忾,korc
忾,xorc
忪,sowx
忪,zowx
怙,homg
怛,donk
怍,zork
怫,fovd
怿,yoxj
悭,qoal
悱,foff
愦,kodd
愀,qory
愎,born
慊,qoyi
懔,loud
懔,louj
隳,hnhs
隳,dnhs
阃,kpdf
阄,jped
阆,lpii
阊,cpnn
阍,hpen
阒,qpdh
阗,tpmw
阚,kpvr
戕,qnki
汨,msnk
沆,hsue
泸,lsfv
泫,xsuc
泮,psyd
洙,zsri
洎,jsqk
洮,tswb
浜,bsqw
浼,msed
淞,ssfw
渑,msgd
渑,ssgd
淦,gsjk
淝,fsvn
淙,csoj
涫,gsod
渌,lsvs
涮,ssva
湎,mshk
湫,qsry
湫,jsry
溧,lsmf
溷,hsdh
漕,csmn
潋,lshr
濠,hsuh
灞,bslm
搴,qoud
搴,qour
寮,lohn
辶,iiii
迓,ykvi
逋,bmvi
逖,tevi
逶,wrvi
遒,qyvi
遢,tnvi
遛,levi
暹,xnvi
遴,lyvi
彖,tchi
彘,zcrk
孱,cvnn
屣,xvtf
屦,jvty
弭,mvmk
妁,sbei
妗,jbhi
妫,gbyi
姒,sbxh
妯,zbdk
娆,rbkh
姘,pbyj
姹,cbor
娌,lbdk
娲,wbgd
婧,jbjv
婺,wxbk
媾,gbjd
嫫,mban
嬗,sbud
嬖,bvbk
孥,nbnk
孳,zynk
驺,zcev
驽,nbck
骀,tcxg
骓,zchu
骖,ccxh
骖,ccxt
骘,znck
骜,ajck
骝,lced
骢,ccqi
骧,xcug
纟,ickk
纡,ycjd
纥,hcrc
纥,gcrc
纰,pcke
绀,gcmk
绁,xcmc
绌,ccnd
绐,dcxg
绔,kchj
绻,qcyc
缃,xcfd
缇,tcnm
缌,scdi
缒,zcqv
缗,mcvn
缜,zcmw
缛,rchm
缟,gcug
缣,jcyi
缦,mcnd
缫,sccd
缯,zcyn
缱,qcdv
畿,jcdk
玢,fjwb
玢,bjwb
珥,ejmk
珙,gjmw
琊,yjkn
珩,hjtj
锜,qjhm
琚,jjvm
瓒,zjrd
杌,wfhc
杓,sfei
杓,bfei
杈,cfxi
枥,lfhb
枇,pfke
杪,mfge
枞,cfhh
枞,zfhh
杷,pfnc
杼,zfxd
柰,nfjg
柘,zfhg
栊,lfhi
枰,pfld
柙,xfdd
柚,yfdk
栀,zftc
柢,dfei
柢,cfei
栎,lfei
栎,yfei
桠,yfmk
桡,rfkh
桡,nfkh
桁,hftj
楮,cfmn
棼,ffwb
棰,cfrk
椁,gfug
楂,zffn
楂,cffn
榈,lfpg
槎,cfym
榉,jfoj
槊,syfi
槿,jfmd
樯,qfmd
樗,cflj
橛,jfhy
樨,xfvs
殂,chdk
殄,thht
殚,dhyd
殛,jhnk
轭,ekhc
轳,lkfv
轾,zkkl
辎,zkcd
辏,ckjj
辚,lkye
戢,jgmi
甑,zyki
旮,genk
旯,lnec
杲,gnfi
昝,zenk
晷,gneg
曩,nnug
赀,zfdh
赉,lldh
觇,cfde
觌,dmde
牦,mrrc
牯,grmg
犄,jrhm
擘,bvud
耄,mmrc
肱,gvhx
胪,lvfv
胛,jvdd
胙,zvrk
脍,kvhj
腓,fvff
媵,yvyb
膂,luvk
膑,bvoq
膻,svud
膻,dvud
膻,svud
膻,dvud
欷,xweh
歙,xheh
歙,sheh
飚,beyy
殳,sexi
齑,jufk
旆,purm
旄,murr
旃,zure
旎,nurv
旒,luru
炷,zyuk
烊,yyyj
焯,zyfn
焯,cyfn
焯,zyfm
焯,cyfm
煨,wydk
煊,xyom
燠,yyqh
燔,fywd
爨,cqfh
扃,jidg
祛,qilx
祜,himg
祢,mieg
祧,tiwb
禳,riug
怼,dxii
恝,jjii
恚,hlii
悫,qlii
愍,mvii
慝,tjii
懑,msii
戆,guii
戆,zuii
砀,dhbe
砉,xjhg
砉,hjhg
砭,bhwi
碚,bhug
碜,chxt
碜,chxh
碣,jhne
碣,yhne
磔,zhef
磴,dhxm
礴,bhas
黻,fahx
黼,fami
盱,xdjd
眄,mdmc
眦,zdfe
睃,sdxw
顗,ydhd
睥,pdqm
瞵,ldye
畀,bdhd
畋,tdri
詈,lduj
罴,pdlo
盍,hldk
蠲,jyde
钅,ircc
钛,tjhi
钤,qjhi
钲,zjmk
铄,sjei
铙,njkh
铤,tjrx
铤,djrx
铧,hjhm
铩,sjwf
锃,zjgj
锉,cjhl
锟,kjnk
锲,qjjh
锷,ejgj
镒,yjyd
镛,yjuv
镞,zjur
镬,hjah
秣,mrji
稹,zrmw
穑,srmd
穰,rrug
皤,pqwd
瓠,hhti
鸩,ziek
鸶,scek
鹂,lmek
鹈,tyek
鹌,ahek
鹜,wxek
疣,yuhi
疸,dunk
痍,yuki
痫,xupf
痧,susg
痼,gudm
瘗,yull
瘢,bute
瘳,cuxh
癯,qudh
竦,sumi
衽,rirk
裆,disv
裢,likv
裾,jivm
裰,dixx
褡,diah
褙,bifv
褓,bihg
褊,biid
襁,qivg
襦,rilh
疋,pnii
皴,cxbx
耒,ljii
耜,sjdk
聩,kmdd
颌,hhhd
颌,ghhd
颡,sxhd
颢,hnhd
虿,ckdi
虺,hhdi
虻,mduc
蚨,fdji
蚪,ddom
蛎,ldhk
蚱,zdrk
蚯,qdqk
蛉,ldhi
蛩,qmdi
蛐,qddk
蜍,cdhj
蜥,xdft
蜮,ydkg
蝈,gddj
蜴,ydne
蜢,mdnd
蝌,kdro
蝼,ldyb
螓,qdjr
螭,cdud
蟑,zdun
蟮,sdyg
缶,frdd
罂,ydrd
罅,xrfw
竽,yrjd
笄,jrjd
笥,srvg
笳,jrbg
笾,brbv
筌,qrhj
箬,rrah
箨,trux
箪,dryd
箜,krom
篑,krdd
篁,hrqj
篌,hrhv
篚,frkf
篦,brqk
篾,mrdh
簋,grvd
簟,drmn
籀,zrue
舁,yqhd
舂,cjqk
舄,xqeo
舡,ctmk
舢,stdd
舸,gtkg
羯,jyne
粑,bync
粜,tnyi
翕,xhxx
翥,zmxx
翮,hmxx
絷,zucg
綦,qmcg
纛,djde
趄,qldk
趔,llha
趱,zlrd
赭,zlmn
酢,zmrk
酡,tmoe
酽,ymme
酹,lmwm
醪,lmxh
醯,xmud
趿,tgei
趺,fgji
跖,zghg
跎,tgoe
跣,xgre
踣,bgug
踯,zgyn
踽,jgqi
蹉,cgym
蹰,cghm
躅,zgde
豸,zwee
貔,pwqk
觚,geti
訾,zfuj
雩,yljc
霰,xlmr
龃,jfdk
龇,zffe
龈,yfvi
鼍,tggc
雎,jdhu
雒,lehu
錾,zkjk
鱿,yehi
鲂,feue
鲈,lefv
鲋,fehm
鲑,gell
鲛,jeuw
鲠,gemi
鲧,geeg
鲫,jevn
鲭,qejv
鲲,kenk
鳅,qery
鲙,kehj
鳍,qemn
鳏,gedg
鳝,seyg
靼,dmnk
鞅,ymdi
鞫,jmeu
鹘,gdek
髀,bdqm
髑,ddde
魉,lqmi
魈,xqkv
魍,wqdy
魑,cqud
餍,yhhi
饕,tghi
饔,yuhi
髡,kmhc
髫,tmqg
鬣,lmcd
縻,mucg
麈,zuuk
麋,muyi
鏖,aujk
黧,lrdo
黥,qduk
麤,cuuu
丂,ikcc
丄,ifkk
丅,imdd
丆,ihee
丏,imcc
丒,ibkk
丗,imkk
丷,iyee
乀,iccc
乁,iccc
乂,iwii
乄,ixii
乆,ibii
乊,iwee
乑,iqii
乚,iccc
乛,iccc
乢,gdcc
乣,jccc
乤,xmcc
亅,iddd
焗,jyvn
〇,lccc
捌,buga
钡,bjdh
蓖,baqk
毖,bkii
瞇,mdyv
瞭,ldhn
铂,bjqk
珐,fjlx
钒,fjei
酚,fmwb
铬,gjeg
辊,gknk
氦,hrui
硷,jhho
粳,jymi
岿,kdgv
罒,idkk
罓,idwi
谰,lipm
镭,ljld
傈,lhmf
馏,leed
耂,imee
肏,cwdh
铆,mjen
锰,mjnd
醚,mmyv
臑,nvlh
氖,nrbe
蔫,namk
镊,njmx
耪,pjuu
硼,phvv
柒,qsfi
扦,qurd
钎,qjrd
氰,qrjv
龋,qfqi
醛,qmah
炔,qyvi
瓤,ruti
鳃,sedi
砷,shdd
僳,shmy
酞,tmhi
锑,tjyv
烃,tyxm
酮,tmdm
钨,wjek
硒,xhmk
矽,xhei
锨,xjte
袩,zifg
袪,qilx
蚜,ydke
覀,imkk
铱,yjui
郧,ygnd
锗,zjmn
讬,tirc
讱,ribi
讻,xiwn
诇,xidg
诐,bibx
诪,zijm
谉,siod
谞,xinv
柞,zfrk
豻,awjd
亍,ijdd
丌,ihdd
丨,iddd
丿,ieee
乇,ircc
氐,deii
囟,xqwi
鼗,twmm
丶,iiii
亓,qjqd
芈,mfjd
厍,shkd
厣,yhdd
匚,ikcc
匦,gkke
赜,zmjd
卣,yfdv
刂,iadd
刭,jxad
刿,gdad
剀,kdad
剞,jhad
劂,jhad
劁,qhad
劐,haad
劓,yqad
冂,idcc
仉,zhec
仂,lhbe
仨,shjk
仫,mhei
仳,phke
伢,yhke
佤,whki
佧,khfi
伲,nhve
佴,ehmk
佾,yhwv
侔,mhxr
俣,yhgj
俜,phdk
倬,zhfn
倮,lhdi
倥,khom
偾,fhmd
偬,zhei
傺,chej
僬,jhho
僦,jhuh
氽,thsi
龠,yhgd
汆,cwsi
黉,homd
馘,gykg
冁,cyvm
勹,iecc
亠,iukk
脔,ludh
裒,puqe
冫,iukk
冱,hukk
赑,bddd
赒,zdel
赟,yudh
趶,kgjd
趷,kgrc
趹,jgvi
趹,ggvi
趻,cghi
趽,fgue
跂,qgmx
跅,tgti
跐,cgfe
跓,zguk
凇,sufw
冖,iicc
讠,iicc
讧,himk
诖,gill
诶,eixr
诹,zimx
诼,zihi
谂,sihi
谇,siuh
谖,xiwj
谘,ziug
谝,piid
谠,disg
谫,jiyb
谳,yimh
卩,indd
阢,wnhc
阽,dnfg
陉,xnxm
陧,nnnl
陴,pnqm
隈,wndk
邴,bmnd
邶,bfnd
邰,txnd
郏,jlnd
郐,khnd
郇,xend
郫,pqnd
郾,ymnd
鄄,jmnd
鄞,ymnd
鄣,zund
鄯,synd
鄹,zmnd
酃,llnd
劢,mkbe
哿,gbkg
勐,mnbe
勰,xbdi
廴,ixii
凵,indd
凼,dsnd
鬯,cwec
厶,ixii
畚,bxhd
巯,qxuq
坌,bwlk
垡,fhlk
墼,jmlk
圬,wljc
圪,glrc
圮,plvc
坜,llhb
坩,glmk
垅,llhi
坫,dlfg
坼,clti
坻,dlei
坨,tloe
坭,nlve
坶,mlci
垭,ylmk
垤,dlkl
垌,dldm
垲,kldv
埏,ylqx
垧,slqg
垴,nluw
埕,clgj
埘,slnm
埚,glgd
埙,xlgd
埒,llwm
埯,alhd
埸,ylne
埤,plqm
埝,nlhi
堋,blvv
堋,plvv
堍,tlei
埭,dlvi
堀,klvn
堙,ylml
塄,lldu
堠,hlhv
塥,glkg
塬,ylhq
墁,mlnd
墚,llsf
鼙,qmqm
艽,jaec
艿,nabe
芏,dalk
芨,jaei
芄,waei
芎,xavc
芑,qavc
芗,xace
芫,yaje
芾,famd
苈,lahb
苊,eahc
苣,jakv
芘,pake
苁,cahh
芩,qahi
芴,waee
芡,qaeh
芪,qaec
芟,saex
苄,baui
芤,kanc
苡,yaxh
苷,gamk
苤,pahk
茇,bahx
苘,qadg
茌,cahl
茑,naek
茚,yaen
茆,maen
苠,mavc
荛,rakh
荜,bakm
茈,zafe
茼,tadm
莛,tarx
茭,jauw
茺,caue
茳,jasm
荦,lard
荨,xavm
茛,gavi
荬,maco
荭,hacm
荮,zacm
莰,kale
荸,bamn
莳,sanm
莴,wagd
莪,eari
莜,yahr
莶,xaho
莶,laho
荽,sawb
莸,yaeh
莨,laii
萁,qamw
菥,xaft
菘,safw
萘,nahj
菝,bauh
菖,cann
萜,tadf
萑,hahu
萆,baqm
菔,favn
萏,daeq
菪,daoh
菀,waoe
菀,yaoe
葜,qajh
葑,falm
葚,samw
葙,xafd
蒇,cahd
蒈,kakq
蒉,kadd
葸,xadi
葶,taum
蒌,layb
蒎,past
蓐,rahm
蒽,eadi
蓊,wawx
蓠,laud
蒡,bauu
蒴,sayv
蒗,lasi
蓥,yajk
蓣,yaxh
蔌,same
甍,madk
蔸,daqe
蓰,xatf
蔹,lahr
蔟,caur
轪,dkhi
辀,zkti
辌,lkug
辒,wknd
蕈,xamn
蕞,zanm
蕺,jagm
瞢,madd
蕻,hamm
薤,xahf
蕹,wauc
薅,habh
薹,tamk
薷,ralh
藿,halh
蘩,farc
蘖,naqf
蘼,mauf
廾,ihdd
夼,khqd
匏,phev
尢,ihcc
尥,lhei
抻,cudd
挢,jurq
捃,juvg
掭,tujk
掎,juhm
捭,buqm
掊,puug
捩,luih
揲,dumf
揲,sumf
揲,yumf
揸,zufn
揠,yukn
揞,auun
摅,sufi
摁,eudi
搋,cutf
搛,juyi
搌,zuvm
撄,yudb
撖,huvr
邒,tmnd
邔,qvnd
邖,sdnd
邘,yjnd
邚,rbnd
邜,xend
邞,fjnd
邟,kund
邤,xtnd
邥,sind
邧,yjnd
邩,hynd
邫,bjgn
邭,jend
邲,bind
邷,wknd
邼,kjnd
邽,glnd
邿,slnd
郀,khnd
撸,luen
撙,zuym
擀,gumh
擐,hudm
擗,puvu
攉,hulh
攮,numg
甙,dkmk
卟,bgsi
叻,lgbe
吖,ygyd
吖,agyd
呋,fgji
呒,fgjc
呒,mgjc
呔,dghi
吡,pgke
吡,bgke
呙,ggdi
吣,qgii
吲,ygvd
吲,sgvd
呤,lghi
哐,kgkj
咴,hghy
哓,xgkh
呲,cgfe
呲,zgfe
咣,ggke
哕,ygde
哕,hgde
哌,pgte
哚,dgef
哜,jguq
哜,zguq
唛,mgje
哳,zgut
唣,zgqk
唑,zghl
唪,fgjj
啉,lgff
唼,sgub
啶,dgom
喱,lghd
喹,kghl
喾,korg
嗪,qgjr
嗉,sgjc
嗌,ygyd
嗌,agyd
嗍,sgyv
嗵,tgxv
嘞,lgmb
嘌,pgmj
嘣,bgdv
嗾,sgur
嘧,mgod
嘧,mgoi
嘬,zgnm
噍,jgho
噌,cgyn
嚆,hgau
噻,sgol
嚯,hglh
圊,qdjv
帱,cdjm
帱,ddjm
幞,fday
屺,qdvc
岍,qdjd
岈,ydke
岙,ardd
岜,bdnc
岵,hdmg
岢,kdkg
岽,ddki
岣,gdeg
峁,mden
崃,ldli
崦,ydhd
崮,gddm
崤,xdwh
崞,gdug
崾,ydmb
嵛,ydhv
嵝,ldyb
嵫,zdyc
嵊,sdrf
嵴,jduv
嶝,ddxm
豳,bdhh
彳,itdd
徭,ytwr
彡,itee
犰,qeec
犴,aejd
犸,meck
狃,nenk
狁,yexe
狍,peev
狨,rekh
狴,bekl
猁,lera
狳,yehj
猃,xeho
猓,gedi
猡,lede
猞,sehj
猹,cefn
猸,mend
獍,jeue
獬,xeeb
獯,xero
獾,heag
夂,ieii
饣,iecc
饧,xebe
饩,xerc
饫,yeri
馇,cefn
馑,jemd
馓,semr
馕,nemg
庀,puec
庋,gumx
庥,xuhf
庹,tuvi
庳,buqm
廒,aujr
廑,jumd
廑,qumd
忉,dobe
怃,wojc
忮,zomx
忭,boui
怊,cobg
悝,lodk
悝,kodk
悃,kodf
悛,qoxw
惝,cokd
憷,cofn
闫,ypjk
闶,kpue
阋,xpqe
阌,wpwx
阏,epuh
阏,ypuh
丬,iudd
汔,qsrc
汊,csxi
沣,fsjd
沔,msmc
沩,wsyi
泐,lsnb
泔,gsmk
沭,ssfi
沲,tsrn
沲,dsrn
泖,msen
泺,lsei
泺,psei
洹,hskn
洧,wshv
洌,lsha
浈,zsfd
洇,ysdh
洄,hsdg
洫,xsqk
浍,hshj
浍,kshj
洚,jsek
洳,rsbg
涑,ssmi
浯,wsmg
涞,lsli
涠,wsdj
浞,zsgf
浠,xswh
淠,psdh
渖,ssod
渫,xsmf
溲,ssqx
湟,hsqj
溆,xshx
湓,pswd
湔,jsyv
溱,qsjr
溱,zsjr
溘,ksld
滠,ssmx
漭,msah
溽,rshm
溻,tsnx
滗,bsrr
溴,xsqh
滏,fswj
溏,tsuv
漤,lsfb
滹,hsfw
漯,lsdc
漯,tsdc
漶,hsdi
潴,zsem
澉,gsvr
澍,ssmm
澍,zsmm
澌,ssmt
潲,ssrs
濉,ssdh
澶,csud
濞,bsqd
濞,psqd
瀣,xsff
瀹,yshd
瀹,yshg
瀵,fsyd
宀,iocc
宄,goec
褰,qoui
褰,qoju
迕,wrvi
迮,zrvi
逄,pevi
逑,qmvi
逭,hovi
逯,lvvi
遄,cdvi
遘,gjvi
彐,ivkk
尻,kvec
屙,evnm
羼,cvyy
弪,jvxm
艴,fven
屮,indd
妣,bbke
娈,lubk
胬,nbdh
媸,cbnd
嫠,ljhb
嫘,lbdc
嫜,zbun
嫜,zbum
嬲,ndbd
尕,gbki
尜,gkhk
孓,jnii
孢,bnev
驵,zcdk
骐,qcmw
骒,kcdi
骟,scix
骣,ccvn
纩,kcue
绂,fchx
绋,fcvd
绗,hctj
绠,gcmi
绨,tcyv
绱,sckd
绲,gcnk
缍,dcrk
缂,kcmd
缋,hcdd
缏,bchm
缏,pchm
缑,gchv
缡,lcud
缧,lcdc
缬,xcmh
缲,scgf
缲,qcgf
缳,hcdm
缵,zcrd
巛,iccc
甾,zcdk
玎,djmd
珧,yjwb
珲,hjik
钑,sjei
钑,xjei
钖,yjbe
钘,xjjd
铇,bjev
铏,xjja
铓,mjau
铔,yjmk
铚,zjkl
铦,xjrg
铦,kjrg
铦,tjrg
铦,gjrg
铻,wjmg
锠,cjnn
瑭,tjuv
璁,cjqi
璩,qjfh
璺,wqji
韪,wnjd
杩,mfck
枘,rfdi
枧,jfde
枨,cfri
枋,ffue
栌,lffv
枵,xfgk
枳,zfgw
柝,tfti
柃,lfhi
枸,gfeg
枸,jfeg
柁,tfoe
柁,dfoe
柽,cfxl
栲,kfmk
栳,lfme
桄,gfse
桤,qfdv
梃,tfrx
栝,gfrg
栝,tfrg
桕,jfqk
桊,jyfi
桉,afob
桴,ffwn
桷,jfee
桫,sfsk
椟,dfmo
椠,qkfi
锧,zjtm
锳,yjad
锽,hjqj
镃,zjyc
镈,bjmm
镋,tjsg
镋,tjse
镚,bjdv
镠,ljxh
镮,hjdm
镴,ljcd
镵,cjee
椤,lfde
椋,lfug
楗,jfvx
椐,jfvm
楱,cfjj
楱,zfjj
椹,zfmw
椹,sfmw
楝,lfmi
榀,pfgg
榘,jrfi
楸,qfry
椴,dfqe
榇,cfuf
楦,xfom
榧,ffkf
榫,sfhm
槔,gfqh
榱,cfud
槠,zfim
榍,xfvs
槭,qfhf
槭,sfhf
樘,tfsg
樘,tfkl
橥,zefi
槲,hfeo
檠,qafi
檎,qfhu
橼,yfcc
檑,lfld
檩,lfud
檗,bvfi
檫,cfoe
獒,ajhi
殍,phwn
殪,yhmm
轫,rkbi
轱,gkmg
轵,zkgw
轷,hkwd
轹,lkei
轺,ykbg
辁,qkhj
辋,wkdy
軎,wmgk
戋,jjii
戗,qhki
戡,kmki
戥,dnki
戤,gbki
瓴,lhki
瓿,buki
甏,bmki
甓,pvki
攴,pfxi
旰,gnjd
旰,hnjd
昃,znhh
炅,jnyh
炅,gnyh
昴,mnen
晡,bnmi
晗,hnhg
暌,knxj
暾,tnur
曛,xnro
贳,smdh
贶,kdge
赅,gdui
赆,jdvo
赇,qdmi
赕,ddyy
赙,fdmm
觋,xmde
觏,gjde
牮,jhrd
犟,jvrd
牾,wrmg
牿,grrg
犋,jrdw
犍,jrvx
犍,qrvx
犏,prid
搿,guhu
毪,mrxr
毳,crrr
毽,jrvx
毵,sxrc
毹,shrc
氇,lren
氆,pryn
氍,qdrc
氕,pree
氘,drqd
氙,xrdd
氚,crqd
氡,dreo
氩,yrmk
氪,krmg
攵,irii
敫,jqri
刖,yvad
肟,wvjc
肜,rvte
肜,cvte
肓,huvk
肼,jvjd
朊,rvje
肽,tvhi
肫,zvkc
肫,cvkc
肭,nvdi
肷,qveh
胨,dvki
胩,kvfi
胂,svdd
胍,gvti
胗,zvht
朐,qveg
朐,xveg
朐,cveg
胝,zvei
胱,gvke
脎,svwf
胲,hvui
胼,pvyj
脒,mvyi
脶,lvgd
脞,cvhl
脬,pvwn
脘,wvoj
脲,nvvs
腈,jvjv
腙,zvoj
腚,dvom
腱,jvvx
腠,cvjj
腩,nvmd
腽,wvnd
腭,evgj
腧,svhv
塍,cvyl
膈,gvkg
膣,zvok
膪,cvug
臌,gvmm
鞜,tmsn
臁,lvuy
膦,lvye
歃,sreh
飑,beev
觳,hlex
炝,qyhc
炻,syhg
烀,hywd
炱,txyw
焐,wymg
焓,hyhg
焖,mypi
煳,hymv
煅,dyqe
煲,bhyw
煸,byid
煺,tyvv
熘,lyed
熳,mynd
燹,xhyw
爝,jywv
爝,jywd
灬,iooi
焘,djoo
戽,hiom
礻,iiii
祆,xiji
祉,zifk
祓,fihx
禊,xijh
禚,ziyo
恧,nhii
憝,duii
肀,ivdd
泶,xosi
淼,msss
矸,ghjd
砗,chkd
砘,dhkc
砑,yhke
砜,fhew
砝,fhlx
砹,ahaw
砻,lhhg
砟,zhrk
砼,thhm
砬,lhuk
砣,thoe
砩,fhvd
硎,xhja
硭,mhau
硖,xhli
硗,qhkh
砦,zfhg
硐,dhdm
硇,nhqw
硌,gheg
硌,lheg
硪,whri
碛,qhjd
碓,dhhu
碇,dhom
碡,zhjc
碲,dhud
碹,xhom
碥,bhid
磙,ghuw
磉,shxf
磲,qhsf
礅,dhur
礓,jhkd
礤,chae
礞,mhaj
黹,zayi
眍,kdkw
眚,srdk
眢,yedk
眙,ydxg
眙,cdxg
眭,sdll
眭,gdll
眵,cdee
睚,ydhl
瞍,sdqx
瞀,mxdk
畎,qdhi
畈,fdtx
畛,zdht
畲,shdk
疃,tdud
罘,fdhi
罟,gdmg
罨,ydhd
罱,ldmd
罾,zdyn
钆,gjcc
钇,yjcc
钋,pjsi
钌,ljnd
钍,tjlk
钐,sjte
钔,mjpc
钕,njbk
钚,bjhi
钣,bjtx
钫,fjue
钪,kjue
钭,djom
钬,hjyi
钴,gjmg
钶,kjkg
钷,pjkg
钸,bjhd
钼,mjdk
钽,tjnk
铈,sjud
铊,tjoe
铋,bjii
铌,njve
铍,pjbx
铑,ljme
铒,ejmk
铕,yjhv
铖,cjhi
铗,jjli
铘,yjkn
铞,djgd
铟,yjdh
铥,djrx
铪,hjhg
铪,kjhg
铫,yjwb
铫,djwb
铫,tjwb
铯,sjen
铳,cjue
铴,tjsb
铵,ajob
铷,rjbg
铹,ljab
铼,ljli
铽,tjki
锂,ljdk
锆,gjrg
锇,ejri
锊,ljwm
锍,ljuq
锎,kjpj
锒,ljii
锓,qjvx
锔,jjvd
锕,ajnm
锖,qjjv
锘,njah
锛,bjhm
锝,djnj
锞,kjdi
锪,hjei
锫,pjug
锩,jjyc
锬,tjyy
锱,zjcd
锴,kjkq
锶,sjdi
锸,cjrk
锼,sjqx
锾,hjwj
锿,ajug
镄,fjvd
镅,mjnd
镆,mjan
镉,gjkg
镉,ljkg
镎,njhu
镏,ljed
镓,jjoh
镔,bjoq
镗,tjsg
镗,tjkl
镘,mjnd
镙,ljdc
镟,xjur
镝,djud
镡,xjmn
镢,jjhy
镤,pjay
镥,ljen
镦,djur
镧,ljpm
镨,pjyn
镩,cjod
镪,qjvg
镱,yjui
镲,cjoe
矧,srvd
矬,crhl
秕,brke
秭,zree
秫,srfi
稆,lrgg
稃,frwn
稂,lrii
稞,krdi
饤,demd
饦,terc
饳,dend
饸,hehg
饹,leeg
饻,xeui
饾,dekg
馂,jexw
馃,gedi
馉,gedv
瓞,dtri
鸫,dkek
鸬,lfek
鸲,qeek
鸸,ehek
鸹,grek
鸺,xhfe
鸺,xhek
鹁,bmek
鹆,ywek
鹇,xpek
鹋,maek
鹎,bqek
鹕,hmve
鹚,cyek
鹛,mnek
鹣,jyek
鹨,lxek
鹩,lhek
鹪,jhek
鹬,yxek
鹱,heah
鹱,heax
疒,iukk
疔,dumd
疖,jund
疠,luke
疝,sudd
疬,luhb
疳,gumk
疴,kukg
痄,zurk
疱,puev
疰,zuuk
痃,xuuc
痂,jubg
痖,yumk
痦,wumg
痤,cuhl
瘃,zuhi
痱,fuff
痿,wurb
瘐,yuqi
瘅,duyd
瘌,luma
瘊,huhv
瘥,cuym
瘘,luyb
瘕,juvv
瘕,xuvv
瘙,suxd
馌,yeld
馚,frwb
馛,brhx
馜,nrve
馝,brii
馞,brmn
馟,trwn
馠,hrhg
馡,frff
瘛,cuji
瘼,muan
癀,humd
瘭,bumj
瘰,ludc
瘿,yudb
瘵,zuej
癃,lune
癍,buju
癔,yuui
癜,duve
穸,xoei
窀,zokc
窆,bowi
窬,yohv
窨,youn
窨,xoud
窭,joyb
窳,yott
衤,iiii
衩,cixi
袢,piyd
袷,jihg
袷,qihg
袼,gieg
裉,kivi
裎,cigj
裣,liho
裥,jipn
裼,xine
裼,tine
褫,citf
襻,pifh
皲,jibx
耔,zjnk
耖,cjge
耠,hjhg
耢,ljab
耥,tjsd
耧,ljyb
耩,jjjd
耨,njhm
耱,mjuh
耋,dmkl
耵,dmmd
聍,nmom
聱,ajmk
顸,hjhd
颃,huhd
颞,nmhd
颟,mahd
颥,rlhd
虍,ifkc
虮,jdec
虼,gdrc
蚍,pdke
蚋,rddi
蚬,xdde
蚝,hdrc
蚧,jdhq
蚶,hdmk
蛄,gdmg
蚵,kdkg
蚰,yddk
蚺,rddk
蛏,cdxl
蚴,ydcb
蛱,jdli
蛲,ndkh
蛭,zdkl
蛳,sdgm
蛞,kdrg
蛴,qduq
蛘,ydyd
蛘,ydyj
蛑,mdxr
蜇,zudi
蛸,xdsv
蜊,ldra
蜉,fdwn
蜣,qdyj
蜞,qdmw
蜾,gddi
蜱,pdqm
蜩,tdel
蝽,cdjn
蝾,rdaf
蝻,ndmd
蝰,kdhl
蝮,fdrn
螋,sdqx
蝓,ydhv
蝣,ydur
蝤,qdym
蝥,mxdi
螯,ajdi
螨,mdam
螈,ydhq
螅,xdqi
螗,tduv
蟥,hdmd
螬,cdmn
螵,pdmj
蟓,xded
螽,zedd
蟊,mxdd
蟛,pdmt
蟪,hdmi
蠖,hdah
蠓,mdaj
蠛,mdad
蠼,qddh
笕,jrde
笊,zrti
笫,zree
筇,qrmn
笸,prkg
笪,drnk
笮,zrrk
笱,greg
笤,trbg
筘,krug
筚,brkm
筅,xrre
筻,grmi
筢,prun
筲,srsv
箐,qrjv
箐,jrjv
箦,zrjd
箅,brdh
箢,yroe
篥,lrmf
篪,crtf
篼,drqe
簏,lruk
簖,dryt
簦,drxm
衄,nqnk
舣,ytyi
舭,btke
舯,ztdd
舨,bttx
舻,ltfv
舳,ztdk
舴,ztrk
舾,xtmk
艉,wtvr
艋,mtnd
艏,styq
艚,ctmn
艟,ctud
艨,mtaj
襞,bvui
羝,dyei
羟,qyxm
羧,syxw
羰,tydh
籼,xydd
敉,myri
粝,lyhk
粞,xymk
粢,zuyi
粢,cuyi
糁,syxh
糁,syxt
糇,hyhv
糌,zyen
糍,cyyc
糈,xynv
糅,ryxf
糨,jyvg
糸,mcgi
綮,qicg
麸,fjji
麴,qmey
趑,zlue
豇,jmmk
豉,cmmx
酐,gmjd
酎,zmmi
酏,ymnc
酤,gmmg
酰,xmre
酯,zmen
酾,smkd
酲,cmgj
酴,tmhj
醌,kmnk
醅,pmug
醐,hmmv
醍,tmnm
醑,xmnv
醣,tmuv
醭,bmay
醵,jmfh
鹾,cfym
趸,dkgf
跫,qmgf
趵,bgei
趼,jgjd
跗,fghm
跞,lgei
跏,jgbg
跆,tgxg
跬,kgll
跸,bgkm
跹,xgrv
跽,jgvi
踔,cgfn
踔,cgfm
踟,cgrg
踬,zgtm
踺,jgvx
蹀,dgmf
蹁,pgid
蹼,pgay
蹯,fgwd
躔,cgud
躐,lgcd
躜,zgrd
躞,xgux
貊,mwhn
貅,xwhf
貘,mwan
觖,jevi
觜,zfee
觫,semi
謦,qmuj
霪,ylsw
龀,cfec
龅,bfev
龆,tfbg
龉,yfmg
黾,mgdc
隹,zhuk
隹,chuk
隹,whuk
銎,qmjk
鋈,wsjk
鍪,mxjk
鏊,ajjk
鎏,lsjk
鐾,bvjk
鲅,behx
鲆,peld
鲇,nefg
鲎,hoek
鲎,hoed
鲐,texg
鲒,jelg
鲔,wehv
鲕,eehd
鲚,jeuq
鲞,xyek
鲞,xyed
鲟,xevm
鲡,lekd
鲢,lekv
鲣,jeal
鲥,senm
鲦,teef
鲩,heoj
鲮,lelw
鲰,zemx
鲱,feff
鲳,cenn
鲴,gedm
鲵,neqe
鲶,nehi
鲷,deel
鲺,secq
鲻,zecd
鲼,femd
鲽,demf
鳆,fern
鳇,heqj
鳊,beid
鳋,sexd
鱻,xeee
鱽,debe
鱾,jevc
鲀,tekc
鲃,benc
鲄,hekg
鲄,gekg
鲉,yedk
鲊,zerk
鲌,beqk
鲏,pebx
鲓,kemk
鲖,tedm
鲗,zeda
鲘,hetg
鲝,zyed
鲪,jevg
鲬,yexd
鲯,qemw
鲹,sexh
鲾,bekg
鲿,cesj
鳀,tenm
鳁,wend
鳂,wedk
鳈,qeqs
鳉,jeue
鳑,peuu
鳒,jeyi
鳚,wevm
鳛,xexq
鳠,heah
鳠,heax
鳡,gehi
鳎,tenx
鳐,yewr
鳓,lemb
鳔,bemj
鳕,xelv
鳘,mrek
鳘,mred
鳙,yeuv
鳜,gehy
鳟,zeym
鳢,ledm
鞒,qmrq
鞔,mmed
鞯,jmah
鞣,rmxf
鞲,gmjd
鞴,bmmq
骱,jdhq
骶,ddei
骺,hdtg
髁,kddi
髂,qdoe
髋,kdoa
髌,bdoq
魃,bqhx
餮,thhi
髟,bmte
髹,xmhf
鬏,jmry
麂,juec
麇,juri
麇,quri
黟,ydee
黢,qdxw
黩,ddmo
黪,cdxh
黪,cdxt
鼢,fqwb
鼬,yqdk
鼯,wqmg
鼹,yqno
鼷,xqwc
鼽,qqec
齄,zqfn
鳣,zeud
鳣,seud
鳤,gero
鸤,svek
鸧,chek
鸮,xgek
鸰,lhek
鸻,htek
鸼,ztek
鹍,knek
鹐,qeek
鹮,hdek
鼩,qqeg
鼱,jqjv
捯,duka
摽,bumk
扽,dukc
,
,
,
,
,
,
,
,
,
,
,
