 h的,de
一,hi
是,bl
了,le
不,ww
在,ft
有,fd
个,rs
人,rn
这,il
上,qh
中,os
大,nr
为,df
来,mv
我,pf
到,ht
出,cu
要,an
以,ur
时,bf
和,uo
地,ty
们,ra
得,lb
可,ho
下,hq
对,xf
生,cp
也,ye
子,nz
就,iw
过,fl
能,gd
他,ry
会,rw
多,dd
发,cx
说,is
说,ivor
而,eh
于,hf
自,ei
之,li
用,pv
年,ql
行,lv
家,ak
方,if
后,th
作,rq
成,jz
开,hc
面,ea
事,hox
好,nn
小,wi
心,qi
前,vd
所,aj
道,ve
法,st
如,no
进,cl
着,ke
同,ah
经,yx
分,vj
定,al
都,eb
然,dk
与,hzh
本,mh
还,wl
其,ucv
当,wx
起,lzj
动,wfi
已,zi
两,ul
点,qow
从,rr
问,ao
里,gt
主,dg
实,asn
天,hn
高,io
去,tg
现,ge
长,yc
此,lu
三,hv
将,adf
无,hh
国,ag
全,rg
文,ix
理,gg
明,bd
日,bo
些,luv
看,fe
只,ov
公,vg
等,ut
十,ci
意,iq
正,hl
外,dq
想,meq
间,ab
把,fk
情,qcd
者,eb
没,sj
重,pgt
相,me
那,zf
向,pa
知,jo
因,an
样,mk
学,sa
应,tsh
又,xy
手,fs
但,rb
信,rii
关,vn
使,rh
种,uo
见,er
力,fi
名,do
二,ve
处,lq
门,am
并,vc
口,od
么,pg
先,kr
位,ri
头,sn
回,aok
话,ie
很,lz
再,ha
由,gy
身,es
入,ru
内,ar
第,uj
平,jv
被,ye
给,yr
次,se
别,ofj
几,pp
月,dv
真,ce
立,ih
新,imj
通,zp
少,wp
机,mp
打,fh
水,sv
果,gm
最,be
部,iot
何,rho
安,anv
接,fin
报,fz
声,te
才,fp
体,rmh
今,rz
合,ro
性,qc
西,ax
你,rrwi
你,rt
放,ixp
表,cy
目,emu
加,fo
常,wy
做,rc
己,zj
老,el
四,as
件,rk
解,ejk
路,llo
更,hb
走,lt
比,uu
总,voq
金,jr
管,ua
光,wrv
工,fg
结,yt
提,fbl
任,rgr
东,hw
原,tb
便,rhb
美,kn
及,px
教,en
难,xk
世,czh
至,htu
气,wq
神,qbs
山,ts
数,unx
利,ujd
书,zz
代,rj
直,ceh
色,rkb
场,tzy
变,iwx
记,izj
张,jy
必,qp
受,xa
交,ixv
非,qv
服,dz
化,rub
求,hs
风,wf
度,tcx
太,nd
万,hj
各,lo
算,uec
边,fli
王,gw
什,rci
快,qf
许,iqc
连,ll
五,hu
活,se
思,gq
该,ikh
步,llh
海,sq
指,fub
物,kpy
则,gj
女,nv
或,joh
完,av
马,km
强,jok
言,ii
条,lm
特,kt
命,roz
感,jh
清,scd
带,ca
认,ir
保,rom
望,id
转,lvz
传,rv
儿,re
制,kyj
干,jg
计,ic
民,ni
白,ba
住,rdg
字,anz
它,au
义,dx
车,lc
像,rkx
反,tx
象,kx
题,ble
却,tgz
流,sws
且,dh
即,zzi
深,sam
近,jl
形,hcy
取,exy
往,ldg
系,py
量,bh
论,iru
告,ko
息,eqi
让,iqh
决,sf
未,mw
花,cr
收,zx
满,scu
每,qn
华,ruc
业,wh
南,cak
觉,sae
电,bz
空,af
眼,ezg
听,oj
远,vrl
师,jhy
元,vr
请,icd
容,atv
她,ny
军,alc
士,ti
百,hba
办,fv
语,iho
期,uc
北,uv
林,mm
识,iov
半,vf
夫,nf
客,alo
战,qoj
院,tav
城,tj
候,rsf
单,vgc
音,ib
台,go
死,eu
视,qe
领,rze
失,pn
司,zho
亲,im
始,ngo
极,mpx
双,xx
令,rzd
改,zxp
功,ffi
程,uog
爱,xaf
德,lca
复,qbl
切,hjd
随,tfd
李,mn
员,og
离,ixu
轻,lx
观,xe
青,cd
足,lov
落,cs
叫,oz
根,mz
怎,qq
持,ftf
精,ucd
送,vnl
众,rrr
影,bi
八,vb
首,vei
包,pz
准,sk
兴,sc
红,yf
达,nl
早,bc
尽,eds
故,cox
房,ai
引,js
火,wu
站,iqo
似,rur
找,fj
备,lg
调,iat
断,uzj
设,ijx
格,ml
消,sw
拉,fih
照,bj
布,fy
友,fxy
整,mox
术,md
石,to
展,ech
紧,jxy
据,fec
终,yls
周,ato
式,jf
举,scf
飞,ef
片,ap
虽,okc
易,bp
运,wlv
笑,up
云,wv
建,xl
谈,iww
界,gr
务,lf
写,ahz
钱,jhj
商,iao
乐,pw
推,fkz
注,sd
越,ljz
千,pq
微,lth
若,cfo
约,ypd
英,can
集,kmu
示,qs
呢,oe
待,ltf
坐,rrt
议,idx
乎,pvf
留,pjg
称,urw
品,ooo
志,tqi
黑,bw
存,fn
六,iv
造,kol
低,rn
江,sfg
念,rzq
产,it
刻,kj
节,czi
尔,rwi
吃,oq
势,fpf
依,ryi
图,als
共,cc
曾,va
响,opa
底,tnd
装,aty
具,ec
喜,ioz
严,hwt
九,pj
况,sor
跟,lzg
罗,ad
须,yey
显,bwh
热,fpw
病,eha
证,ihl
刚,axj
治,sgo
绝,yrk
群,xp
市,iy
阳,tbo
确,tej
究,apj
久,rd
除,trm
闻,aee
答,uro
段,xh
官,at
政,hlx
类,un
黄,bv
武,hjl
七,hz
支,xc
费,jjg
父,vx
统,ywr
府,trfc
查,mb
般,lj
斯,ucj
倒,rht
突,akq
号,ohz
树,mxf
拿,rof
克,cor
初,yj
广,ta
奇,nh
愿,tbw
欢,xeq
希,xfy
母,nm
香,ub
破,tep
谁,ik
致,htx
线,yh
急,rxq
古,co
既,zh
句,po
京,iwi
甚,ucz
仍,rzn
晚,bk
争,rxv
游,siq
龙,kl
余,rm
护,fah
另,of
器,ooko
细,yg
木,mu
权,mx
星,bcp
哪,ozf
苦,cco
孩,nkh
试,ijf
朝,cbcd
阿,tho
队,tr
居,eco
害,aco
独,kk
讲,icj
错,jc
局,ezo
男,gf
差,kf
参,gn
社,qt
换,fr
选,krl
止,lh
际,tq
假,rev
汉,sx
够,pdd
诉,ijdi
资,seg
密,aqp
案,anm
史,ox
较,lix
环,gww
投,fjx
静,cdr
宝,agv
专,vzd
修,rsl
室,aht
区,hx
料,uudi
帮,ct
衣,yi
竟,ire
模,mc
脸,dr
善,kvo
兵,jcv
考,ehz
规,ne
联,evn
团,afk
团,afpk
冷,sr
玉,gv
施,iqy
派,sty
纪,yzj
采,xm
历,tfi
顾,tze
春,cdb
责,cg
夜,ird
画,hgu
惊,qiw
银,jz
负,rgb
续,ycz
吗,ok
简,uab
章,ici
左,ff
块,tf
索,cay
酒,su
值,rce
态,ndq
按,fa
陈,thw
河,sh
巴,kb
冲,so
阵,tl
境,tir
助,dfi
角,ej
户,ahu
乱,ez
呼,opv
灵,xw
脚,dt
继,yu
楼,mun
景,biw
怕,qb
停,rih
铁,jpn
异,zc
谢,ief
否,wo
伤,rqf
兰,vh
兰,vv
置,ac
医,hjs
良,dzg
承,zsh
福,qho
科,uud
属,epo
围,ayw
需,we
退,zl
基,uct
右,fov
速,mol
适,elo
药,cyp
怀,qw
击,fu
买,zs
素,cys
背,udv
岁,td
土,tu
忙,qiz
充,wr
排,fqv
价,rrj
质,tcg
遇,gl
端,ite
列,ejd
印,xzi
贵,oqg
疑,ujz
露,wll
哥,hho
杀,xmu
标,mq
招,fjo
血,ex
礼,qzs
弟,vjq
亮,ip
齐,iqv
穿,ae
脑,di
委,unv
州,ss
某,umu
顺,sey
省,wpe
讨,ifc
尚,wa
维,yk
板,mt
散,chd
项,fey
状,akqp
追,tld
笔,ue
副,hog
层,ew
沙,swp
养,kd
读,icz
习,ev
永,ds
草,cb
胡,cod
济,si
执,fpd
察,adx
归,jx
富,aho
座,trr
雨,ws
堂,wt
威,jhn
忽,pyq
苏,cfvb
船,lpo
罪,aqv
敢,fex
妇,nxj
村,mf
著,ceb
食,us
导,zfc
免,kre
温,sbu
莫,cbn
掌,wfs
激,sbi
慢,qba
托,fph
胜,dc
险,trs
寻,xf
守,afc
波,sep
雷,wga
沉,sap
秀,uzn
职,eov
验,krs
靠,koq
楚,mml
略,glo
族,iqj
藏,cjnc
丽,hdd
渐,slj
刘,ij
仅,rx
肯,ld
担,fbh
扬,fzy
盘,lum
唐,txo
钟,jos
级,yp
毛,em
营,caoo
坚,jxt
松,mv
皮,ep
供,rcc
店,tqo
饭,utx
范,csz
哈,oro
赶,ljg
吧,okb
雪,wxj
斗,udu
效,ixx
临,jub
农,ayi
味,omw
恶,hwq
烟,wan
园,avr
烈,ejw
配,uz
杂,pm
短,ju
卫,zhi
跳,lrs
孙,nw
曲,ia
封,ttf
抓,fx
移,udd
顿,hce
律,lxv
卖,cz
艺,czy
旧,sb
朋,ddv
救,hsd
防,tif
脱,dvo
翻,xge
划,jj
迎,pzl
痛,ezp
校,mi
窗,aa
宣,ahb
乡,yxv
杨,mzy
叶,oc
警,cpxi
限,tz
湖,sco
软,le
掉,fq
财,gfp
词,izh
压,ttd
挥,fal
超,ljo
屋,eht
秋,uwu
跑,lp
忘,iqi
馆,uat
暗,bib
班,gjg
党,wre
宗,aqs
坏,tw
技,fxc
困,amk
困,amuk
登,lud
姐,ndh
预,ze
耳,ee
席,tcy
梦,mmd
朱,pmw
组,yd
旁,iai
份,rvj
禁,mmq
套,nyc
亚,hwh
益,sum
探,fam
康,txs
增,tva
诗,itf
戏,xjg
伯,rba
晓,bjh
含,rzo
劳,caf
恩,anq
顶,he
君,xpo
庄,tt
谓,igd
付,rf
田,ga
毕,uuc
纸,yn
研,thc
虚,kwh
怪,qx
宁,ahd
替,nnb
犯,kz
灯,whd
优,rhy
您,rrw
姓,nc
例,rej
丝,yy
盖,kum
误,ioh
架,fom
幸,tky
隐,trx
股,dj
毒,cn
娘,ndz
占,qo
智,job
佛,rjj
床,tm
米,ui
凡,pd
介,rjn
征,lhl
彩,xmy
演,sah
射,efc
祖,qd
欲,teq
束,mo
获,ck
舞,qch
圣,xt
伙,rwu
梅,mqn
普,vw
借,rch
私,ug
源,stb
镇,jce
睡,epc
缓,yxh
升,pc
纳,yar
织,yov
歌,hhe
宫,aoo
概,mzh
野,gtz
醒,ubc
夏,hel
互,hk
积,uov
街,ltt
牌,abp
休,rmu
摇,fxu
洋,sky
败,gx
监,juu
骨,eg
批,fuu
兄,or
刀,jd
网,axx
率,iys
庭,tgl
熟,inp
创,rzj
访,iif
硬,thb
仁,rve
菜,cxm
丁,hd
绿,yks
牛,ku
避,eou
阴,tdv
拍,fb
雄,fgk
秘,uqp
缺,uf
卷,vnz
姑,nco
尼,eub
油,sg
恐,fpq
玩,gvr
释,xxf
遍,ail
握,feh
球,gh
降,tll
虑,kqi
荣,cam
策,uma
肉,err
妈,nk
迷,uli
检,mr
伸,rbs
欧,hxe
攻,fxp
练,yhw
育,wd
危,rtz
厅,thd
啊,ot
睛,ecd
摆,fat
茶,crm
勇,zpf
判,vfj
材,mfp
抱,fpz
亦,iwu
妻,hxn
吸,opx
喝,ob
趣,lex
嘴,ol
逐,kls
操,foo
午,qci
吉,toi
浪,sdz
轮,lru
默,bkq
毫,iem
冰,ssv
珠,gpm
鼓,ixc
阶,trj
孔,nzz
徐,lrm
固,acok
偏,rai
陆,tfu
诸,ieb
遗,oqgl
爷,vxz
述,mdl
帝,iay
闭,afp
补,yq
编,ya
巨,hzk
透,uzl
弄,gc
尤,hy
鲁,kbo
拥,fpv
录,ks
吴,ohn
墙,ttv
货,rug
弱,jsj
敌,exp
挑,frs
宽,ace
迹,iwl
抽,fgy
忍,jdq
折,fjn
输,lr
稳,urx
皇,bgw
桌,qbm
献,cakk
蒙,cahk
纷,yv
麻,ym
洗,skr
评,ijv
挂,ftt
童,igt
尊,vu
舍,reo
唯,okz
博,ch
剧,ecoj
乃,zn
混,sbuu
弹,jvg
附,trf
迟,edl
敬,cpx
杯,mww
鱼,kv
控,faf
塞,acct
剑,rsh
厚,tbn
佳,rtt
测,sgj
训,isp
牙,eya
洞,saho
淡,sww
盛,jzu
县,dgs
芳,cif
雅,ekz
革,yge
款,tqe
横,mbv
累,gys
择,fxf
乘,uuv
刺,ma
载,cjl
猛,knu
逃,rss
构,mpg
赵,lxt
杜,mtu
庆,tn
途,rml
奔,ncc
虎,kh
巧,fhz
抗,fip
针,jci
徒,llt
圆,aog
闪,arn
谷,tv
绍,yjo
聚,exps
额,aloe
健,rxl
诚,ijz
鲜,kky
泪,sem
闲,amum
均,tp
序,tzv
震,whc
仿,rif
缘,ykk
戴,cjgc
婚,nnbo
篇,uai
亡,iz
奶,nzn
忠,osq
烦,wey
赛,accg
闹,aiy
协,cfv
杰,mwu
残,ehj
懂,qcp
丹,da
柳,mpzi
妹,nmw
映,ban
桥,mpnj
叹,oxy
愈,rdjq
旅,iqyi
授,fxax
享,in
暴,bccs
偷,rrdj
蓝,cju
氏,ns
寒,accs
宜,adh
弃,wc
丰,cf
延,pll
辈,qlc
抢,frz
颜,itye
赞,krk
典,icv
冒,bem
眉,eems
烧,wj
厂,tc
唱,obb
径,lxf
库,tlc
川,sp
辞,eux
伴,rvf
怒,nxq
型,hcj
纯,yhc
贝,gb
票,aq
隔,tul
穷,afi
拜,ffs
审,abs
伦,rru
悲,qqi
柔,jmu
启,aoh
减,sjh
页,ey
纵,yrr
扫,fxj
伟,ryw
迫,bl
振,fhc
瑞,gteh
丈,hxi
梁,sjv
洲,sss
枪,mrz
央,anr
触,ek
予,zv
孤,nug
缩,yarh
洛,slo
损,fog
促,rlo
番,xg
罢,atg
宋,amu
奋,nga
销,jw
幕,cbny
犹,khy
锁,jwg
珍,gry
抬,fgo
陪,tio
妙,nwp
摸,fcb
峰,tlcf
劲,xff
镜,ji
沈,sar
夺,nfc
昨,bq
哭,ook
讯,izc
貌,kbr
谋,ium
泰,cds
侧,rgj
贫,vjg
扶,fnf
阻,tdh
贴,gqo
申,bs
岸,ttj
彼,lep
赏,wgb
版,atx
抵,fnd
泽,sxf
插,fpu
迅,zcl
凭,rgp
伊,rxp
潮,scb
咱,oei
仙,rts
符,urf
宇,ahf
肩,adv
尝,ww
递,vjql
燕,couw
洁,sto
拒,fhzs
郎,dzt
凝,suj
净,srx
遭,hi
仪,rdx
薄,cshf
卡,qh
末,hm
勒,yfig
乌,kw
森,mmm
诺,icfo
呀,oey
壮,ati
忧,qhy
沿,spo
惯,qng
丢,pt
季,unz
企,rl
壁,eout
惜,qchb
婆,sen
袋,rjy
朗,dzd
零,wrz
辛,ux
忆,qzy
努,nxf
舒,rez
枝,mxc
凤,pxy
灭,hwu
韩,cbcy
胆,db
灰,fw
旦,bhi
孟,nu
陷,tru
俗,rtv
绕,yjh
疾,ejs
瞧,ekw
洪,scc
甲,gs
帐,yyc
糊,ucod
泛,spl
皆,uub
碰,tvw
吹,oeq
码,tk
奉,cdf
箱,ume
倾,rue
胸,dpx
堆,tkz
狂,kgw
仲,ros
圈,avn
冬,ls
餐,exu
厉,thj
腿,dzl
尖,wn
括,feo
佩,rph
鬼,qg
欣,je
垂,pct
跃,lpn
港,sccz
骗,ka
融,uk
撞,fig
塔,tcr
紫,luy
荡,cszy
敏,qnx
郑,vnt
赖,mor
滑,segv
允,gre
鸟,ki
课,igm
暂,ljb
瓦,uw
祥,qk
染,spm
滚,syv
浮,sxn
粗,udh
刑,hcjd
辆,lul
狗,kp
扑,fqb
稍,uwd
秦,cdu
扎,fzs
魂,wqg
岛,kts
腾,dvnk
臣,ncv
琴,ggrz
悉,xq
络,ylo
摩,yfs
措,fch
域,tjo
冠,avrf
竹,uzu
殊,epmw
豪,iks
呆,om
萨,cti
旋,iql
喊,ojh
寄,anh
悄,qwd
倍,rio
祝,qor
剩,uuj
督,qhwx
旗,iqu
返,txl
召,jod
彻,lhjd
宾,ajc
甘,uga
吐,otu
乔,pnj
腰,dan
拔,ffx
幅,yho
违,yl
详,iky
臂,eoud
尺,ed
饮,ueq
颗,gme
涉,sll
逼,hogl
竞,ior
培,tiou
惠,hbg
亏,vz
叔,qhw
伏,rkq
唤,ora
鸡,xki
邻,rzt
池,sy
怨,dzq
奥,pau
侯,rfj
骑,knh
漫,sbax
拖,fqy
俊,rgv
尾,eem
恨,qz
贯,ngb
凌,stvl
兼,vxw
询,ipb
碎,tirr
晨,bhc
罚,aij
铺,jhp
浓,say
伍,rhu
宿,arh
泉,bsv
井,cj
繁,qnxy
粉,uvj
绪,yeb
筑,ufp
恢,qfw
匹,hre
尘,wtu
辉,wal
魔,yqg
仰,rpz
董,cpg
描,fcg
距,lhf
盗,seu
渡,stc
勤,coc
劝,xfi
莲,cll
坦,tbhi
搭,fcr
挺,fgl
踪,la
幽,ty
截,cjk
荒,cisp
恰,qro
慧,ccxq
邦,cte
颇,eey
焦,kwu
醉,uir
废,tcxd
掩,fnb
签,urs
丧,tvyi
灾,aw
鼻,ebi
侵,rxa
陶,tpu
肃,xjvb
裁,cjy
俱,recv
磨,yto
析,mj
奖,adn
匆,pyd
瓶,vcu
泥,seub
拾,fro
凉,siw
麦,um
钢,ja
涌,szpv
潜,snn
隆,tlhc
津,sxv
搞,fio
蛋,lk
奈,nqs
扰,fhy
耐,efch
傅,rhf
锦,jb
播,fxg
墨,bt
偶,rgl
捕,fhp
惑,johq
飘,aqw
屈,ecu
鸣,oki
挤,fiq
毁,ufj
斜,rmud
啦,ofi
污,svz
赤,twu
慰,eqfq
饰,uq
锋,jlc
覆,alqb
汤,szy
寿,cfc
跨,ln
羊,ky
航,lip
拳,vnfs
盟,bdu
廷,glr
卢,qes
吓,ohq
寂,aqhw
荷,crh
亭,ihdo
曼,baxy
吕,oo
寸,fc
衡,lkv
狠,kzg
郭,int
奏,cdh
割,acoj
阁,alom
汗,sjg
箭,uvdj
埋,tgt
拨,fcx
频,lley
屏,evc
坡,tepu
宏,afg
黎,ujrs
猜,kcd
莱,cmv
障,tic
患,oosq
牢,aku
搜,fus
贤,jxg
贺,fogb
迁,pl
欺,uce
裂,ejy
鞋,ytt
抚,fhh
骂,ookm
乏,pli
拼,fvc
俄,rpf
阔,ase
碍,tbh
搬,flj
夹,nvb
遥,xul
牵,naku
驾,fok
爸,vxk
踏,lsb
添,shn
袭,kyi
扣,fos
艾,cxv
邓,xte
凶,xu
殿,ecc
订,ihd
昏,nb
肚,dtu
汇,shk
驱,khx
核,mkh
桑,xxx
孝,enz
棋,muc
咬,oix
疏,lws
邀,bixl
仔,rnz
巡,sl
嘉,ifo
册,ice
仇,rpj
串,oos
粮,udz
龄,erz
宅,aph
扭,fzt
嫁,nak
苍,crz
戒,jcg
贾,agb
崇,taq
翠,eir
岳,jht
虫,kc
椅,mnh
暖,bx
曹,hib
慕,cbnq
湾,siwj
弯,iwj
捉,flo
涛,scfc
柱,mdg
纠,yzs
邪,ete
译,ixf
刊,jjd
朵,pmu
浩,sko
翼,egcc
吟,orz
闷,aqi
幼,yfi
昌,bb
羽,evv
吾,hou
柏,mba
植,mce
哀,yo
惨,qgn
辩,uiu
肥,dkb
怜,qrz
傲,rcj
润,sag
扇,aev
聪,evo
聊,epz
纤,ypq
鉴,jujr
吞,hno
估,rco
赫,twtw
堪,tuc
陵,ttvl
趋,lrx
牧,kxp
漂,saq
盈,zxu
摄,fexx
欠,eq
扩,ft
览,jue
誉,scii
姿,senv
霞,wev
艳,crk
岂,tzj
尸,esi
阅,avo
幻,yz
庞,tkl
稀,uxf
勃,canf
抖,fud
疯,ewf
御,lqh
疗,ele
爬,xkb
籍,uuch
敲,ixpo
愁,uwq
浅,shj
愤,qcc
魏,unq
钻,jq
冯,skm
袖,ygy
悦,qvo
栏,mvh
柜,mhz
涂,srm
饱,upz
揭,fbp
迈,hjli
卿,pzz
俩,rul
躲,epm
坛,twv
岩,tto
勾,pgs
伪,rdf
购,gpg
汪,sgw
韦,yw
雾,wlf
曰,bov
庙,tgy
贡,fgb
租,ud
呈,ogw
媒,num
艰,xzg
嫌,nvx
窝,aoa
矛,jm
葛,cbp
循,ltc
旨,ubo
忌,zq
燃,wdk
豆,udo
呵,oh
挖,faz
恋,iwq
娜,nzf
驻,kdg
跌,lpnf
捷,fhxl
桃,mrs
赴,lqb
诱,iuz
仆,rqb
昂,bpz
夕,dxi
甜,eug
昭,bjo
厌,tkq
摘,fia
耶,et
唇,hoc
劫,tgf
爆,wbc
援,fxh
姜,knn
稿,uio
蒂,cia
辨,uju
丑,zt
擦,fad
桂,mtt
梯,mvj
炮,wpz
瓜,ugu
腐,trfe
铜,jah
瘦,eus
惟,qkz
遵,vuf
慌,qcis
赌,geb
丛,rrh
挡,fwx
税,uvo
烂,wvh
盒,rou
霸,wyd
逢,lcl
牲,kcp
悟,qhoi
撑,fwf
拟,fur
扮,fvj
酸,ugv
卓,qbc
漠,scbn
凯,tzp
羞,kzt
署,aeb
刷,eyj
廉,tvx
炸,wqq
熊,gdu
偿,rww
汽,swq
弥,jrw
绩,ycg
萧,cxj
剪,vdj
盾,tcem
宴,abn
售,koz
亿,rzy
帽,ybe
痴,ejo
沟,spg
恼,qix
斤,jn
寺,tfc
辑,loe
仓,rzi
湿,sbw
贪,rzg
滴,sia
赢,iodg
疼,els
痕,ezgb
缝,ylc
慈,vy
役,ljx
悔,qqn
殷,ejx
赋,ghj
喷,occ
伐,rjg
漏,sew
蛇,kau
堡,romt
鼠,ksu
脉,dds
撤,fwd
慎,qce
妨,nif
玄,iya
债,rcg
扯,flh
耀,wek
祸,qoa
逸,klt
穆,ubw
炼,whw
炉,wah
腹,dqb
戈,jge
液,sir
抑,fpzi
挣,frx
舟,lzvv
悬,dgq
励,thjf
筹,ucf
晶,bbb
叙,rmx
迪,gly
卧,nq
键,jxl
碗,tad
鸿,sfk
芝,cli
浑,salc
拦,fvh
缠,ytg
铃,jrzd
拆,fjd
恒,qhb
昆,bu
爹,vxd
卜,qbu
嘛,oy
耗,uem
碧,gbt
脏,dtt
猫,kcg
悠,rsx
霍,wk
霜,wme
抛,fpfi
谨,icoc
轰,lxx
苗,cga
轿,lpnj
奴,nx
岭,trz
邮,gte
绳,ykm
逆,vcl
茫,csiz
躺,ewa
翁,vge
撒,fchd
鹰,trkk
畅,bsz
纹,yix
崔,tkzs
抹,fhm
晴,bcd
娇,npn
吻,opy
绘,yrw
披,fep
吊,oyj
狱,kik
芬,cv
敦,inx
劣,wpfi
溪,sxy
惧,qec
辱,hfc
昔,chb
践,lhj
辰,hcv
填,tce
晋,hwb
雕,atok
郁,fdt
赐,gbp
矩,jhz
冤,akt
猪,ke
狼,kdz
菲,cq
勉,krf
叉,xd
跪,lrt
矣,gjs
滋,svy
础,tcu
姆,nnm
兆,rssb
颈,xfe
衫,yyi
捧,fcd
贼,gjf
睁,erx
闯,akm
骤,kex
毅,ikj
笼,ukl
丘,jhi
妥,xn
衰,yoh
锐,jvo
歇,bpr
凑,scdh
棉,mby
柴,lumu
韵,ips
胞,dpz
墓,cbnt
巾,yjv
遂,vk
恭,ccqi
炎,wwu
贞,qgb
誓,fji
催,rtk
胁,dfv
档,mwx
甫,hp
玲,grz
虹,kfg
棒,mcd
驰,kye
哲,fjos
叠,xxxa
傻,revl
璃,gix
鞭,yrh
鹏,ddk
押,fgs
翔,kev
址,tlh
贸,pjgb
岗,tax
肠,dzy
廊,tdzt
胖,dvf
盼,evj
疲,eep
驶,kox
舌,eo
泄,scz
齿,eci
戚,jqh
湘,sme
臭,ekq
仗,rhx
晃,bwr
蝶,kcz
蓬,clcl
谦,ivx
饿,upf
衷,yos
萍,csj
涨,sjy
葬,ceu
币,pyj
吵,ow
潘,sxga
遮,tcw
拓,fto
猎,kch
储,rie
渴,sbp
逝,fjl
彭,iyz
惹,cfoq
袁,toy
颤,ibhe
脆,drt
娃,nt
瞬,exa
肤,dn
嫂,nus
洒,sax
侍,rtf
履,elq
挨,fgjs
淑,sqh
厨,tuf
兽,vgho
薛,ctux
旺,bg
钦,jeq
鹤,akk
婉,nad
械,mjc
削,wdj
喘,ote
窃,ahj
愧,qqg
铭,jdo
裕,ytv
帅,jyj
宰,aux
杭,mip
纱,ywp
埃,tgj
朴,mqb
酷,uko
绣,yuz
遣,oqt
赠,gva
谊,iad
耕,ucjl
函,zsu
掘,fecu
链,jll
豫,zk
赔,gi
灌,scoo
斥,jdn
诊,iry
皱,rxe
畏,ghy
溜,spj
夸,nvz
携,fkzn
琳,gmm
粒,uih
愚,glq
届,egy
穴,avv
玻,gep
渊,spus
筋,udf
辅,lhp
辽,lle
帕,yb
摊,fxk
裹,ygmu
喂,oghy
吁,ohf
屠,eeb
疆,jt
盆,vju
氛,wvj
玛,gkm
综,yaqs
症,ehl
弗,jjgv
辟,eoux
峡,tnvb
郊,ixt
蔡,cdx
拐,fof
筒,uah
挽,fkr
棵,mgm
糟,uhi
攀,mxm
菊,cpu
砍,teqo
裤,ytl
眠,eni
杆,mjg
蓄,ciy
绑,yct
涵,szsu
绵,yby
哑,ohw
渔,skv
钥,jdv
寡,aej
谅,iiw
慨,qzh
冻,shwi
狐,kugq
轨,lpj
爵,xaz
拘,fpo
懒,qm
枚,mxp
牺,kax
煌,wbg
奸,nj
碑,tbp
祭,dxq
媚,nee
剥,ksj
锅,joa
泼,scx
腔,daf
妖,np
乞,qzyv
姚,nr
歪,whl
乙,zi
乙,zyi
芒,ciz
舅,ugf
扔,fzn
枯,mco
饶,ujh
哩,ogtu
爽,nxx
柯,mho
趁,lry
谱,ivw
契,cjnr
弦,jiy
掠,fiw
汝,snv
寨,accm
盐,tqu
帘,ayj
翰,cbcr
焰,wru
儒,rwe
愉,qrd
肖,wdv
尉,eqf
裙,yxp
桶,mzp
侠,rnv
盯,ehd
讶,iey
诞,ipl
隶,xs
勿,pyk
抄,fwp
姊,njq
矿,tta
袍,ypz
泡,spz
踢,lbp
倚,rnh
泊,sba
咽,oanr
罩,aqb
哦,op
琼,giw
乳,xnz
倘,rwa
膀,dia
堵,teb
嚷,oyo
尹,xpj
荐,cfnz
囊,hos
竭,ibp
矢,jsi
酬,uss
瞪,elu
焉,hlh
淮,skz
塑,vcdt
乾,cbcq
畜,iyg
刹,xmj
顽,vrey
磁,tvy
蔽,cyx
颖,uue
卑,bpci
骄,kpn
兹,vyya
泣,sih
脊,ssr
淫,sxg
聘,egh
蜜,aqpk
惩,lhlq
堤,tbl
骆,klo
茂,cjp
肌,dp
锡,jbp
僧,rva
耻,elh
徽,lthy
煤,wum
姻,nan
蒋,cadf
颠,cec
晕,bal
陌,thba
躯,ehx
鼎,uaa
逻,adl
赚,gvx
蜂,klc
膝,dm
钉,jhd
衍,lsv
寓,agl
竖,jxi
蓉,cat
蛮,iwk
溢,ssu
沾,sqo
盲,iemz
雇,akz
哼,oil
摔,fiy
滨,sajc
钩,jpg
驳,kxx
逊,nwl
烛,wkc
歉,vxwe
衬,yfc
晰,bmj
妮,neu
夷,njg
嫩,nmo
宪,akr
灿,wts
糖,utxo
瑰,gqg
肿,dos
滩,sxk
峻,tgv
哄,occv
咐,orf
篮,ujuu
嘱,oep
嘲,ocb
瑟,ggq
狮,kjh
栽,cjmu
轩,ljgc
诈,iqq
耸,rre
狭,knv
姨,nnj
茅,cjm
苹,cjv
雁,trk
趟,lw
谭,iab
浙,sfj
巷,ccz
砖,tvz
啼,oia
弓,jgv
棺,mat
饼,uvc
佐,rff
斑,gig
掏,fpuf
掀,fje
魅,qmw
腊,dch
浴,stv
僵,rhg
娶,exnv
纽,yzt
妆,anvp
俯,rtrf
浦,shp
侦,rqg
庸,txp
贩,gtx
捐,fod
挪,fzf
胎,dgo
丫,vs
歹,edv
帆,ypdj
亩,iga
饥,upp
漆,smr
鹿,klu
硕,tey
秒,uwp
渠,shz
滞,scay
榜,mia
拂,fjj
嘿,obw
倦,rvn
咳,okh
凄,shx
钓,jpd
舱,lrz
株,mpm
搁,falo
贱,ghjg
哉,cjoi
喉,orfj
稽,uhu
喻,ord
坊,tifu
券,vnj
藤,cdv
澄,slu
媳,neq
柄,mha
秩,upn
憾,qjh
矮,jun
壳,tap
窄,aqq
脾,dbp
衔,ljr
暮,cbnb
框,mhg
熙,nzw
肝,djg
钧,jps
贷,rjgb
乖,pu
躬,ejg
壶,taw
珊,gic
淋,smm
匙,blu
荆,chc
隙,twb
旬,pb
桩,mttu
搏,fhf
宛,adz
瞒,ecul
狄,kwuq
魄,bqg
琪,gu
枕,mar
吼,onz
刮,ejdo
晌,bpa
叛,vft
崖,tttt
卸,qhl
梳,mws
歧,lxc
嘻,oio
娱,noh
拱,fcc
伺,rzh
旭,pbo
猴,krfj
杏,mou
账,gyc
崩,tdd
宠,akl
怔,qhlh
啸,oxj
胀,dy
睹,eebo
妄,inv
禄,qks
怖,qfy
辣,umo
擅,fib
辜,cou
邵,jot
汁,sci
斋,ieh
婴,ggn
荫,ctd
胶,dix
蕴,cyb
淘,spu
芙,cnf
罕,ajg
肆,yxvc
浸,sxa
鲍,kpz
坑,tip
莉,cuj
冈,axv
腕,dad
佑,rfo
坟,tix
棍,mbuu
棚,mdd
迭,pnl
莎,csw
捆,famu
兮,vhz
喧,oahb
塌,tbe
惶,qbg
脖,dca
坠,trt
尧,jhr
敛,rshx
绸,yato
栋,mhw
顷,uey
耍,env
厢,tme
殖,eceh
嵌,tue
寞,acb
骚,kxd
雀,wkz
哨,owd
滥,sjuu
芦,cah
姬,nnc
孕,znz
劈,eouj
恳,zqi
斩,ljn
靖,icdv
愣,qa
咸,jho
厦,thel
簇,uiqj
刃,jdd
卒,irr
笨,umh
眸,egk
匪,hqv
捏,fbt
逗,uld
涯,sttt
枉,mg
裸,ygm
邱,jhte
炭,tfwu
笛,ugy
弊,yxc
噪,oooo
耿,ewu
剂,ijdq
哟,oyp
敞,wxp
彬,mmy
裴,qy
彦,ity
屡,eun
弘,jgsg
兔,ktu
匠,hjn
麟,kulv
恍,qwr
垫,fptu
耽,ear
玫,gxp
魁,qu
薪,cimj
粘,uqo
舆,xlc
诵,izp
溃,soqg
巫,frr
冶,sgob
簿,ushf
蹈,lxu
纲,yax
烁,wpw
躁,looo
咖,ofo
杖,mhx
栗,amux
喃,oca
塘,ttxo
糕,ukw
啡,oqv
蹲,lvu
鸭,gk
旱,bjg
颂,vgey
禅,qvg
俺,rnb
擎,cpxf
脂,du
犬,kq
桐,mah
颊,nve
叮,ohd
剖,ioj
谎,icis
胃,gd
阮,tvr
祈,qj
勋,ogf
侄,rhtu
稚,ukz
枫,mwf
煞,rxx
聂,exx
禽,rixu
讽,iwf
哗,oru
拢,fkl
缚,yhf
挫,frrt
眷,vne
丸,pdv
栈,mhj
俏,rwd
宙,agy
斌,ihj
襟,ymmq
寇,avrx
畔,gvf
陡,tlt
肢,dxc
坎,tequ
恕,noq
唉,ogj
倡,rbb
蚀,ukc
傍,riai
罐,ucoo
稻,uxu
薇,clt
砸,thy
谐,iuu
郝,twt
暑,beb
羡,kse
豹,kpd
潭,sabc
桓,mhb
蒸,czsh
阎,aru
窜,aoos
莹,cag
莹,cagv
樊,mxmn
琐,gwg
碌,tks
奠,vun
泳,sds
掷,fvn
甩,pzv
澳,spa
撕,fuc
辖,laco
虞,kohn
妓,nxc
钞,jwp
呜,okw
肺,dhy
缴,ybi
暇,bev
疫,ejxb
鸦,eki
沧,srz
篷,ulc
倪,rure
昧,bm
渗,sgn
妒,nah
坤,tbs
谣,ixuf
秃,upph
僻,reou
瞎,eac
苑,cdzi
淹,snbz
朽,mhzu
旷,bta
哇,ott
瓣,uuu
瑶,gxu
祷,qcf
粹,uirr
黛,rjb
溶,satv
缕,yun
邹,rxt
烤,wehz
俞,rdj
昼,edb
翅,xev
蕾,cwg
屁,euu
冥,abi
钮,jztu
茵,canr
帖,yqo
乍,qqv
捞,fca
焕,wran
逾,rdjl
颁,vje
瓷,seuw
凛,siqs
幢,yigt
咒,oop
缀,yxx
晤,bho
郡,xpot
匀,ps
铸,jcf
苟,cpo
扁,aic
垒,gggt
兜,bpf
撰,fzz
廓,tint
敷,hix
爪,xz
譬,eoui
懈,qej
窟,aec
吩,ovj
沃,spn
菱,ctv
窥,ane
逛,kgl
斧,vxj
逮,xsl
潇,scxj
馨,tejub
娟,nod
梨,ujm
沛,shy
焚,mmw
怡,qgo
陋,tha
啥,ore
龟,kg
蠢,cdbk
棠,wm
删,ijd
绒,yjf
浆,ads
叩,ozi
沸,sjj
缅,yea
厄,tzi
甸,pga
揽,fju
妃,nzj
咏,od
驼,kaub
猿,ktoy
葡,cph
绞,yixs
巢,sgm
瞻,ertv
踩,lxm
仑,rubn
陕,tnv
嗓,oxx
陀,tau
咕,oco
裳,wyi
鄙,ocao
圾,tpx
膜,dcbn
灼,wpd
婿,nld
巍,tunq
龚,kcc
怯,qtg
瞥,yxe
秽,utd
囚,arnk
霄,wwd
绅,ybs
袱,yrkq
舜,xal
腻,djv
蜡,kchb
屑,ewd
盏,hju
撇,fyx
轴,lgy
鹅,pf
侮,rqn
磊,ttt
岚,twf
晒,bax
骇,kkh
摧,ftk
煮,ebw
樱,mgg
绮,ynh
艇,lgl
呐,oar
翩,aie
禹,pol
挟,fnv
萝,cad
涩,sjd
伞,rvc
牟,gku
滔,sxu
沫,shm
兑,vor
匿,hcf
纺,yif
萄,cpuf
廖,tery
舰,ler
揉,fjm
喇,omoj
蹄,lia
搅,fsa
炒,wwp
膏,idv
芽,cey
寝,aax
吏,hoxi
烫,sz
彰,icy
冀,ugcc
洽,sro
侣,roo
鞍,yanv
夭,pnr
厮,tucj
藉,cuc
诡,irt
雍,iyk
镶,jyo
捡,frsh
蔬,clw
诀,ifr
磕,ttgu
蒲,csh
凳,lup
俘,rxn
襄,yoo
驴,kah
佣,rpv
勘,uczf
冉,atu
兢,corc
尿,esv
捣,fkt
嘶,ouc
亨,il
曙,bae
哎,ocx
诧,iap
晖,balc
岔,vjt
酿,udzg
嫉,nej
侨,rpn
剔,bpy
湛,sucz
宵,awd
蚁,kdx
熬,cjxw
燥,woo
擒,fri
毯,eww
吨,ohc
膊,dhf
搂,fun
斐,qixv
胳,dlo
槽,mhi
碟,tcz
榻,mbe
眨,epl
贿,gfd
奢,neb
垃,tih
讼,ivg
闺,att
砂,twp
灶,wtuu
栖,max
壤,tyoo
狡,kixq
仕,rti
姥,nel
螺,kgy
挠,fjh
絮,noy
缆,yju
豁,acot
邢,hct
叭,ovb
拙,fcu
淳,sinz
凸,shszh
厕,tgjd
缎,yxhj
铅,jpo
寥,aery
挚,fpfs
倩,rcd
愕,qoo
奎,ntt
澜,sama
堕,tfdt
浇,sjhr
艘,lusx
斟,uczu
枣,mas
觅,xer
蜀,apk
虐,kxj
婶,nab
咨,seo
拣,fhw
贬,gpl
屯,hci
戳,ekj
秉,uxj
鞠,ypu
悼,qqbc
枢,mhxu
莺,caki
蔓,cba
娥,npf
毋,nwu
俭,rrsh
萌,cbd
莽,ckcg
沁,sqi
梧,mhom
沐,sm
朔,vcd
膛,dwt
酱,adu
熏,pbw
狸,kgt
惭,qlj
丙,har
浊,skc
琢,gkd
揪,fuw
凹,szs
叨,ojd
嚼,oxa
霖,wmm
扳,ftx
刁,zhiv
凰,pbg
阐,avg
伶,rrz
棘,mam
憎,qva
讳,iyw
祁,qte
聋,kee
蔚,ceqf
雯,wix
遏,bprl
遏,bprzl
巩,fpdg
尬,hrj
芸,cw
砌,thjd
尴,hjuu
镖,jaq
扛,ffg
澡,soo
蓦,cbnk
绰,yqb
庐,tah
窍,afh
於,irs
琦,gnho
瘫,exk
牡,ktuu
梭,mgv
滕,dvns
帜,yovb
嚣,ooe
痒,eky
菩,cio
彤,dya
孜,nxp
弧,jug
蝉,kvg
黯,bio
矫,jpnj
瞄,ecg
谬,ier
抒,fzv
徊,lao
馈,uoq
呕,ohx
梢,mwd
丐,hqz
绢,yod
喀,oalo
稼,uak
揣,fte
卵,elv
骏,kgv
锤,jpc
衙,lho
坪,tjv
锻,jxh
缉,yoe
菌,cau
沦,sru
裔,yao
毙,uueu
炯,wao
浏,sij
肘,dfc
芯,cqi
晏,banv
纬,yyw
醋,uch
锣,jad
梗,mhbx
谜,iul
霉,wqn
邑,tyi
粪,ucc
迄,qzl
慷,qtx
贮,gah
槐,mqg
坝,tgb
殆,ego
孰,inpd
庶,tcwu
蚊,kix
拷,fehz
鸽,rok
琛,gam
缸,ufg
渺,sewp
竿,ujg
咧,oejd
詹,rtvi
瀑,sbc
徘,lqv
汹,sxuv
撼,fjho
漓,sixu
嘘,okwh
翘,jhre
楞,mai
呻,obs
栅,mic
蚕,hnk
兀,hrei
瑜,grdj
腥,dbc
烘,wccv
膨,diy
裘,hsdy
窘,axpo
葱,cpyd
彪,kyh
驭,kxy
绽,yal
奕,iwn
侃,rosp
妾,invh
嘎,ohej
酌,upd
阀,arjg
孽,ctun
笃,ukm
庚,txr
袜,yhm
炕,wipp
嗯,oa
铲,jit
泻,sahz
陛,tuut
柬,mavb
皓,bko
朦,dcah
韶,ijob
攒,fkrk
窦,acz
赦,twx
槛,mjuu
杠,mfg
炽,wov
辙,lwdx
奚,xyn
缪,yery
禀,iqs
憋,yxq
筝,urxv
赃,gtt
肇,axxv
溯,svcd
萎,cun
煎,vdjw
窑,auf
汲,spxv
匣,hgs
咎,lqo
茨,cseq
藩,csxg
叱,oub
忿,vjqi
颓,upe
眶,ehg
跋,lfxd
诫,ijcg
僚,rnvb
讥,ippi
凿,wku
粥,juj
胧,dkl
趴,lvb
葫,ccod
熄,weq
蝴,kcod
檐,mrtv
蔑,cajd
辫,uyu
崭,tlj
炳,whar
帷,ykz
绊,yvf
逞,ogl
饲,uzh
拭,fjfg
敖,cjx
璇,giq
匡,hgw
婷,nih
啤,obp
悍,qbj
虾,khq
蝇,kkm
圭,ttu
绎,yxf
闸,ags
虔,kixh
蛛,kpm
杉,my
蛙,ktt
溅,sghj
倏,rslk
瞅,euw
靡,yqv
蚂,kkmcm
懊,qpau
樵,mkw
墅,gtzt
咯,olo
拧,fahd
筛,ujhy
芭,ckb
眯,eui
炬,whz
皂,bhz
募,cbnf
橡,mkx
戎,jfg
嗣,oizh
筷,uqfr
厘,tgtu
璧,eoug
忖,qfc
婪,mmn
唬,okhv
嗽,omo
嗅,oek
棱,mtvl
楷,muub
迸,vclh
轧,lzc
睦,etv
涕,svjq
蟹,ejkk
卦,ttqb
拯,fzsh
瘾,etr
瞩,eepo
疮,erzi
惕,qbp
扒,fvb
汰,snd
冗,app
蒜,cqq
椒,mqhw
娄,unvi
庵,tnbz
峨,tpf
札,mzu
祠,qzho
锭,jal
淌,swa
绷,ydd
髓,eff
怠,goq
霓,wur
擂,fwg
漾,skds
雏,rxk
禾,uh
骸,ekhg
苛,cho
靴,yru
炜,wyw
哺,ohp
涧,sabo
渝,srdj
蕊,cqqq
亟,loxh
鳞,kul
匈,pxuk
眺,erss
辐,lhog
赎,gczs
锥,jk
肴,xfdv
锯,jeco
畴,gcf
恬,qeo
诬,ifrr
窒,ahtu
芜,chhy
粟,aui
棕,maq
蹦,ltdd
沼,sjo
砚,ter
嘟,oebt
虏,kfi
睫,ehxl
糙,ukol
茄,cfov
乒,jhpn
茹,cno
扼,ftz
溺,sjs
驿,kxf
橱,mtuf
隋,tff
颐,ney
乓,jhdn
桔,mto
苇,cyw
庇,tuu
褐,ybp
氓,ini
澈,swdx
珑,gkl
涡,soar
鬓,eajcv
眩,eiy
瘤,epjg
拴,frgw
撩,fnvb
孺,nwe
隧,tvkl
慑,qexx
拈,fqo
膳,dkvo
佟,rls
狈,kgbq
谴,ioqt
噢,opau
沮,sddv
曳,bzp
磋,tkf
褥,yhfy
渍,scg
赘,cjxg
咚,ols
敝,yxpv
崎,tnh
悯,qai
霎,win
铮,jrx
逍,wdl
诛,ipm
辕,ltoy
茜,cax
驹,kpom
闽,akc
紊,iysx
冕,bkr
苔,cgo
峙,ttfc
阙,avce
涅,sbt
诣,iub
怅,qyc
篱,uixu
哆,oddx
霆,wgl
盔,fwu
踱,ltcx
昊,bhn
吭,oipp
寅,ahg
垢,ttho
丞,zshi
媛,nxhf
蔷,ctva
弛,jye
琉,gws
搀,fkrs
靶,ykb
捂,fho
遁,tcel
晦,bqn
嗜,oeb
喽,oun
噬,oufr
臻,htcd
咄,ocu
咙,okl
阱,tcj
唾,opct
陇,tkle
榆,mrdj
恃,qtfc
吱,oxc
汀,shd
踌,lcf
脯,dhp
赂,glob
笋,uxp
雌,luk
酣,uug
遐,evfxl
芷,clh
恤,qex
钝,jhc
酥,uuh
涤,slm
藻,cso
巳,zsi
瞳,eig
萃,cir
楠,mca
蹬,llu
掺,fgn
瞿,eek
酉,uy
祀,qzss
躇,lce
聆,erzd
腑,dtr
卉,ccg
惫,lgq
奄,nbz
缔,yia
肋,dfiv
彷,lif
簧,ubv
髦,eemb
嫣,nhl
赁,rgg
羁,ayk
侈,rddx
醇,uin
琵,gguu
琅,gdz
羹,kwkn
迢,jol
疚,erd
厥,tvc
驯,ksp
搓,fkf
迦,fol
褪,yzl
娼,nbb
荧,caw
铎,jxf
秤,ujv
惚,qpy
勺,pdk
烹,ilw
岑,trzs
掣,kyjf
琶,ggk
疤,ekb
啪,ofb
娴,nam
翎,rzev
笺,uhjg
寰,aahoy
俐,rujd
圃,ahp
殃,eanr
啧,ocg
穗,uhbg
睿,etem
窖,ako
宦,anc
辄,lez
妞,nzt
颅,qee
绛,yll
隅,tgla
俨,rhwt
峭,twd
檀,mibh
啃,old
蕉,ckw
阑,ama
曦,bku
舵,lau
殴,hxjx
瑚,gco
梵,mmp
嗤,och
摹,cbnfs
垦,ztu
椎,mkz
悖,qca
韧,yjd
腮,dgqi
妍,nhc
镕,jat
栩,mev
犀,esk
垮,tnvz
埠,ttfu
橙,mlu
炙,dwu
葵,clhn
睬,exm
砰,tjvb
歼,epq
婢,nbp
柿,miy
吆,oya
沪,sahv
亥,khv
岱,rjts
捺,fnq
鄂,oov
滤,skq
屉,eczs
榴,mpjg
箫,uxj
垄,ktul
闵,aix
凋,sato
粤,pauh
咋,oqq
诏,ijo
舶,lba
迂,hfl
渭,sgd
钗,jxd
邸,ndte
哮,oenz
茧,ckc
炫,wiy
瑾,gcoc
哽,ohbx
毡,eqo
啄,okd
蔼,cibp
匕,ubi
祟,cuq
袄,ypnr
瑛,gcan
拇,fnm
攘,fyoo
沥,stf
觑,kwer
靳,yjng
馒,ubax
鸳,dzk
偕,ruub
纶,yrub
沌,shcv
筐,uhg
袅,kyii
笙,ucp
嬉,nio
悴,qirr
拽,fbzp
鹃,odk
亢,ipp
洼,sttu
惘,qav
霹,weou
猖,kbb
戟,cbcj
侥,rjhr
猾,keg
撮,fbe
帧,yqgb
悸,qun
皋,bnc
楣,mee
剿,sgmj
忡,qos
辗,lec
麽,ypg
芹,cjn
墟,tkwh
翟,ekzv
芮,car
渣,smb
喔,oeh
趾,llho
掐,fru
绫,ytvl
磷,tulvo
竺,uve
幌,ybw
烙,wlo
酋,vuy
蝎,kbp
讪,its
捻,frzq
鸯,ank
猩,kbc
缭,ynvb
壑,etxt
嗡,ovg
瓢,aqu
熔,wat
钳,jugr
寐,aam
鹊,chbk
阜,tfuv
苞,cpz
嗦,ocay
癌,eooo
恺,qtz
浚,sgvl
簸,uuce
曝,bbcc
甄,atuw
嘈,ohib
翌,eih
惰,qffd
捶,fpct
黔,brz
绥,yxn
衅,evf
憔,qkw
吝,iox
珀,gba
殡,eaj
褂,yttq
萤,cakc
墩,tin
褚,yebo
炊,wequ
戮,eryj
韬,yxu
莞,cav
蜘,kjoc
酝,uwvy
噜,okbo
娅,nhw
姗,nic
稠,uato
殉,epbo
拗,fyfi
拎,frzd
矗,cehc
瘩,ecro
惮,qvgc
猝,kirrc
偎,rghy
渎,sczs
溉,szh
甥,cgf
鸥,hxki
冢,akd
迥,aol
萦,cays
绚,ypbo
狞,kahd
惺,qbcp
璋,gici
锈,juz
倔,recu
蓓,crio
磅,tia
孚,xnzz
垣,thbh
屎,euis
璞,gwkd
伽,rfon
惋,qadz
氧,wky
犁,ujk
淤,sirs
濒,slle
揖,foe
淇,suc
匾,hai
蕙,chbg
雹,wpzs
搔,fxdk
咦,on
嫖,naq
扉,aqvh
惦,qtqo
隘,tsu
橘,mjao
栓,mrgw
忱,qare
叽,opp
诲,iqnm
潦,snvbw
岐,txc
沂,sjn
篡,ueng
麒,kucl
贻,ggob
锄,jdf
疙,eqzb
憨,fexq
蕃,cxg
漱,smoe
黝,byf
谒,ibpr
拌,fvf
蹊,lxyn
袒,ybhi
矜,jrz
沓,sbo
呛,orzi
跄,lrzi
屹,tqz
讷,iar
瀛,siod
矶,tpp
沅,svre
箍,ufhy
骥,kug
锵,jadf
薰,cpbw
钊,jjdr
噩,goo
嵩,tios
瘟,ebu
恙,kqiy
珂,gho
荔,cff
棣,mxs
泌,sqp
踊,lzp
痪,era
踉,ldz
翡,qevv
麓,mmk
穹,ajgv
咪,ou
笠,uihz
筵,upl
茎,cxf
懦,qwe
捎,fwdv
骡,kgys
褒,yrom
谏,imav
唠,ocaf
淀,sal
礁,tkw
玺,rwg
渲,sahb
嚎,oik
诅,idh
钵,jmh
暨,zhbh
喳,ombh
崛,tecu
憧,qigt
痊,erg
谆,iin
伫,rahi
桨,adm
荪,cnw
弩,nxjg
肮,dip
弼,jhbj
筠,utps
圳,tsp
瀚,scbc
毓,qnws
煽,wae
卯,pzi
抡,frub
薯,caeb
梓,mux
骋,kghz
忏,qpq
汕,sts
畸,gnh
卞,iqb
瘸,efoe
藕,cugl
蹙,jqhw
萱,cahb
戍,jdp
澎,siy
筱,ursx
汛,szci
嗔,ocec
胥,ldv
佯,rky
跤,lixo
掖,fir
毗,guu
菁,ccd
椿,mcdb
篆,ukk
驮,knr
锚,jcga
汾,svj
潺,senn
隽,kzn
嘀,oi
睐,emv
鲸,kiw
鸾,iwki
烽,wlc
谛,iiay
攫,feek
揍,fcdh
唆,ogvl
剃,vjqj
淆,sxfd
飒,iwfh
蛾,kpfj
膺,trkd
臀,eccj
跺,lpm
阖,atgu
帛,by
滇,sce
盎,anu
肾,jxdv
踞,leco
怦,qjv
夙,pe
亵,yfp
谍,iczm
颔,rzoe
饵,uee
瑕,gev
屿,thz
恣,seq
浣,sav
巅,tcec
缨,ygg
佼,rix
叟,usx
缰,yhg
邃,avk
桢,mqgb
馁,uxnv
沽,scov
蹭,lva
臾,urnj
燎,wnv
呱,oug
亘,hbh
踵,lpg
涟,sllv
跷,ljh
廿,chv
戌,jhip
祯,qqgb
荀,cpb
癫,ece
卤,ulu
芥,crj
嵇,uht
粱,sjvu
谕,irdj
枷,mfo
霏,wqv
痰,ewwu
咀,odh
佬,rel
竣,igv
鲤,kgtu
皎,bix
缤,yajc
雳,wtf
朕,dvn
蛟,kixc
伎,rxcn
涎,spll
咆,opz
湍,ste
铿,jjxt
昕,bjn
煦,bpw
峦,iwt
抠,fhx
憬,qbiw
悻,qtky
谤,iiai
绯,yqvs
鹦,ggnk
稷,ugvl
鞘,ywd
璐,gllo
坞,tkwu
哧,otw
俟,rgjs
攸,rsxp
恪,qlo
吠,okq
撂,fglo
蜒,kpll
馅,uru
籁,umor
拄,fdg
蔗,ctcw
茸,cee
盅,osu
蹋,lbe
辍,lxxx
埔,thp
蓟,ckj
蠕,kwe
簌,umoe
秧,uanr
硫,tws
硝,twdv
恻,qgj
镑,jiai
抉,ffrn
耘,uwvl
罔,avi
旌,iqcp
吮,ogre
鑫,jjj
蛊,kumc
砾,tpwi
钰,jgvr
邬,kte
榕,matv
胭,danr
悚,qmo
幺,yav
懿,taus
鳖,yxk
暄,bahb
鳌,cjxk
枭,kmui
汶,six
纂,ueny
谚,iity
跻,liqo
唔,oho
泓,sjgs
霭,wibp
狩,kaf
掬,fpui
赈,ghc
蛤,kro
漪,sknh
捍,fbjg
袂,yfr
惆,qato
桦,mruc
揩,fuub
葆,cro
幡,yxg
菇,cnco
椰,met
臧,jnc
弨,jjo
贰,jvgb
铐,jehz
皿,umv
篓,uun
偌,rcfo
啜,oxxx
湃,sff
谑,ikx
冽,sej
妩,nhh
羔,kwuy
髻,eto
胚,dwh
氮,www
噗,owkd
嫡,nia
闰,agw
抿,fni
渥,seh
讹,irub
窿,atlh
苓,crzd
噎,ota
诃,ihoi
甬,zpv
邯,ute
蜕,kvor
舔,ehn
腆,dic
镯,jap
刨,pzjd
茉,chmu
碾,tec
鹭,llok
忒,jqi
叁,gnhv
匮,hoqg
坯,twhw
馋,ukrs
甭,wpv
痹,egc
丕,whiw
彝,kuyc
嗟,okf
铝,joo
唧,ozzi
珏,ggv
杳,mbo
鸠,pk
帚,xay
坍,tdau
祺,quc
哝,oay
瓮,vgu
遽,kkl
箕,uucv
鹉,hjlk
昵,beu
癖,eeo
琨,gbuu
嬷,nypg
貂,kjo
蚌,kcf
濮,srwk
忻,qjn
晁,brss
覃,abc
嗒,ocro
樟,mici
椭,mtfd
娣,nvjq
琥,gkhw
熠,web
涣,sran
嗨,osqn
磐,ljto
掳,fkfi
玮,gyw
茗,cdo
赡,grtv
狰,krxv
纣,yfcs
烬,weds
盂,hfu
蹑,lexx
榭,mef
徙,lllh
坷,thou
暧,bxaf
摒,fevc
剌,moj
晾,biwi
蘑,cyt
憩,eeq
璀,gtk
蜿,kadz
翊,ievh
呃,otz
镀,jtcx
惴,qteh
桀,lmu
偃,rhbn
舷,liy
舫,lifz
饺,uix
荤,cal
筏,urj
匝,hyj
撵,fnnl
茬,cftu
濡,swe
瞟,eaq
崽,tgq
犊,kczs
熹,iow
簪,uhhb
饯,uhj
皖,bavr
荼,crmu
脐,diq
阂,akh
玷,gqow
蝠,kho
禧,qio
羲,kuhz
涸,saco
谙,iib
飙,kkkw
咫,edov
撬,fee
惬,qhnv
槟,majc
泵,tsv
氟,wjj
羌,kzy
媲,neuu
檬,mcah
跛,lepo
桅,mrtz
臆,diqi
豚,dks
杞,mzj
瘪,eeru
肪,difv
缄,yjho
瘴,eic
飨,yusx
蜷,kvnz
俎,rrd
鬟,eaho
渤,sca
腋,dird
柑,mug
馥,uqbl
衢,leek
腌,dnbz
瑙,gse
弈,iwc
铨,jrg
喋,oczm
恸,qwf
喏,ocfo
徇,lpb
晟,bjz
叼,ozhi
堰,thbn
掂,ftqo
咛,oah
镌,jkz
扈,atyh
诠,irg
诘,ito
泞,sahd
碱,tjh
沏,shjd
唁,oii
挛,iwfs
瞰,efex
螃,kiai
娓,neem
坂,ttxy
焊,wbjg
聿,xv
垛,tpmu
涓,sod
梆,mct
漳,sici
榨,maqq
漉,skl
脓,day
岖,thx
侬,ray
獗,ktv
蝗,kbg
谧,iqpu
芋,chf
嗳,oxaf
捅,fzpv
迩,rwl
怆,qrzi
嚓,oadx
睽,elhn
蟠,kxg
硅,tttu
徨,lbg
臼,ujvv
靓,cde
缥,yaq
璨,gexu
骞,acc
蘸,cukw
挝,ffl
戊,jp
氨,wanv
诽,iqvi
瘠,essr
鳄,koov
笆,ukbz
骅,kruc
碳,ttfw
姣,nix
虱,zpk
璜,gbvw
髅,eung
飕,wusx
逵,tvtl
辘,lklc
蛀,kdgw
胄,gdvy
榄,mjue
曜,bek
蜗,koar
痞,ewo
疵,elubb
烯,wxfy
藜,cujr
搪,ftxo
橄,mfex
骼,elog
癞,emor
昙,bwv
踹,lte
荟,crw
谟,icbn
釜,vxjr
蟒,kck
藐,ckbr
宕,atov
壕,tik
盹,ehc
麾,yemm
痘,eud
珞,glow
镂,junv
翱,bn
汩,sbovv
啬,tvao
糜,yui
锌,jux
鹄,kok
瞑,eab
幔,yba
槌,mtl
嵘,tcam
玖,grd
瞠,ewt
泗,sas
琏,gll
臊,doo
潢,sbv
诙,ifw
漩,siql
啻,iayo
轶,lpnf
镰,jtv
睨,eur
搐,fiyg
莘,cu
猷,vuk
涝,scaf
攥,fue
黏,ursq
呷,ogs
霁,wiq
赊,grq
潼,sig
腺,dbs
氢,wxf
茁,ccu
俸,rcdf
楔,mcj
籽,unzi
蝙,kai
蹴,liwh
忑,hqq
踝,lgm
婕,nhxl
馍,ucb
刍,rxj
峪,ttvs
杵,mqc
玑,gppw
纫,yjds
蛰,fpk
噙,orix
赣,icl
锹,juw
厩,tzh
啾,ouw
褶,yeba
囿,afd
腼,de
瘁,eirr
跚,lic
舀,xuj
壹,taud
掇,fxx
醺,upb
碘,ticv
摈,fajc
髯,eat
懋,mjmq
苯,cmh
禺,gla
鼾,ejgb
蜓,kglc
纨,ypds
纭,ywv
榷,mak
缈,yew
忐,qhq
栾,iwm
昱,bih
骷,ecog
酵,uen
擞,funx
讫,iqz
隼,kci
淄,ssg
峥,trxv
湄,see
荻,ckwu
泠,srzd
煜,wbi
斡,cbcrd
敕,moxp
瞌,etgu
荃,crgw
斓,iama
韫,ybum
陨,tog
懵,qcaa
眈,eare
皙,mjb
牒,aczm
囱,acv
妪,nhx
郸,vgct
钹,jfxd
栉,mcz
呸,owh
喟,ogd
柠,mahd
祚,qqqs
蹒,lcu
骁,kjhr
颦,lleb
酪,uloy
掰,fvjf
帼,yag
蒿,ciov
妲,nbh
黍,ursv
掸,fvgc
臃,diyk
迤,qyl
痉,exf
泯,sni
灸,rdwu
戛,hej
褛,yunv
饷,upa
柩,mhr
裨,ybpc
铛,jwx
颀,jeyn
缮,ykvo
湮,satu
嫦,nwy
箴,ujho
疟,exj
垠,tzgu
膘,daq
羚,krz
仄,trn
猥,kgh
飓,wec
烨,wruc
咂,ohy
蹿,laoo
怵,qmd
箔,usb
饨,uhc
剁,pmj
皑,btz
黠,bto
萼,coov
蟾,krtv
贲,ccgb
陲,tpc
褴,yjuu
仞,rjd
阪,ttx
佃,rgan
麝,kef
螂,kdzt
胫,dxf
噤,ommq
沱,saub
婊,ncy
塾,inpt
镣,jnvbw
恿,zpq
壬,grv
剽,aqj
熨,eqfw
镐,jio
氯,wks
锢,jaco
骰,ejxg
佚,rpnf
蜚,qkcv
炖,whcc
椽,mkk
缜,ycec
孀,nwme
讴,ihx
啐,oirr
隍,tbg
弋,jyi
淖,sqbc
秆,ujgh
绉,yrx
啮,oec
胯,dnvz
儡,rggg
虬,kzc
咤,oaph
龛,rokl
挞,fnl
劾,kfih
孵,exn
嚏,ocag
蜻,kcdv
罹,aqk
讣,iqbi
戾,akqh
祐,qfo
淅,smj
佞,rvnv
慵,qtxp
鄱,xgt
刽,rwj
蹶,ltvc
稣,kuhv
濯,sek
獭,kmor
泾,sxff
俑,rzp
羿,ecgv
雉,jkzs
泸,sqe
涔,strz
倭,run
岌,tpxs
遨,cjxl
洱,seev
呗,ogb
痢,euj
焱,wwwu
耦,ugl
夯,nfi
挎,fnvz
郢,ogt
殓,ershd
迳,xfl
泱,san
畹,gadz
颧,cooke
祛,qtgs
彗,ccx
砷,tbso
婵,nvgc
罡,ahl
闩,ahim
胤,pydz
倌,rat
蟆,kcb
阉,anbz
浒,siqc
唏,oxfy
劭,jof
磬,tejt
娑,swpn
铣,jkr
疹,ery
耆,ebol
豺,kfpz
粼,uls
秸,uto
赳,lzs
蚣,kvgs
俪,rhdd
抨,fjv
锺,jpgt
箩,uad
渚,seb
溥,shf
谪,iiac
骊,khd
橹,mkbo
町,ghd
溟,sabi
桧,mrw
谄,iruj
鬃,eaqs
绶,yxax
滓,sau
槁,miou
嘹,onvb
撷,ftoe
莓,cqn
咿,orxp
叵,hok
銮,iwjr
匍,ph
孪,iwnz
婀,nth
旖,iqnh
闾,aoom
睑,ershm
翦,vdje
蚓,kjsc
僮,rigt
啰,oad
倜,rato
幄,yeht
珩,glv
犷,ktaq
捋,fxfcs
饪,ugr
狙,kdhq
嗖,ousx
芍,cpd
窈,ayf
轼,ljf
徵,lthg
愫,qcy
俾,rbpc
怂,rrq
铢,jpm
驷,kasm
岫,tgys
罄,tejuf
韭,uhv
谀,iur
蹂,ljm
宸,ahcv
噶,ocbp
谩,ibax
酗,uxuy
泅,sarn
诿,iun
滢,scag
嚅,owe
鲨,swpk
卅,csa
矾,tpdo
仃,rhd
涿,skd
裱,ycy
爿,apvv
嗫,oexx
傀,rqgn
锲,jcjn
榛,mcdu
樽,mvuf
脍,drw
澹,srtv
哒,onl
晔,bruc
唷,owdv
洵,spb
揄,frdj
粲,exui
诩,iev
铬,jlo
邝,tte
撅,ftv
糯,uwe
挹,ftys
峋,tpb
逅,thol
砺,tthj
坳,tyf
蟀,kiys
咔,oqhq
釉,xgy
傩,rxkz
匐,phog
琮,gaq
蜈,koh
躏,lcak
侗,rah
艮,zgvv
囔,ohos
砧,tqoo
蜃,hkcc
滂,siai
灏,sbiw
囡,anvk
钠,jarn
囤,ahck
蚤,xdkc
鳗,kbax
礴,tcsh
诌,irx
埂,thbx
箸,ueb
啕,opu
菠,cse
莆,chp
笈,upx
舐,ens
鸨,uck
潞,sllo
宓,aqpv
莅,cri
邂,ejkl
堑,ljt
谲,ijao
巽,zzcc
嘤,oggn
涪,sio
衾,rzyi
霾,wkgt
颍,use
侏,rpm
茱,cpm
浔,sxfc
鲫,kzz
恫,qah
颉,toe
窕,ars
柚,mgy
砥,tndo
糠,utxs
怏,qan
峒,tahos
噫,oiq
蟋,kxq
蚯,kjhi
衲,yarn
佰,rhba
嫔,najc
蛆,kdh
拮,ftos
佘,rqs
蔺,cakz
汴,siqb
胺,danv
靥,tke
嗑,otgu
谗,ikrs
翳,hjje
绺,ylq
裟,swpy
吒,oph
遑,bgl
恁,rgq
淬,sirr
窠,agm
觞,eqzy
颌,roey
牍,aczs
娩,nkr
腴,dur
胰,dnjg
郴,mmt
嬴,iodn
觊,tzer
粽,uaq
搽,fcrm
琬,gad
偻,runv
聒,eeoe
嗷,ocjx
潍,syk
碴,tmb
鹫,iwh
瘀,eirs
龌,eeh
蛔,kao
娲,noa
昶,dsb
愠,qbum
邕,styp
龊,eloc
揆,flhn
婠,nat
濑,smor
觐,coce
铀,jgy
袈,foy
罂,ggu
夔,velz
祗,qnd
鸵,kaubi
嗥,obnc
钾,jgs
盥,xsu
恂,qpb
稔,urzq
鲲,kbuu
绌,ycu
斫,tjn
阕,alhn
锏,jab
囹,arz
钺,jjz
旎,iqeu
庖,tpz
畦,gttu
钙,jhqz
蹩,yxl
啷,odzt
瑁,gbe
癸,lhnr
嵋,tee
诋,ind
嶙,tulv
淞,smv
歆,ieqb
庾,tur
皈,btx
缙,yhwb
觎,rdjer
骧,kyoo
燮,iwwx
楫,moe
鹂,hddk
淼,sssv
驸,krfc
荏,crg
桎,mht
仝,rfgn
魇,tkqg
裆,ywx
耙,ukb
潸,smmd
梏,mko
烷,wavr
珉,gni
氲,wbum
剐,oarj
檄,mbix
浃,snvb
辇,nnl
淙,saqs
焙,wio
榔,mdzt
煊,wahb
诰,iko
楹,mzxu
呓,ocz
葩,cbk
铠,jtz
咻,orm
尕,zw
滟,scrk
圻,tjnu
赧,twzx
扪,fams
邈,kbrl
蠡,kkkk
舸,lhoz
斛,eudj
阈,ajoh
仟,rpq
痣,etq
耄,eeml
邺,wteh
鸪,cok
豢,vnk
黜,bcu
睢,ekzm
萋,chxn
骛,jxk
悌,qvjq
棂,mxw
镳,jkw
馔,uzzc
粕,uba
徕,lmv
濂,stvx
馄,ubuu
氤,wanr
柞,mqq
辔,ylyo
啖,oww
蘅,clk
鹑,ink
铤,jgl
钿,jgar
摞,fgys
篙,uioz
琰,gwwu
涮,seyj
饬,uqfi
馏,upjg
祉,qlh
嗬,ocrh
姝,npm
赓,txrg
屐,elx
芊,cpq
哂,oax
棹,mqbc
喙,okk
篝,ucha
湎,sea
娉,nghz
懑,scuq
袤,yjmi
鏖,kjrl
鞑,ynl
囵,arub
傥,rwr
鳅,kuw
誊,vni
蹇,accl
俚,rgt
钤,jrzr
澧,siu
侩,rrwv
莠,cuz
荞,cpn
榈,maoo
鸢,jki
镁,jkn
唰,oeyj
轲,lhoc
绦,ylm
孑,lhie
疽,edhb
菏,csho
忤,qqc
恹,qtk
蹉,lkf
铉,jiya
圜,aahoyi
戬,hwbj
傣,rcds
赭,tweb
桠,mhwh
徉,lky
伉,ripp
酮,uaho
蓑,cyoh
鹧,tcwk
纾,yzv
綦,ucy
酩,udoy
衮,yvg
赝,trkg
麋,kuil
逡,gvll
帏,yywj
嶂,tici
绾,yat
铄,jpw
寮,anvb
苒,catu
酶,uqn
蕲,cvgc
焘,cfw
笞,ugoz
玥,gdvw
兖,igr
疡,ezy
谌,iucz
獐,kic
暹,bkl
踮,ltqo
遴,ull
饽,uca
骜,cjxkm
钏,jsp
挈,cjf
妤,nzv
狎,kgs
猬,kgd
恽,qal
熵,wiao
砒,tuub
岷,tnis
阚,afe
氅,wxe
辊,lbuu
鹞,xuk
殒,eog
碉,tato
螳,kwt
羸,iod
姮,nhb
鹜,jxki
欤,hzhe
豌,uadz
睇,evjq
忸,qzt
挲,swpf
诳,ikg
绡,ywdv
褓,yromu
剜,adzj
菡,czsu
骈,kvc
淦,sjr
橇,meee
殚,evg
汨,sbov
钜,jhzr
耷,neer
夥,gmd
昀,bps
躅,lapk
汐,sdx
襁,yjok
荚,cnv
郜,kot
佻,rrss
钛,jnd
铆,jpz
佗,rau
杼,mzv
茴,caok
徜,lwa
揶,fet
嗄,ohel
肛,dfg
玳,grj
噘,otvc
圩,thfu
噼,oeou
枇,muu
酊,uhd
鄢,hlhz
掮,fadv
竽,uhf
畿,yyjg
遛,pjgl
爰,xhfx
痔,etf
氰,wcd
葳,cjhn
臬,emui
弁,gcgs
痨,ecaf
镍,jem
陟,tllhe
姹,naph
遒,vul
鹳,cookk
诮,iwd
猕,kjrw
孱,ennn
杓,mpdu
洙,spmw
骠,kaq
牦,kemc
佝,rpon
锨,jje
醴,uiud
鳍,keb
觥,ewr
佥,rshi
缢,ysu
蔻,cavr
娆,njhr
锂,jgt
陂,tepe
嘭,oiy
炀,wzy
怩,qeu
姘,nvc
揿,fjeq
蛐,kia
怄,qhx
囫,apy
烃,wxfg
艄,lwd
颚,oovz
倨,reco
邋,sklp
郦,hddt
宥,afdv
铡,jgj
旄,iqe
刎,pyjd
燧,wvkl
嫚,nbax
痼,eaco
胱,dwr
肱,dfgs
鹗,oovzk
茏,ckl
楂,mmb
逦,hddl
媪,nbu
犒,kiou
喁,ogla
谡,igvl
邡,itef
殁,ejxd
颢,biwe
忝,hnq
汞,fsv
遢,bel
氦,wkh
儆,rcp
馐,ukzt
碣,tbpr
箧,uhnv
纰,yuu
跎,laub
墒,tiao
糅,ujmu
圄,ahok
螟,kab
弭,jee
擘,eouf
阡,tpq
腈,dcd
篑,uoqg
伧,rrzi
霈,wsh
擢,fek
猢,kcodv
菅,catd
烩,wrw
蝌,kuu
趄,ldht
藓,ckk
妊,ngr
幂,abny
瓯,hxu
杷,mkb
搡,fxxx
滁,strm
俳,rqv
蟑,kici
莒,coo
崂,tca
濠,sik
呦,oyf
邛,fteg
穰,uyo
崴,tjhn
颏,keyh
癣,ekk
豕,ksi
蠹,hosat
珈,gfo
牝,kubu
翕,roev
掼,fng
裾,yec
忪,qvgi
煨,wgh
锟,jbu
钡,jgb
鹌,nbzk
酯,uubo
喑,oib
浜,sjc
毂,talj
僭,rhh
龇,elubc
戕,ajgp
胴,daho
痫,eam
锉,jrr
诓,ihg
闳,afgs
滦,siwm
墀,tes
垸,tavr
蜥,kmj
舛,lvv
崆,taf
炷,wdg
馊,uusx
邙,itez
湜,sbl
虻,kizc
矍,eekx
啭,olv
轭,ltz
葺,coe
镛,jtxp
橐,hosa
勖,bef
奂,ran
鞬,yxlg
琭,gks
彀,tahj
踽,lpol
郗,xfyt
犄,knhou
咝,oyy
辂,lloc
踅,fjlo
酰,ukr
逶,unl
嵬,tqg
孢,npz
珣,gpb
铰,jix
峤,tpn
髭,elub
漕,shib
噱,okks
苜,cem
郧,ogte
膻,dibh
蛹,kzp
呶,onx
辎,lsg
殇,eqz
粳,uhb
阒,aek
闱,aywm
硒,taxo
龋,epola
歙,roee
秣,uhm
笳,ufo
隗,tqge
镫,jlu
澍,sifc
猗,knho
嬗,nibh
帙,ypn
赅,gkhb
撺,faoo
悒,qtyi
绔,ynvz
亳,iph
俦,rcf
狲,knw
蚱,kqq
杈,mxdu
傈,ram
铵,jan
砭,tpl
唳,oak
貉,kloz
饕,ohzku
氖,wz
虢,xfk
鳝,kkvo
郅,htt
铂,jba
暝,babi
铧,jruc
獠,knvb
弑,xmjf
忾,qwq
祜,qcos
罅,ukpv
砼,trfg
茔,catu
烊,wkyu
诟,itho
舢,ltsz
胛,dgsv
郓,alt
牖,aah
稗,ubp
篁,ubg
痂,efo
鸩,ark
醮,ukwu
蠊,ktvx
薮,cunx
聃,eatu
堇,coch
鳏,kas
鲈,kqe
恚,ttq
痈,epv
椁,min
愎,qqbl
樨,mesk
嗝,oul
湟,sbg
苫,cqo
奁,nhxr
畲,rqga
睾,patk
锷,joov
骝,kpjg
饴,ugo
鬻,juju
聩,eoqg
蕨,ctvc
诤,irxv
嗲,ovxd
婺,jxn
痍,enj
偈,rbpr
铱,jyir
壅,iykt
峁,tpzi
孳,vyyn
螫,twxk
蚪,kud
媾,ncha
佶,rto
侪,riq
谔,ioov
僖,rion
珙,gcc
汊,sxdv
舂,cduj
柘,mtou
陉,txf
蜢,knum
掴,fag
鲑,kttu
孬,wnn
崧,tmvg
硼,tddvo
奘,atn
蜍,krmu
疱,epzs
庠,tkya
谥,isu
诂,ico
缫,ysgm
笾,ufl
璎,gggn
鹘,ekig
馗,pve
癯,eeek
訇,pi
阗,acec
蹰,ltuf
镞,jiqj
泷,sklv
萸,cur
绻,yvnz
粑,ukbb
蜴,kbpy
谰,iam
娠,nhcv
堃,iit
狒,kjj
沆,sipp
鸷,fpki
篾,uajd
肓,idvz
妯,ngy
雠,kikz
盱,ehf
墉,ttxp
讦,ijgi
噔,olud
愆,lsq
碜,tgny
垓,tkh
诨,ial
锗,jeb
稞,ugm
靛,cdal
狷,kod
鲟,kxfc
笏,upy
鱿,khyv
枸,mpo
凫,kpp
惇,qin
趔,lej
蚩,chk
唢,owg
靼,ybh
娌,ngt
诒,igo
沭,smd
灞,swyd
褡,ycr
荩,ceds
琊,get
蓿,carh
镒,jsu
桁,mlv
唛,oum
钯,jkb
冼,skre
赉,mvg
肄,ujx
踯,lvnt
缟,yios
嘁,ojqh
葭,cevf
缱,yoqt
蒯,cddj
枰,mjv
耋,ehtul
阆,adzg
磴,tlud
锰,jnu
苕,cjo
仡,rqz
谯,ikw
炔,wfr
毖,uuqp
泫,siya
驽,nxk
廪,tiq
燊,wwwm
邳,wht
苎,cahi
辚,lulv
钨,jkwr
荠,ciq
荥,cas
珋,gpz
茯,crkq
轸,lryc
弇,roc
蹼,lwkd
厝,tch
眇,ewp
傧,rajc
幛,yic
玢,gvj
瞽,ixe
讵,ihf
穑,utva
衿,yrz
垩,hwtu
溧,samu
鼋,vrk
夤,dahg
龃,eedh
鬈,evnz
纡,yhfs
眦,elubm
骢,kaqi
繇,xupy
扦,fpqs
睥,ebp
謇,acci
镭,jwga
韪,bly
荑,cnj
咩,oky
蝼,kun
啁,oato
欹,nhe
骐,kuc
疥,erj
蛎,kthj
簟,uabc
蔫,chlh
鼍,oogh
帔,yepj
蓼,cery
鸱,ndk
瓤,yooc
悱,qqvi
糗,uek
哞,ogk
柢,mnd
缇,ybl
趸,hjlo
蒗,csdz
洌,sejd
崃,tmv
镗,jwt
衽,ygr
箬,ucfo
篦,ueuu
耒,ulv
摭,ftcw
蜇,fjk
蚝,kem
杲,bmu
瓴,rzu
犟,jokk
衩,yxd
裢,ylly
跆,lgo
琚,geco
雒,lok
腓,dqv
瓒,gkrk
邨,hcte
潋,srsh
芗,cyxv
牯,kco
旯,bpjo
珺,gxpo
哔,ouuc
橛,mtvc
龉,eho
瑗,gxhf
钒,jpdr
砀,tzyo
膑,dajc
旮,pboj
蓖,ceuu
栀,mthz
寤,aaho
枞,mrr
锃,jog
崮,tac
缦,ybax
谶,irrj
埙,togb
醛,ucrg
蘧,ckkl
逖,kwl
鬣,esks
柰,mqsu
赍,crra
岿,tjx
嫱,ntva
瘢,elj
蛭,kht
碓,tkzo
沤,shxv
蜉,kxn
赟,ihjl
嵯,tkfg
铙,jjhr
嘣,otdd
愀,quw
魑,qixu
缁,ysg
徼,lbix
阄,akg
樾,mljz
钚,jww
樯,mtva
踟,ljoo
秭,ujq
疸,ebh
郄,xfgt
蓁,ccdu
醪,uery
餍,tku
郯,wwt
毽,exl
蝈,kag
抻,fbs
邰,got
搴,accf
趿,lpx
甯,aqpv
髋,eace
肽,dnd
盍,tgu
洮,srss
氙,wtsq
焖,waq
贽,fpg
钴,jco
刈,xjd
缛,yhfc
疣,ehy
羯,kbpr
庑,thh
抟,fvzd
彟,xfck
龈,ezgc
顼,gey
坨,taub
拊,frf
菽,cqhw
迨,gol
轳,lqe
腱,dxl
喵,ocga
镝,jiaco
漯,sgy
屣,elll
笄,uhcg
乜,zzv
捌,fofj
渌,sks
噻,oacc
昝,lqbo
伛,rhxn
溘,stgu
曷,bprz
乩,qoz
皴,gvle
辏,lcdh
跹,lpl
鲛,kixv
桡,mjhr
伥,rycy
玟,gixw
錾,ljj
蓊,cvge
黧,ujb
懔,qiq
枥,mtf
哐,ohg
唿,opyq
榫,mkc
渑,skmv
蓍,cebo
瀣,sex
罘,aww
蘖,ctum
訾,lui
焯,wqb
獾,kcoo
豸,kzi
酡,uau
麂,kppl
箓,uks
瑷,gxaf
坻,tndu
酢,uqqy
箪,uvgc
孛,canz
稹,ucec
爻,xxvv
殛,elox
剡,wwj
悭,qjxt
阋,aur
哓,ojhr
蒺,cej
磔,tlm
鳃,kgq
鹍,buuk
鹮,ahoy
酽,uhwt
嫒,nxaf
洸,swrv
摁,fanq
啵,ose
阍,anb
鸶,yyk
镊,jexx
茌,crt
逯,ksl
婧,ncd
疴,ehob
锱,jsg
撸,fkb
岘,ters
旃,iqd
薜,ceou
僳,raui
邗,jteg
镓,jak
觯,evgci
讧,ifgi
鳕,kwx
怫,qjj
禳,qyoo
栎,mpw
苴,cdhv
莼,cyhc
枨,myc
噌,ovaw
戢,oej
佤,ruwn
笤,ujo
煲,romw
篪,utk
轫,ljd
蝣,kiqn
逄,lll
茕,cazc
侑,rfd
湫,suw
鄯,kvot
榉,ms
钲,jhl
薏,ciqi
魉,qulg
嶷,tujz
莴,coar
潾,sul
蚋,kar
殄,eryd
翥,ebe
苋,cer
捭,fbpc
胝,dndv
鞣,yjm
钎,jpq
鲠,khbx
鞅,yan
闼,anl
猱,kjm
鼐,zua
岬,tgss
蕖,cshfm
阊,abb
醍,ubl
竦,imo
擀,fcbc
趱,lkrk
眬,ekl
铩,jxm
怼,xfq
棻,cvjm
珪,gttuw
缃,yme
魍,qavi
镬,jckx
柒,shmu
曩,byoo
仵,rqci
嫫,ncbn
襦,yweh
晷,blqo
凇,smvg
莜,crsx
唑,orrt
槊,vcdm
嵊,tuuv
鹬,jaok
槿,mcoc
菖,cbb
溆,srmx
糌,ulqb
倥,raf
猡,kad
椋,miw
楝,mmav
眙,egom
骓,kkzm
轾,lht
螭,kixu
洄,sao
碛,tcgb
锴,juub
闫,ahv
圉,atk
狯,krw
颛,teey
胼,dvc
芨,cpxv
苣,chz
跖,ltoo
碇,tal
詈,aii
疠,ehjd
筮,ufrr
垴,tixu
隹,kzvv
圮,tzju
砝,ttg
槭,mjqh
螯,cjxkc
嬖,eoun
魈,qwdv
馑,ucoc
妁,npdv
嘬,obex
蟮,kkv
钼,jemr
妫,ndfd
绂,yfx
傕,rak
矸,tjg
锒,jdz
埭,txsv
瘘,eunb
甑,vawbu
幪,ycah
愍,nxqi
狺,kii
廛,tgtv
碚,tioo
泮,svf
絷,fpy
槎,mkf
跸,luuc
骘,tllk
颞,exxe
荦,caku
醐,ucodv
纥,yqz
蕤,ckcp
怙,qco
铳,jwr
褊,yai
仨,rhv
诎,icu
邾,pmt
毳,eee
峄,txfs
庥,trmu
锜,jnh
浼,skrev
薨,caa
栊,mkl
儋,rrtv
髑,eapk
喆,toto
彘,kjuu
镪,jjok
逋,hlpv
呖,otf
缗,ynb
呲,olu
擤,febs
邴,hart
鹚,vyyk
苻,crf
鲇,kqo
仫,rpgs
迓,ely
椐,meco
卟,oqb
鲻,ksg
蚜,key
鳟,kvuf
餮,eryu
圪,tqzyu
砣,taubo
楮,meb
姒,nur
觚,eugj
痿,eunv
訚,aiim
蚨,knf
柙,mgs
痧,eswp
珐,gtg
脔,iwe
樗,mwvz
亍,lci
豉,uxcd
锑,jvjq
虺,hrk
偾,rccg
牾,khou
滹,skpv
汜,szsv
掾,fkk
醚,uul
堞,tczm
瓠,nvzu
屦,elun
朐,dpo
酐,ujgy
鲧,kpys
怍,qqq
酚,uvjd
卮,thzi
隰,tbyy
帑,nxy
妗,nrz
霰,wchd
扃,aao
氐,nds
瑱,gcec
搠,fvcd
潆,scays
桉,man
赀,lug
爨,xaho
膂,iqyd
搦,fjsj
翃,fge
逑,hsdl
俅,rhsd
洨,sixv
忭,qiqb
簋,uzum
嬛,naho
髫,ejob
轱,lco
狍,kpzs
苌,cycv
咣,owr
钣,jtx
楸,muw
藁,cim
齑,iuhq
飧,dusx
绖,yht
芄,cpdv
荜,cuuc
膈,dul
雩,wvz
怿,qxf
籼,uts
畚,gng
偬,rpyd
翮,uevl
雎,dkzh
瓘,gcoo
菀,cadz
蛳,kjhy
睃,egvl
裎,yog
菟,ckt
珲,gal
尻,epjs
戆,iclf
哙,orw
暌,blhn
縻,yysm
纛,cneh
菘,cmvg
祢,qrw
撄,fggn
侉,rnvz
栲,mehz
郾,hbnt
珥,gee
珰,gwx
杪,mwp
窨,aibv
淝,sdk
阃,aamk
匏,nvzp
刖,djdv
燠,wpau
荇,clv
芾,chyj
燹,kkw
鄞,coct
觌,czsn
鎏,swsj
彧,johy
腚,dal
涞,smvb
劬,pfi
蛩,fpkc
戗,rzjg
煅,wxhj
笥,uzho
塬,ttbw
觇,qoe
洎,sei
炘,wjn
罟,acos
鞫,ypi
劼,tof
疖,ezib
悰,qaq
玎,ghdw
勰,fffg
戡,uczj
谵,irtv
镧,jam
莳,cbf
鳜,ktvc
捩,fak
冏,aov
媵,dvnn
颡,xxxm
褙,yud
砉,ctof
绐,ygo
沔,shsz
螨,kcu
绀,yugs
蜮,kjoh
垭,thwh
晗,brzo
罴,atgw
芘,cuu
阼,tqqe
髀,ebpc
桷,meju
鼙,ixbp
槚,mag
洹,shbh
牤,kizu
酆,tccut
岙,pnt
羼,ekkk
缯,yvaw
蛉,krzd
艏,lve
鹈,vjqk
祆,qhn
蠃,iodk
勐,nuf
拶,fsd
溴,sekq
鲐,kgov
怛,qbh
椤,mad
菰,cnu
鲵,kure
砻,ktol
圹,ttau
蜊,kujd
趺,lnf
氘,wjq
矞,jao
呔,ond
骀,kgo
缣,yvxw
嘏,coev
茭,cixv
蒡,ciai
痱,eqvb
黩,bczs
晞,bxfy
麸,unfm
萘,cnq
谝,iaic
蚬,ker
榇,mim
甦,hbxc
茆,cpzi
妣,nuu
遄,tel
魃,qfxd
庹,tced
旒,iqws
殂,edhd
鹪,kwk
鲯,kucv
胪,dqe
叻,ofiv
獒,cjxkq
铒,jeer
镔,jajc
骖,kgn
蛄,kcoc
坼,tjd
陬,texy
醯,uwsu
黢,bgv
芫,cvre
郇,pbt
鲢,kll
皤,bxg
苡,curn
枳,mov
腭,doov
裰,yxxx
愔,qib
崁,tteq
隳,tffd
鞳,ycro
茀,cjj
焓,wrzo
愦,qoq
泔,sug
铖,jjzr
暾,binx
麈,kdgwl
莪,cpfj
荨,cxfc
鞯,ycfn
塍,dvnt
岜,tkbs
厍,tlcc
踬,ltcg
驺,krx
狻,kgvlq
燔,wxg
郛,xnt
藿,cwk
硌,tlo
怃,qhh
筌,urg
铋,jqp
趑,lse
筚,uuuc
缶,ufv
帻,ycgb
镢,jtvc
芟,cjxv
嘞,oyfi
畋,gxpa
棰,mpct
蚶,kugc
缬,ytoe
溽,shfc
趵,lpd
馕,uhos
纮,yfg
徂,ldhc
犍,kxl
旆,iqhy
薹,ctoa
鸬,qek
仉,rppn
梃,mgl
眄,ehsz
跗,lrf
蒹,cvxw
葸,cgq
贶,gor
徭,lxuf
埕,togw
慊,qvxw
喱,otgt
筲,uwdv
枋,mif
艟,ligt
瘳,eer
鼬,kgysv
秾,uay
隈,tgh
澌,sucjn
嗵,ozpl
嫠,mxtn
睚,ettt
瞀,jxe
鬲,uliv
蝮,kqbl
殍,exnz
浬,sgt
鹕,codk
娈,iwnv
褫,ytk
粝,uthj
黼,wyh
椹,mucz
殳,jxvv
佾,rvd
哏,ozg
杌,mhre
槃,ljmuz
缒,ytls
痤,errt
喈,ouub
秫,umd
涫,satd
柽,mxt
黻,wyfx
螈,ktb
蹁,lai
圯,tzs
磻,txg
屙,eth
廨,tejk
倕,rpct
唣,obh
崟,tjrs
箐,ucdv
篚,uhq
蠲,suap
卺,zshz
螅,keq
钕,jnvr
鄹,expst
鲭,kcdvv
檩,miq
孥,nxn
笸,uho
鲂,kif
兕,szsz
皲,ale
鸹,ekio
憷,qmml
麇,kuhl
刳,nvzj
滉,sbwr
脘,davr
糁,ugn
鸫,hwk
坭,teu
鲱,kqvv
蕈,cabc
跣,lkr
泚,slub
瞵,eul
嚯,owk
鏊,cjxj
猊,kur
籀,ufpj
昴,bpzi
楦,mahb
绗,ylv
椟,mczs
蔟,ciqj
蛲,kjhre
缧,ygys
蹀,lczm
龆,ejoc
虿,hjk
瓿,iou
甾,sga
溷,sak
髡,ehr
佺,rrg
硐,tahoo
钽,jbh
鼹,kban
犸,kkmc
葚,cucz
畈,gtxy
缑,yrfj
萁,cucv
郏,nvt
呤,orzd
鬯,uuvv
鲷,kato
鹩,nvbwk
钐,jyr
蒽,canq
肫,dhc
垧,tpao
漶,soos
耜,utdl
冮,sfgb
绹,ypuf
嗾,oiqj
伢,rey
酹,uxfc
鲥,kbf
芎,cjgv
砗,tlco
埴,tceh
嗞,ovyy
绁,yczs
媸,nchk
浠,sxfy
桫,mswp
彖,kks
鲙,krwv
瘿,eggn
滏,svxj
踣,lio
饔,iyku
淠,sgc
慝,hcfo
苾,cqp
蟊,jkk
歃,pue
鲋,krfc
桕,muj
籴,rui
笱,upoz
吡,ouu
犴,kjgq
啉,omm
疔,ehdb
糍,uvyy
箨,ufxf
桴,mxn
蹚,lwt
椠,ljmuc
顸,jey
腩,dcak
艿,czn
蓣,cze
焐,who
嗪,ocdu
铏,jhcj
裼,ybpy
觳,tahe
畀,gca
羟,kxfg
豇,ufgd
蛴,kiq
泺,spw
鲅,kfxd
氡,wls
跬,lttu
脲,des
鄠,wvzt
瘗,envt
癜,eecc
醢,ufou
綮,axy
逭,atl
铌,jeu
鳎,kbe
踔,lqbc
蛱,knvc
辋,lavi
毵,gnye
舁,ucgj
崤,txfd
恝,cjq
畤,gtf
裥,yab
蟥,kbvc
芰,cxc
阏,airs
锶,jgq
粢,seui
沣,scfv
屺,tzjs
椴,mxhj
笪,ubh
颟,cue
笫,ujqb
诔,iuli
谮,ihhb
笕,uerz
醅,uioy
缌,ygq
黥,biww
谠,iwr
璩,gkks
肭,dar
裣,yrs
陔,tkhe
菹,csd
镏,jpj
棼,mmvj
潲,suwd
埝,trzq
荸,ccan
旰,bjgo
湓,svju
粜,cuui
悛,qgvl
芪,cns
苘,cao
鲽,kczm
崚,ttvls
嗌,osum
潴,skeb
崦,tnbzs
疃,gigt
鄄,atte
饧,uzys
伲,reu
皦,bbix
蕞,cbex
殪,etau
宄,apjv
亶,ibh
呋,onf
疝,etsb
埸,tbpy
窬,ardj
薅,cnhf
箜,uaf
锆,jko
镉,julr
柝,mjd
鹣,vxwk
杻,mzt
溏,stxo
篌,urfjs
旻,bixo
嗐,oaco
眭,ett
砑,teyo
蘼,cyq
蠖,kckx
缵,ykrk
炝,wrzi
苷,cug
澶,sibh
湔,svdj
蔸,cbpf
刿,tdj
貔,keuu
倬,rqbc
聱,cjxe
鹋,cgk
蕻,cycc
绋,yjj
鲔,kfd
俣,rohn
埒,txfc
尥,hpd
觏,cha
舄,upw
澥,sejk
堉,twdu
侔,rgk
彳,lciv
坜,ttfi
罾,avaw
亓,vjev
鋈,spnj
瑢,gatv
莨,cdz
馓,uchd
溱,scdu
螬,khib
蝰,kntt
倮,rgm
揠,fhbn
掊,fios
煳,wco
楗,mxl
捽,firr
蔌,cmoe
啶,oal
躞,liww
茑,cki
墁,tbax
榧,mhq
濉,sekz
饫,upnr
蝥,jxkc
惝,qwai
秕,uuub
垆,tqes
祓,qfx
矬,jrrt
纻,yah
黾,kmv
匦,hlp
苁,crr
庳,tbpca
柁,mau
饩,uwqs
祧,qrss
猁,kuj
葑,cttf
狴,kuut
铯,jrk
瞍,eusx
莩,cxn
涑,smo
囟,exv
缡,yixu
蠓,kcah
耨,uhfz
洧,sfd
嗉,ocy
髹,erm
簏,uklz
掎,fnh
槠,mieb
骟,kae
锞,jgm
埽,txay
鹁,cank
霪,wsxg
黹,wyvh
喹,ontt
狨,kjf
坫,tqou
蓐,chfc
诼,ikd
苠,cnic
揸,fmbh
筇,uft
荭,cyf
芡,ceq
戽,aud
诜,ikr
猞,kreo
岞,tqqs
耧,uunv
皞,bbnc
硖,tnvo
觫,emo
觋,frre
袷,yro
窭,aun
眚,cemp
仳,ruu
鸺,rmk
枧,mer
炆,wixu
邽,ttte
蜩,katoc
蒉,coqg
谇,iirr
艉,lee
铊,jau
赜,ncg
脩,rsld
菪,cato
僦,riwh
濞,sebv
祎,qyw
喾,sako
芴,cpy
酤,uco
忮,qxc
埤,tbpc
袪,ytgs
蓥,caj
甍,caau
垚,tttuu
帨,yvor
昃,btr
萏,cru
薤,ceuh
鲳,kbbo
龁,eqzc
鳊,kaic
褰,accy
蛞,keo
笊,uxz
梼,mcf
翚,eal
詟,kiil
鄣,ict
瘰,egys
岍,thcg
攮,fhos
吽,oku
蚺,kat
铫,jrss
荛,cjhr
楙,mjm
钖,jzy
蚧,krj
檗,eoum
俜,rghz
惛,qnb
觿,etka
蹐,lssrd
豳,tkk
畛,grya
赆,geds
汔,sqz
郫,bpct
曛,bpb
悫,tapq
诹,iex
酲,uogw
酎,ufcy
戋,hjgi
襞,eouy
鲎,sakv
摽,faq
礌,twg
祼,qgm
撙,fvuf
谳,icak
畎,gkq
塄,taif
铍,jep
岢,thos
溲,susx
袢,yvfy
栌,mqe
螽,lskk
瞢,caae
舻,lqes
枵,mohz
毐,tnwi
岨,tdhs
呣,onm
轹,lpwi
呒,ohhy
埚,toar
檠,cpxm
哕,otd
凼,suv
孓,lde
蚍,kuub
龢,iuhv
芩,crzd
夐,rael
炅,bwu
躐,lsk
柷,morn
晡,bhp
勍,iwfi
鼗,rssi
龀,eubc
栳,mel
傒,rxyn
浡,scan
邠,vjte
鲞,vnkv
襻,ymxm
敉,uxpi
谖,ixhf
嶝,tlu
萆,cbpc
垡,rjt
洇,sanr
埏,tpll
硗,tjhr
箅,ugc
颃,ipe
钪,jip
扆,ayih
尢,hyv
茛,czgv
瘐,eurn
髁,egm
疳,eugb
跽,lzq
铗,jnv
耔,unzl
洫,sexv
絜,cjys
琇,guz
槲,meu
劓,ejdb
躔,ltgt
馇,umb
窳,auu
鳐,kxu
瘼,ecbn
龅,epzc
獬,kejk
貅,krmuz
晫,bqbc
萑,ckz
訄,piij
趼,lhc
躜,lkrkr
鞒,ypnj
橼,mykk
鲆,kjv
儇,raho
硎,thcj
堙,tat
胙,dqq
觜,luej
靺,yhmu
舾,laxz
疬,etfi
诖,itt
铷,jno
缳,yaho
貊,khb
噍,okwu
壸,tahw
戥,bcj
坩,tug
瘙,exd
斝,ooau
菝,cffx
阌,axax
胗,dry
虮,kppc
擐,faho
滘,safo
浉,sjhy
氩,whwh
枘,marn
靿,yyf
尪,hgwy
翛,rsle
簰,uabp
悃,qam
禊,qcjn
艋,lnu
纩,ytas
蚰,kgyc
蜣,kkz
浍,srw
碲,tiay
饳,ucu
馉,uegs
蓠,cixu
耪,uiai
蒴,cvcd
栝,meo
贳,czg
臌,dixc
舴,lqq
跂,lxco
偰,rcjn
龠,ivvv
忉,qjdi
浐,sit
脒,dui
跏,lfo
锇,jpfj
瘥,ekf
璺,xah
骒,kgm
黉,sab
埘,tbf
镆,jcbn
狳,krm
莸,ckhy
鍪,jxj
礅,tinx
蝓,krdj
裒,yuj
蘩,cqnx
醑,uldvy
玠,grjw
骱,erjg
嵫,tvyy
葖,cakq
衄,ezt
唵,onbz
遘,chat
砟,tqq
劢,hjfi
坌,vjtu
鹇,amki
郐,rwt
幞,ywkd
钍,jtu
铕,jfd
锩,jvnz
螗,ktxo
稆,uooh
岣,tpo
剀,tzjd
酞,und
鳔,kaqs
敔,hoxp
垤,tht
獍,kir
汆,rsvu
岈,teys
磙,tyvg
爝,wxaz
蟛,kiy
浯,sho
胍,dug
舯,los
锸,jpu
陧,tbt
庋,txca
鲡,khdd
鲦,klm
咴,ofw
癔,eiq
昉,bifo
婞,ntk
矧,jjs
箦,ucg
笮,uqq
艨,lcah
莰,cteq
堍,tkt
腠,dcdh
铟,janr
锛,jncc
碡,tcn
鲊,kqqv
晢,fjb
苄,ciqb
羝,knd
滗,sue
樘,mwt
哌,oty
赙,ghf
醵,ukks
绲,ybuu
镘,jbax
罱,aca
髌,eajc
嵝,tun
烀,wpvf
偲,rgqi
缞,yyo
檫,madx
旐,iqrs
酃,wooo
瘌,emoj
蝾,kcam
悝,qgt
恧,eqih
曈,bigt
镠,jery
泐,stfi
翙,tde
蓰,clll
堋,tddv
忳,qhc
钌,jler
嚭,iowo
鸲,pkio
芑,czj
吲,ojs
拃,fqq
黪,bgny
嵛,trd
鼯,khos
亹,ixah
牂,aky
绠,yhbx
菔,cdzx
畬,rmg
桤,mtz
蒌,cunv
蜾,kgmu
劁,kwj
迕,qcl
湲,sxhfx
肼,dcj
鹆,tki
缊,ybu
锾,jxhf
甡,ccpp
僬,rkw
烔,waho
毹,rdje
犰,kpjq
堠,trfj
轵,lovb
儦,rkwu
霅,wiis
瀹,sivv
墼,lujt
嗍,ovcd
锔,jezo
鳇,kbgw
鲣,kjx
缂,yygs
荽,cxnv
癀,ebvb
臑,dwe
槔,mbnc
舳,lgyz
蝤,kvu
炱,gow
甏,iyu
氾,sziv
廑,tcoca
绨,yvjq
桄,mwru
黟,bdd
眵,edd
葎,clx
晱,bww
诐,iep
摛,fix
沩,sdfd
颥,wee
苤,cwh
耱,uyt
熘,wpj
唪,ocd
垌,taho
艽,cpj
谞,ild
骺,etho
搛,fvx
偓,reh
厣,tkg
洳,sno
砬,tiho
摅,fkq
谫,ivd
唼,oin
洚,sllv
貘,kcbn
涠,sayw
呙,oarn
鲰,kexy
刭,xfj
镡,jabc
鸸,ekih
罨,anbzs
钘,jhcg
珹,gjz
璠,gxg
迺,alx
璪,gooo
芈,kyv
炻,wto
鲬,kzpv
飑,wpzsf
髂,ealo
胩,dqhq
浥,styi
驵,kdhm
酾,uhdd
篥,uam
漭,sckc
铘,jet
罍,gggu
廒,tcjx
糈,uldv
碹,tahb
砜,twfo
鳙,ktxp
膦,dulv
蟪,khbg
穸,adxv
筢,ufk
煸,wai
嘌,oaq
镱,jiq
锎,jahc
铈,jiyj
镅,jeem
蛏,kxt
羰,ktf
氪,wcor
垲,ttzjs
卣,qaz
鼢,kvj
鲴,kaco
鲩,kavr
骶,end
镲,jadx
钫,jif
钇,jzyr
銎,fpj
螵,kaqsc
蛸,kwd
簖,uuzj
崞,tinz
埯,tnbzu
哚,opm
鼽,epjb
鼷,kxyn
鹾,ukf
鹱,kckxyi
鹨,eryk
鹛,eeki
鹎,bpck
鳢,kiu
鳘,qnxk
鳓,kyfi
鲼,kccg
鲺,kzpk
鲮,ktvl
鲚,kiqv
鲕,kehv
鲒,kto
鬏,euwu
骣,kenn
馘,vejo
鞴,ychp
鞲,ycha
鞔,ykr
陴,tbpce
阽,tqoe
闶,aip
镩,jaoo
镨,jvwb
镦,jinx
镥,jkbo
镤,jwkd
镎,jrof
镄,jjjg
锿,jyor
锼,jusx
锬,jwwu
锫,jior
锪,jpyq
锝,jbhf
锘,jcfo
锖,jcd
锕,jth
锓,jxax
锍,jws
锊,jxfc
铽,jjq
铼,jmv
铹,jcaf
铴,jszy
铪,jro
铥,jptg
铞,joy
铑,jel
钷,jhor
钭,judr
钬,jwur
钔,jamr
钋,jqb
钆,jzr
鐾,eoujr
醭,uwkd
醌,ubu
酴,urm
酏,uyey
邶,utev
迮,qql
辁,lrg
轺,ljoc
轷,lpvf
蹯,lxg
踺,lxl
跞,lpw
赕,gwwub
赇,ghsd
谂,irzq
觖,efr
裉,yzgi
袼,yloy
蠼,keekx
螋,kusx
蝽,kcdbc
蝻,kcak
蜱,kbpc
蜞,kucc
蛘,kkyc
蛑,kgk
蚴,kyf
虼,kqz
薷,cwe
蕺,coej
蕹,ciyk
蔹,crsh
蒎,csty
蒈,cuub
蒇,cjg
葶,cih
葜,ccjn
葙,cme
萜,cyqo
菥,cmj
莶,crs
莛,cgl
荮,cyfc
荬,czs
茼,caho
茺,cwr
茳,csf
茚,cxz
茈,clu
苊,ctz
苈,ctfi
芤,cnz
芏,ctu
艴,jjrk
艚,lhib
舭,luu
舣,ldx
腽,dbu
腧,drd
腙,daqs
脶,doa
脬,dxn
脞,drr
脎,dxm
胲,dkhv
胬,nxe
胨,dhw
胂,dbsv
肷,deqv
肟,dvz
聍,eah
耵,ehde
耩,uchat
耥,uwal
耢,ucaf
耠,urol
耖,uwpl
羧,kgvl
缲,yooo
绱,ywa
糨,ujok
糇,urfj
粞,uax
篼,ubpf
箢,uadzi
筻,uhbx
筘,ufoz
筅,ukre
窀,ahc
稃,uxn
稂,udzgh
禚,qkwu
礞,tcahk
礓,thg
磲,tshf
磉,txx
碥,tai
硭,tci
硪,tpfj
硇,tex
砹,tcxo
砘,thco
眢,dze
眍,ehxm
癍,egig
癃,etl
瘵,edx
瘭,eaqsb
瘛,ecj
瘕,eev
瘊,erf
瘅,evgc
瘃,ekd
痦,ehov
痄,eqq
痃,eiya
疰,edg
甓,eouu
瓞,upnf
璁,gaqi
瑭,gtxo
珧,grss
獯,kpb
猹,kmbh
猃,krsh
狃,kztu
狁,kgr
犏,kaicu
犋,kec
牿,kko
牮,rjk
煺,wzl
瀵,sugc
澉,sfex
漤,smmn
滠,sexx
溻,sbe
渫,sczm
浞,slov
浈,sqg
泖,spzi
氚,wspq
氕,wpq
氍,eeke
氇,ekbo
氆,evwb
毪,egku
檑,mwg
檎,mrix
橥,kebm
榱,myoh
榍,mewd
桊,vnm
柃,mrzd
杩,mkmu
敫,bixp
攉,fwk
撖,ffex
搌,fech
搋,ftkh
掭,fhnq
捃,fxpo
戤,zxuj
怊,qjo
帱,ycf
巯,xfws
嵴,tssr
崾,tanvs
岽,thwi
岵,tco
尜,wnw
嫜,nici
嫘,ngya
夼,nspr
墚,tsjv
塥,tulu
圬,tvzu
圊,acd
嚆,oci
嘧,oaqp
哿,foh
哳,ofjn
吣,oqi
吖,ovs
劐,ckxj
劂,tvce
剞,nhj
冱,shkj
冁,vgce
傺,rdxq
佴,ree
仂,rfin
龂,ejnc
齉,ehos
齇,ekdh
齁,epob
鼱,kcdvs
鼫,ktos
鼩,kpos
鼒,fuap
黡,tkb
黇,bqo
麹,upu
麖,kiwil
麑,kurel
麀,kubl
鹴,wmek
鹲,cahkk
鹯,ibhk
鹢,suk
鹡,ssrd
鹠,pjgk
鹟,vgek
鹝,ukil
鹙,uwk
鹖,bprk
鹖,bprzk
鹔,xjvk
鹒,txrk
鹐,ruk
鹀,frrk
鸼,lkiz
鸻,lki
鸰,rzki
鸮,ohzk
鸧,rzk
鸤,ekis
鳤,kuat
鳣,kibh
鳡,kjho
鳠,kckxy
鳛,keba
鳚,keqf
鳒,kvxw
鳑,kiaif
鳉,kadf
鳈,kbs
鳂,kghy
鳁,kbu
鳀,kbl
鲿,kww
鲾,khog
鲹,kgny
鲪,kxpo
鲝,kkvy
鲘,ktho
鲗,kgj
鲖,kaho
鲏,kepv
鲌,kbav
鲉,kgyv
鲃,kkbv
鲀,khc
鱾,kzjv
鱽,kjdv
魋,qkzg
魆,qjz
鬷,uxuv
鬶,neul
鬘,ebax
鬒,ecec
髽,errtu
髢,eyeb
髎,eery
髃,egl
骦,kwme
骙,klhn
骕,kxjv
骎,kxax
骍,kuxm
骉,kkkm
骃,kan
驲,kbom
馧,ubum
馞,ucan
馝,uqpo
馌,utgu
馃,ugmu
饻,uyis
饹,ulo
饸,uros
飗,wpjg
飔,wgq
飐,wqo
飏,wzyf
颙,gle
颎,uwey
颋,gley
韨,yfxd
韂,yrtv
鞮,yblg
鞨,ybpr
鞧,yvu
鞡,yfih
鞁,yepg
靽,yvfg
靸,ypx
靰,yhr
靬,yjgg
霨,weqf
雱,wif
雊,pkzo
隺,akzv
隩,tpau
隃,trdj
陞,tpctu
陑,tehe
陎,tpm
阘,abe
阇,aebo
闿,atz
镵,jkkt
镴,jsk
镮,jaho
镚,jtdd
镋,jwre
镈,jhf
镃,jvyy
锽,jbg
锳,jcan
锧,jtcg
铻,jhorv
铚,jhtu
鋆,tpsj
釐,mxtgt
醾,uyui
醨,uixul
酺,uhp
酦,ucxd
酅,tkao
酂,krkr
鄫,vawbt
鄜,ktel
鄚,cbnte
鄘,txpt
鄗,iteo
鄑,hwbt
鄌,txot
鄅,polt
鄃,rdjt
鄀,cfot
郿,eet
郪,hxnt
郤,ttev
郚,hot
郈,thot
郃,rot
邿,tft
邲,qpt
邘,hfte
遹,jaol
遆,iayl
逴,qbcl
辿,tls
辒,lbu
辌,liw
辀,llzc
轪,lnrc
蹾,linx
蹽,lnvb
蹢,liac
蹜,larh
蹅,lmbh
踶,lbl
踦,lnho
踒,lun
跶,lnl
跱,ltfc
跐,llub
趯,lek
赪,twqg
赗,gbem
赒,gato
赑,ggg
貆,khbh
豮,kccgb
豨,kxfy
谿,xynt
谼,tccv
诇,iaoi
讻,ixui
讱,ijdv
觱,jhoe
觭,enh
觟,ettu
觃,enzr
襫,ynhb
襜,yrt
襚,yvkl
襕,yama
褯,ytcy
褟,ybev
褕,yrdj
裛,ytyi
裈,yalc
袯,ycxd
袗,yry
袆,yywi
衠,lcec
衒,liya
衎,ljgv
衃,ewwx
蠋,kapk
蟫,kabc
蟏,kcxj
螱,eqfk
螣,dvnkc
螠,ksum
蝲,kmo
蝘,khbn
蜐,ktgf
蜎,kodv
蛃,khar
蚲,kjvc
蚆,kkbc
蚄,kifc
虸,knzc
虷,kjgc
虤,kkhh
虓,pkhj
虒,tkhc
蘘,cyoo
藨,ckwuv
藦,cyfs
藠,cbbb
藟,cggg
薿,cujz
薸,csaq
薳,ctoy
薢,cejk
薁,cpau
蕰,csbu
蕗,cllo
蔊,cwbj
蔈,caq
蔃,cjok
蔀,ciot
蓢,cdzd
蓏,cuug
蓇,ceg
蓂,cabi
蒻,cjsj
蒱,cfh
蒨,crcd
蒟,cip
蒐,cqg
蒄,cavf
蒄,cavrf
葴,cjho
葰,crgv
萹,cai
萳,ccak
萩,cuw
萣,calz
萚,cfxf
菼,cwwu
菍,crzq
菉,cks
菂,cbpd
莿,cmaj
莝,crrt
莙,cxpo
荙,cnl
荖,cel
荓,cvc
荄,ckh
荁,chbh
茽,cros
茝,cnc
茓,cavv
茋,cnd
苧,cahd
苉,chr
芼,cemc
芣,cww
芠,cix
芃,cpdvv
艎,lbgw
艅,lrmu
舲,lrzd
舥,lkbz
舠,ljdz
臜,dkr
膙,djo
腯,dtc
腨,dte
腘,dag
腒,dec
脿,dcy
脟,dxfc
胣,dqy
胠,dtg
胈,dfx
肸,dvci
耰,ueql
耤,uchb
耏,eyh
耇,epol
翾,ahoye
翷,ule
翯,eiov
翈,gevs
翂,evjd
翀,eos
羱,ktbw
羖,kjxy
羕,kds
羓,kkby
羑,krdy
罽,atww
罶,apjg
缐,ybsv
绤,ytvs
纼,yjs
纴,ygrs
繄,hjjy
縢,dvny
縠,tahy
糵,ctuu
糒,uchp
粿,ugmi
籥,uivz
簠,uhum
簝,unvbw
簕,uyf
簉,ukolz
簃,uudd
篯,ujhj
箖,umm
筼,uogb
筶,ukoz
筦,uavr
筥,uoo
筤,udzgz
筜,uwx
筀,utt
笯,unxy
竫,irxvh
竘,ipoh
竑,ifg
窸,axq
窣,airr
窎,akiv
窊,augv
窅,aemv
穟,uvkl
穜,uigt
穙,uwkdh
穄,udxq
稙,uceh
稑,utvt
稌,urmu
秬,uhz
禤,qae
禛,qcec
禘,qiay
禔,qbls
禒,qkk
禋,qat
祾,qtv
祲,qxax
祕,qqp
祏,ytoi
祋,qjxs
祊,qifs
祇,qnss
祃,qkm
礵,twme
磹,tabc
磡,tuczfi
磜,tdxq
磏,tvxw
碶,tcjn
碨,tghy
碏,tchb
碈,tnb
碃,tcd
硿,tafgo
硚,tpnj
硙,ttzj
硔,tcc
硍,tzgo
硊,trtzi
硁,txfg
砵,tmh
砮,nxt
砫,tdg
砠,tdho
砆,tnfo
砄,tfr
矼,tfgo
矻,tqzy
矰,jvaw
瞭,envb
瞫,eabc
瞋,ececv
睎,exfy
睄,ewdv
眊,eemm
盷,eps
盦,rzuu
盉,uum
皭,bxaz
皛,bbba
皕,hbhb
癿,bza
癗,ewg
瘆,egny
痓,ehtu
疭,errn
疢,ewub
疐,cagl
疍,lbh
疁,gery
畯,ggvl
畖,guga
甪,ppv
甗,kuuw
瓻,xfyu
瓖,gyoo
瓀,gwe
璲,gvkl
璱,gggq
璮,gibh
璬,gbix
璥,gcpx
璟,gbiw
璘,gul
璒,glu
璈,gcjx
璆,ger
瑳,gkf
瑬,swsg
瑨,ghwb
瑧,gcdu
瑝,gbg
瑖,gxhj
瑔,gbsv
瑓,gma
瑑,gkk
瑆,gbc
瑅,gbl
瑄,gahb
瑃,gcdb
瑂,geem
瑀,gpol
琲,gqv
琯,gat
琫,gcdf
琤,grx
琡,gqhw
琟,gkzw
琔,galz
琎,gcl
琈,gxn
琄,god
琀,grzo
珽,ggl
珸,ghow
珷,ghjl
珵,gog
珫,gwr
珦,gpao
珢,gzgw
珝,gevw
珛,gfdv
珖,gwrw
珕,gfff
珒,gxvw
珌,gqp
珇,gdhw
珅,gbs
玿,gjo
玼,glub
玹,giy
玶,gjv
玱,grzi
玭,guub
玦,gfr
玤,gcfw
玡,geyw
玞,gnfw
玚,gzy
玙,ghzh
玘,gz
玕,gjgw
玓,gpd
玒,gfgw
玃,keek
獴,kca
猺,kxuf
猰,kcjn
猯,kteh
猇,kkhq
猄,kiwi
狝,krwi
狉,kwhiq
犨,kkku
犇,kkk
牻,kkyu
牥,kifu
牚,weya
牁,ahop
爟,wcoo
爚,wivu
爔,wkuh
爇,ctvt
燚,wwww
燏,wjao
燋,wkw
熻,wroe
熥,wzpl
熜,waqi
熛,waqs
熇,wiou
煴,wbu
煟,wgd
煓,wte
煋,wbcp
煃,wntt
煁,wucz
焞,winz
焜,wbuu
焗,wezo
焌,wgvl
焆,wod
烻,wpll
烺,wdz
烶,wglu
烠,wfd
烝,zshw
烜,whbh
炣,whou
炟,wbh
炌,wrj
灈,seek
瀼,syoo
瀱,satw
瀔,stah
瀍,stgt
瀌,skw
濩,sckx
濋,smml
澽,skk
澼,seou
澴,sahoy
澭,siyk
澪,swrz
澛,skb
澂,sthg
潽,svwb
潵,schd
潩,sgcc
潟,supw
潖,sggk
潏,sjao
漼,stk
漻,sery
漹,shlh
漷,sint
漴,staq
漦,mxts
漖,senx
漋,stlh
漈,sdxq
滫,srsl
滪,sze
滧,sixx
滍,schk
滆,sulv
滃,svge
溹,scays
溵,sejx
溦,sthp
溠,skf
溞,sxdk
溚,scro
溍,shwb
溇,sun
溁,scam
湴,svw
湣,snb
湝,suub
湑,sld
湉,sqeo
渼,skn
渰,sroc
渟,sihd
淴,spyq
淯,swd
淟,sic
淜,sdd
淏,sbhn
涴,sadz
涢,sog
涘,sgjs
涐,spfj
涍,senz
涄,sghz
浲,slc
浰,sujd
浭,shbx
浟,srsx
浛,srzo
浕,seds
洿,snvz
洺,sdo
洴,svc
洭,shg
洣,suiv
洢,srxp
洘,sehz
洓,sma
洑,srk
洈,srtz
泜,sndv
泙,sjvb
泇,sfo
泃,spov
泂,saov
沺,sgav
沨,swfv
沚,slh
沘,suu
沇,sgr
沄,swv
汭,sare
汫,scjv
汧,shc
汋,spd
汈,szhi
氿,spjv
毌,nmv
殣,ecoc
歅,ate
欻,wwe
欸,gje
欂,mcsh
櫆,mqu
檞,mejk
橦,migt
橞,mhbg
橑,mnvb
槱,muwu
槜,mkzn
榰,mebo
榖,tahm
榑,mhf
榅,mbu
榃,mmg
楯,mtce
楪,mczm
楩,mrhb
楒,mgq
椸,miqy
椪,mvw
椓,mkd
椑,mbpc
椆,mato
椀,madz
棽,mmrz
棬,mvnz
棫,mjoh
棪,mwwu
棨,axm
棤,mchb
棓,mio
棐,qmuv
棁,mvor
梿,mll
梾,mmv
梽,mtq
梴,mpll
梣,mtrz
梠,moo
梌,mrm
桹,mdz
桲,mcan
桯,mog
栻,mjf
栴,mqd
栟,mvc
栒,mpb
栐,mds
柖,mjo
柊,mls
柈,mvf
枹,mpz
枲,gom
枍,mvhz
枅,mhc
杧,miz
杙,mjy
杕,mnr
杄,mpqu
朸,mfi
朳,mvb
朓,drs
朏,dcu
曌,bda
暿,bioo
暶,biq
暵,bco
暲,bici
暕,bma
暅,bqh
晪,bic
晙,bgvl
晐,bkh
晊,bht
晅,bhb
昽,bklo
昺,bha
昳,bpn
昫,bpoo
昪,bgc
昤,brzd
昣,bry
昡,biy
昒,bpyo
昈,baho
昇,bpc
昄,btxy
旿,bqc
旸,bzy
旵,btso
旴,bhf
旞,iqvk
斶,japk
斠,chatu
敩,sanx
攽,vjx
擿,fiac
摴,fwv
摏,fcdu
搒,fiai
揳,fcj
揕,fucz
掞,fww
捯,fht
挦,fxfc
挓,faph
拤,fqhq
抔,fwws
抃,fiqb
扽,fhcs
扺,fns
扞,fjg
扊,awwu
扅,add
扂,aqo
戭,ahgv
戣,lhnj
憺,qrt
憭,qnv
憙,ioq
憕,qlu
慭,mvk
慬,qcoc
慥,qkol
慆,qxu
愭,qeb
愐,qeai
愃,qahb
惙,qxxx
惔,qww
惎,ucq
悢,qdz
悈,qjc
悆,rmq
恔,qixi
恓,qax
忺,qeq
忞,iqix
徛,lnh
弸,jddv
弶,jiw
弢,jcx
弆,tgc
廙,tgcc
廋,tusx
廆,tqga
庼,tuey
庱,ttvla
庤,ttfca
幖,yaqj
帡,yvc
巉,tkkt
巇,tkuj
嶲,tka
嶦,trtv
嶟,tvuf
嶓,txga
嶒,tvaw
嶍,teba
嶅,cjxt
嵲,tem
嵚,tje
嵖,tmbh
嵎,tglas
嵅,tjho
嵁,tucz
崿,too
崶,tttf
崡,tzsu
崒,tirrc
崌,teco
崄,trsh
崀,tdzg
峿,thosv
峱,kztt
峧,tixs
峣,tjhre
峛,tejd
峘,thbhi
峗,trtz
峏,tehs
峃,sats
峂,tlsb
岠,thf
岊,ktsb
屾,ttss
屼,thre
屃,egb
尨,kyl
寁,ahxl
宬,ajz
宧,ancv
孖,nnzz
孅,nrrj
嬿,ncou
嬬,nweh
嬥,nek
嫽,nnvb
嫭,nkpv
嫪,nery
嫕,nhjq
嫄,ntbw
媱,nxu
媭,yen
媞,nbl
媖,ncan
媓,nbg
媆,nen
媄,nknr
媂,niay
婼,ncfo
婻,ncak
婳,nhgu
婫,nbuu
婤,nato
婘,nvnz
婍,nnh
婌,nqhw
娵,nex
娀,njf
姽,nrtz
姶,nro
姱,nnvz
姤,ntho
姞,nto
姈,nrzd
妭,nfxd
妧,nvr
妘,nwvv
奭,nhbh
奡,henj
奓,ndd
夬,frng
墦,txgu
墣,twkd
墡,tkvo
墘,tcbc
墕,thlhzw
墐,tcoc
墈,tuczf
塱,dzdt
塝,tiai
塆,tiwj
塅,txhj
堾,tcdb
堽,tahl
堼,ttft
堲,zzt
堨,tbprz
堧,ten
堐,ttttu
堎,ttvlu
堌,taco
埼,tnho
埵,tpct
埫,twau
埪,tafg
埗,tllh
埌,tdz
埇,tzpv
埆,teju
垿,ttzv
垾,tbj
垺,txn
垵,tanv
垱,twxj
垯,tnlu
垟,tkyu
垞,taph
垙,twru
垕,thotu
垏,txvu
垎,tlou
垍,teiu
垈,rjtu
坽,trzd
坰,tao
坬,tugu
坥,tdhu
坒,uut
坋,tvj
坉,thcu
圲,tpqu
圫,tphz
圢,thdu
圙,ave
圐,aai
圌,ateh
囷,auh
嚚,oono
嚄,ockx
噇,oigt
噂,ovuf
噀,ozzc
嘡,owt
嘚,olbh
喤,obg
啴,ovgc
啫,oebo
唝,ofg
哱,ocan
哢,ogc
哃,oaho
咺,ohbh
咥,oht
咡,oee
咍,ogo
咉,oan
咇,oqp
呇,sov
叚,evfx
叕,xxxx
叇,wxsl
叆,wxaf
厾,ztgs
厖,tkyc
卬,pziv
匼,hro
匜,hyek
勠,eryf
勚,czgf
勔,efia
劄,uroj
剟,xxxxj
剕,qjdv
剋,corj
剅,ujdd
刬,hjj
凘,sucj
凓,samub
冔,bohf
儴,ryoo
儳,rkk
僰,mama
僔,rvuf
僎,rzzc
僇,rery
傉,rhfc
傃,rcys
偭,rean
偡,rucz
偁,rxat
倻,ret
倴,rncc
倧,raq
倞,riw
倓,rwwu
俶,rqhw
俵,rcy
俫,rmv
俙,rxfy
俍,rdz
侹,rgln
侴,rztj
侘,raph
侂,rtph
侁,rkr
佽,rse
佸,reon
佖,rqp
佁,rgo
伾,rwh
伭,riy
伣,rern
伋,rpxn
伈,rqin
亸,invg
乸,ynme
乂,xvv
丏,hszz
,aat
,acck
?,atev
?,bdz
,bero
?,bwdx
?,bwra
?,bxhf
,bywo
?,byyw
?,cafi
,caoc
?,cauf
?,cct
?,cdk
?,cecu
?,cjnv
?,cjt
,clle
?,cnh
?,cqbc
,cuk
,cul
?,cut
?,dau
?,dqsv
?,dvjq
?,dvnkv
?,dvzd
?,dzdm
?,ejki
?,ekki
,emml
,enho
?,eouk
,ero
,erjc
?,eunm
?,fdfd
?,fsh
?,fxxy
,geyy
,gpw
?,gwvz
,gxf
,hbnk
,hkip
?,hyk
,iah
,iatu
,ibl
,ihbg
,ihfi
,ihjg
?,ijni
,iqjk
?,ixk
,izgi
,jafg
,jbs
,jbvr
,jccx
?,jceb
?,jcxd
,jhx
,jin
,jiorv
,jjnr
,jjor
,jjyr
,jmd
,jmt
,jnmr
,jqe
,jrfj
,jru
,jse
,jul
,jumr
,jvge
,jvkl
,jycr
,jyx
,kaom
,kaubv
?,kcay
?,kcdb
,kct
,kdxq
?,khn
,khw
?,khxz
,kikk
,kio
,kkr
,kmav
,kmoj
,kpov
,kqvm
?,krd
,krmum
?,krsl
,krss
,krtz
?,kugl
,kulvm
,kwhi
?,kxz
,lnsc
,lvuy
?,maxu
,mnv
,mtcg
?,mtg
?,mujr
?,nrhb
,nxfg
?,nzp
?,oafe
,ohwq
?,ovx
?,qrx
?,qtvl
?,riwu
?,rmut
?,rrx
,rtze
,rvgc
,sagv
,sat
,sgb
,shjdv
?,sjdv
?,srou
?,srxq
?,stvc
?,svx
?,swr
,szyg
?,tan
,tcaf
?,tcah
,tcay
?,tcwk
,thxu
,tiqe
?,tiwh
,tjeq
,tjue
?,tkki
,tldv
,tllu
?,tndd
,tnlo
,toqg
,trub
,ttfis
,ttz
?,tvg
,tvgc
?,txxx
?,tzho
,uayi
,ufgb
?,ugny
?,vawbe
,whx
?,wkoq
?,wpvu
?,wtt
,wvgc
?,wwk
,wxfc
,xft
,xgk
,yahg
,yanr
?,yaos
,yare
,yavr
,ybt
,ycd
,ygl
,yin
,ymm
,ysps
,yyoo
,zhk
妳,nrw
囧,
屌,eoy
屄,eav
