的,gg
一,s
是,ff
不,hh
了,bjj
在,net
人,i
有,nn
我,jl
他,um
这,oz
个,ie
们,ig
中,ke
来,ls
上,ees
大,ns
为,wnw
和,rk
国,clw
地,tm
到,sp;
以,lwi
说,yd;
时,fj
要,ya
就,qk
出,cm
会,idp
可,kj
也,mje
你,iou
对,bj
生,rj
能,xn
而,asr
子,bb
那,nb
得,kfj
于,dj
着,dja
下,sew
自,ra
之,z
年,rce
过,jz
发,lrw
后,psk
作,ird
里,ft
用,mrj
道,drz
行,kdj
所,pch
然,odv
家,uz
种,rke
事,skj
成,gjl
方,;ws
多,oo
经,xbd
么,rp
去,tp
法,vtp
学,vub
如,ak
都,trb
同,csk
现,lc;
当,ef
没,vqb
动,dpn
面,ncd
起,tv
看,ja
定,ust
天,sn
分,uq
还,suz
进,kz
好,ab
小,uj
部,ykb
其,hfu
些,tld
主,wl
样,mde
理,lft
心,elw
她,am
本,ms
前,qn
开,sh
但,ifs
因,cn
只,ku
从,ii
想,mae
实,udn
日,ff
军,ul
者,trf
意,yfe
无,d;
力,njr
它,ul
与,sjs
长,rlw
把,jv
机,mq
十,gse
民,cy
第,uar
公,up
此,tl
已,vjs
工,dd
使,isx
情,ejn
明,fn
性,erj
知,rnk
全,il
三,fss
又,bbb
关,dn
点,ekv
正,st
业,yee
外,oew
将,doj
两,sci
高,wkk
间,gf
由,fe
问,gk
很,kfy
最,fhb
重,rst
并,dh
物,rjd
手,jrs
应,gvs
战,ekl
向,rck
头,dn
文,ows
体,ims
政,sto
美,dln
相,ma
见,c;
被,mgb
利,r;
什,ig
二,dss
等,utj
产,yr
或,lks
新,ym
己,vjs
制,rm;
身,pre
果,fm
加,nk
西,yse
斯,hfh
月,nnn
话,ytk
合,isk
回,ck
特,rtj
代,il
内,ci
信,iy
表,jy
化,il
老,;
给,xik
世,hl
位,iy
次,doi
度,ghb
门,gwe
任,if
常,eum
先,f;
海,vrd
通,pmz
教,tro
儿,;rl
原,gxu
东,lu
声,tp
提,jf
立,yy
及,nw
比,ll
员,kh
解,omt
水,vv
名,ok
真,ghu
论,yil
处,oew
走,tt
义,wx
各,ok
入,uwr
几,qrl
口,kk
认,yi
条,om
平,sdg
系,rxu
气,rrs
题,fh
活,vtk
尔,ou
更,sfx
别,kn;
打,jj
女,alr
变,yb
四,cu
神,mfe
总,dke
何,ikj
电,fl
数,dao
安,ua
少,ur
报,jbb
才,jsj
结,xtk
反,pb
受,rub
目,aej
太,nw
量,fst
再,sct
感,gke
建,ftz
务,on
做,igo
接,jya
必,er
场,tjd
件,irt
计,yg
管,uuk
期,hfn
市,wm
直,gh
德,kge
资,doh
命,isb
山,mel
金,qq
指,jlf
克,g;
许,yrg
统,xw;
区,c;
保,ikm
至,spt
队,bi
形,shx
社,mt
便,isx
空,uud
决,dci
治,vpk
展,phs
马,ajj
科,rdg
司,jsk
五,aa
基,hft
眼,afy
书,jjw
非,fdf
则,h;
听,kh
白,xx
却,tpb
界,cid
达,nz
光,e;
放,;o
强,ak;
即,fpb
像,ioz
难,bia
且,hej
权,mb
思,ce
王,lll
象,okz
完,ud;
设,yqb
式,ld
色,ov
路,tok
记,yv
南,gcg
品,kkk
住,iwl
告,fk
类,dn
求,svw
据,jpg
程,rkl
北,dl
边,nz
死,sol
张,arw
该,ywi
交,wux
规,di;
万,sj
取,hb
拉,jy
格,mok
望,wll
觉,vu;
术,mw
领,iwh
共,hsu
确,;om
传,idw
师,dsm
观,bc;
清,vjn
今,iwj
切,lq
院,bu;
让,ye
识,yku
候,ien
带,cum
导,vj
争,ofj
运,dpz
笑,urn
飞,lv
风,q;
步,tur
改,vo
收,leo
根,mfy
干,tss
造,fkz
言,yyy
联,hdn
持,jtj
组,xh
每,rld
济,vod
车,lg
亲,ymq
极,mnw
林,mm
服,nbb
快,eci
办,nu
议,ywx
往,kwl
元,d;
英,hci
士,tse
证,yst
近,hz
失,ri
转,ldw
夫,di
令,iwp
准,dia
布,nm
始,apk
怎,ree
呢,kpl
存,neb
未,du
远,d;z
叫,kle
台,pk
单,dfg
影,fwx
具,hu
罗,co
字,ub
爱,rub
击,dm
流,vw;
备,oc
兵,hsu
连,lz
调,yck
深,vum
商,yck
算,uah
质,pgh
团,cj
集,iam
百,nf
需,oa
价,iid
花,hil
党,eu;
华,ilg
城,tgl
石,;;
级,xnw
整,skt
府,gij
离,ocp
况,dk;
亚,sy
请,yjn
技,jgb
际,bdu
约,xjw
示,du
复,rfo
病,gsi
息,rae
究,uun
线,xl
似,ili
官,uk
火,ww
断,dlh
精,djn
满,vhi
支,gb
视,mc;
消,ven
越,tll
器,knk
容,uuk
照,fqv
须,xh
九,nr
增,tdf
研,;sh
写,uss
称,rou
企,it
八,urw
功,dn
吗,ka
包,jv
片,rej
史,kx
委,ra
乎,rsj
查,mfs
轻,lbd
易,fjd
早,fg
曾,dcf
除,bir
农,uy
找,jl
装,dty
广,ggg
显,fy
吧,kv
阿,bkj
李,mb
标,mdu
谈,yww
吃,krl
图,cod
念,iwe
六,wu
引,ae
历,gn
首,dra
医,crn
局,pjk
突,uuw
专,djw
费,adh
号,ksj
尽,pwd
另,kn
周,ctk
较,lwx
注,vwl
语,yak
仅,ib
考,trj
落,hvk
青,jn
随,bnz
选,f;z
列,so;
武,slt
红,xd
响,krk
虽,k;
推,jia
势,jnn
参,pnx
希,xnm
古,gg
众,iii
构,mjp
房,wp;
半,dt
节,hb
土,ttt
投,jqb
某,hdm
案,uam
黑,ctv
维,xia
革,hkg
划,l;
敌,tko
致,spo
陈,blu
律,kft
足,tej
态,nwe
护,jwp
七,lsl
兴,vsu
派,vpy
孩,bwi
验,ais
责,jh
营,huk
星,frj
够,jko
章,yfg
音,yf
跟,tfy
志,te
底,gpw
站,yek
严,syr
巴,vje
例,is;
防,b;
族,;rn
供,ihu
效,wuo
续,xgn
施,;rm
留,pwc
讲,yk
型,sht
料,ddg
终,xod
答,uik
紧,dbu
黄,hsu
绝,xov
奇,nkj
察,uou
母,ljd
京,wku
段,pfb
依,iwy
批,jll
群,fre
项,dh
故,go
按,jua
河,vkj
米,ddd
围,cde
江,vd
织,xku
害,ufk
斗,dg
双,bb
境,ty;
客,uok
纪,xv
采,rm
举,vst
杀,xm
攻,do
父,ux
苏,hnu
密,uem
低,ipw
朝,gfn
友,nb
诉,yhw
止,tes
细,xc
愿,gxe
千,trs
值,igh
仍,in
男,cn
钱,ql
破,;gb
网,c;;
热,jnv
助,hn
倒,is;
育,wpn
属,prp
坐,iit
帝,yum
限,bfy
船,;qk
脸,nis
职,hku
速,skz
刻,wl;
乐,pu
否,suk
刚,c;;
威,gal
毛,rdl
状,dnw
率,wvg
甚,hfl
独,z;
球,lsw
般,;qb
普,dyf
怕,ex
弹,adg
校,mwx
苦,hg
创,iv;
假,icb
久,ow
错,qhf
承,bfv
印,psb
晚,fo;
兰,df
试,yld
股,nqb
拿,isj
脑,noc
预,pjh
谁,yia
益,duc
阳,bf
若,hnk
哪,knb
微,kmo
尼,pl
继,xdl
送,dnz
急,ofe
血,rc
惊,ewu
伤,irn
素,jxu
药,hxw
适,tkz
波,vgb
夜,wiw
省,ura
初,mq
喜,tkk
卫,jes
源,vgu
食,iwy
险,bis
待,ktj
述,mwz
陆,bdm
习,jd
置,cgh
居,pg
劳,hun
财,hj
环,lsu
排,jff
福,msc
纳,xci
欢,boi
雷,oc
警,hjy
获,hzw
模,mhn
充,wp;
负,oh
云,dp
停,iwj
木,mmm
游,v;b
龙,nlw
树,mbj
疑,lrt
层,pdp
冷,dip
洲,vcv
冲,dke
射,pj
略,cok
范,hvv
竟,yf;
句,jk
室,ust
异,vh
激,vxo
汉,vb
村,mj
哈,kik
策,usu
演,vuu
简,ugf
卡,eew
罪,cff
判,dt;
担,jfs
州,cv
静,jnj
退,fyz
既,fp;
衣,wy
您,ioe
宗,udu
积,rku
余,ir
痛,gpm
检,mis
差,djd
富,usc
灵,fw
协,gnu
角,om
占,ek
配,yv
征,kst
修,iex
皮,geb
挥,jul
胜,nrj
降,boe
阶,bid
审,ufe
沉,vuq
坚,dbt
善,dfk
妈,aa
刘,o;
读,ygn
啊,kbj
超,tqk
免,ok;
压,gtw
银,qfy
买,jdn
皇,xl
养,dfd
伊,ifr
怀,esu
执,jnw
副,sk;
乱,tkl
抗,jwq
犯,zv
追,rkz
帮,frm
宣,uss
佛,iad
岁,mo
航,;wq
优,inw
怪,ebt
香,rf
著,htf
田,ccc
铁,qri
控,jud
税,rd;
左,nd
右,nk
份,iuq
穿,uur
艺,hl
背,dln
阵,bl
草,hfg
脚,ntb
概,mf;
恶,sye
块,tci
顿,sch
敢,jho
守,uj
酒,vy
岛,;m
托,jrl
央,ci
户,wp
烈,sov
洋,vde
哥,kjj
索,guu
胡,gn
款,tdi
靠,fkf
评,ysg
版,reb
宝,ulw
座,git
释,rmt
景,fwu
顾,gvh
弟,dar
登,jwd
货,ilh
互,sls
付,ij
伯,ix
慢,efb
欧,c;i
换,joi
闻,gh
危,ogv
忙,ewl
核,mwi
暗,fyf
姐,ah
介,id
坏,tsu
讨,yj
丽,scw
良,wfy
序,gpj
升,rh
监,drc
临,drk
亮,wkq
露,otk
永,wjv
呼,krj
味,kdu
野,ftj
架,nkm
域,tls
沙,vur
掉,jeg
括,jtk
舰,;c;
鱼,orj
杂,nm
误,ykn
湾,vya
吉,tk
减,dgl
编,xwh
楚,mmt
肯,tn
测,vh;
败,ho
屋,pst
跑,tjv
梦,mmo
散,hso
温,vfc
困,cm
剑,is;
渐,vlh
封,ttj
救,svo
贵,keh
枪,miv
缺,rmi
楼,mda
县,hp
尚,eck
毫,wkl
移,roo
娘,awy
朋,nn
画,scc
班,lwl
智,rnf
亦,yws
耳,hh
恩,cne
短,rnd
掌,euj
恐,dqe
遗,kez
固,cg
席,ghm
松,mup
秘,rer
谢,ypj
鲁,of
遇,fcz
康,gfv
虑,ege
幸,tdg
均,tjd
销,qen
钟,qke
诗,ytj
藏,hgl
赶,tt
剧,pg;
票,ydu
损,jkh
忽,jde
巨,cc
炮,wjv
旧,ef
端,yma
探,jum
湖,vgn
录,fv
叶,kg
春,fif
乡,xr
附,bij
吸,knw
予,pjj
礼,ml
港,vhv
雨,ose
呀,kcr
板,mpb
庭,gfz
妇,af
归,df
睛,ajn
饭,opb
额,uoh
含,iwk
顺,ch
输,lin
摇,jrm
招,jqk
婚,apf
脱,nd;
补,mew
谓,ycn
督,eua
毒,jld
油,vfe
疗,gb
旅,;ry
泽,vbt
材,mj
灭,sw
逐,zz
莫,hfn
笔,url
亡,wl
鲜,ode
词,yjk
圣,bt
择,jbt
寻,fj
厂,gsr
睡,att
博,gsj
勒,hkn
烟,wcn
授,jrb
诺,yhk
伦,iil
岸,mgt
奥,rcn
唐,gfk
卖,gjn
俄,ijl
炸,wrd
载,gll
洛,vok
健,ifz
堂,eut
旁,yu;
宫,ukk
喝,kfl
借,ihf
君,frk
禁,mmu
阴,bn
园,cd;
谋,yhm
宋,um
避,pkz
抓,jr
荣,hum
姑,ag
孙,bu
逃,;vz
牙,cjr
束,sku
跳,t;v
顶,jh
玉,lw
镇,qgu
雪,of
午,rg
练,xlu
迫,xz
爷,uxb
篇,uwh
肉,cii
嘴,ktm
馆,ouk
遍,wpz
凡,qw
础,;cm
洞,vck
卷,dnv
坦,tfs
牛,rt
宁,uj
纸,xpl
诸,ytf
训,yc
私,rp
庄,gt
祖,mh
丝,xxs
翻,rmd
暴,fhv
森,mmm
塔,thk
默,ctw
握,jpt
戏,bl
隐,boe
熟,wkv
骨,cjn
访,y;
弱,add
蒙,huz
歌,kji
店,gek
鬼,x;p
软,loi
典,chu
欲,uii
萨,hbr
伙,iw
遭,hfz
盘,;c
爸,uxv
扩,jg
盖,dlc
弄,lh
雄,npa
稳,roe
忘,wle
亿,il
刺,sm;
拥,jm
徒,kt
姆,ald
杨,mjd
齐,od
赛,ufh
趣,thb
曲,ch
刀,qjr
床,gm
迎,pbz
冰,dv
虚,egy
玩,ld;
析,mh
窗,uuo
醒,yfj
妻,sfa
透,rnz
购,hjp
替,dif
塞,uft
努,abn
休,im
虎,egq
扬,jjd
途,irz
侵,ifb
刑,sh;
绿,xfv
兄,k;
迅,lgz
套,n;p
贸,pwh
毕,llg
唯,kia
谷,uik
轮,lil
库,gl
迹,yz
尤,nlw
竞,yk;
街,ktj
促,it
延,rtz
震,ogy
弃,wph
甲,fe
伟,ide
麻,gmm
川,cre
申,fe
缓,xrb
潜,vdf
闪,gi
售,iak
灯,wj
针,qg
哲,jhk
络,xok
抵,jpw
朱,ru
埃,tpn
抱,jjv
鼓,tkb
植,mgh
纯,xsl
夏,nao
忍,qwe
页,hsr
杰,mv
筑,udw
折,jh
郑,dnb
贝,hej
尊,dyj
吴,ksn
秀,rn
混,vfl
臣,cee
雅,cja
振,jgy
染,vnm
盛,gjc
怒,abe
舞,rhe
圆,ckh
搞,jwk
狂,zl
措,jhf
姓,arj
残,sol
秋,rw
培,tyk
迷,dz
诚,ygl
宽,uh;
宇,udj
猛,zbc
摆,jcp
梅,mrd
毁,xdb
伸,ife
摩,gmj
盟,fnc
末,sm
乃,njr
悲,fde
拍,jx
丁,jjj
赵,tx
硬,;sx
麦,jo
蒋,hdj
操,jkm
耶,hb
阻,bh
订,yj
彩,rmx
抽,jfe
赞,f;h
魔,gmp
纷,xuq
沿,vqk
喊,kgl
违,djz
妹,adu
浪,vwy
汇,vc
币,rm
丰,fe
蓝,hdc
殊,sou
献,gcw
桌,efm
啦,kjy
瓦,slw
莱,hl
援,jrb
译,ybt
夺,nj
汽,vr
烧,wl;
距,tcc
裁,gly
偏,iwh
符,uij
勇,pmn
触,om;
课,yfm
敬,hjo
哭,knw
懂,eht
墙,tgk
袭,nly
召,qk
罚,cy;
侠,isi
厅,gj
拜,jge
巧,dsj
侧,ih;
韩,gfe
冒,fa
债,ijh
曼,fcb
融,sk;
惯,ech
享,wkb
戴,glu
童,yft
犹,znw
乘,tdu
挂,jtt
奖,don
绍,xqk
厚,gfb
纵,xii
障,byg
讯,ylg
涉,vtr
彻,klq
刊,t;
丈,sx
爆,wfv
乌,jjs
役,kqb
描,jhc
洗,vf;
玛,la
患,kke
妙,aur
镜,qy;
唱,kff
烦,wh
签,uis
仙,im
彼,kgb
弗,ad
症,gst
仿,i;
倾,ilh
牌,reg
陷,box
鸟,;s
轰,lbb
咱,kra
菜,hrm
闭,gj
奋,nc
庆,gn
撤,jwo
泪,va
茶,him
疾,grn
缘,xlz
播,jrc
朗,wfn
杜,mt
奶,an
季,rb
丹,cw
狗,zjk
尾,prl
仪,iwx
偷,ii;
奔,ngh
珠,lru
虫,;ej
驻,awl
孔,bl
宜,uh
艾,hx
桥,mrd
淡,vww
翼,jdu
恨,efy
繁,rlu
寒,ufd
伴,idt
叹,kb
旦,fs
愈,ise
潮,vgn
粮,dwy
缩,xuf
罢,ctp
聚,hbv
径,kbd
恰,eik
挑,j;v
袋,ily
灰,nw
捕,jsw
徐,kir
珍,lix
幕,hfm
映,fci
裂,soy
泰,fiv
隔,bse
启,wpk
尖,un
忠,kee
累,cxu
炎,ww
暂,lhf
估,ig
泛,vrz
荒,hw;
偿,iep
横,mhu
拒,jcc
瑞,lma
忆,el
孤,bpw
鼻,rad
闹,gwm
羊,dfe
呆,km
厉,gsj
衡,koj
胞,njv
零,oip
穷,uun
舍,itk
码,;a
赫,tyy
婆,vga
魂,dpp
灾,uw
洪,vhu
腿,nfz
胆,nfs
津,vft
俗,iuk
辩,yyg
胸,njc
晓,fl;
劲,bdn
贫,uqh
仁,id
偶,ifp
辑,lkh
邦,frb
恢,enw
赖,skh
圈,cdv
摸,jhn
仰,ipb
润,vgl
堆,tia
碰,;dy
艇,;fz
稍,ren
迟,pwz
辆,lsi
废,glw
净,doj
凶,;c
署,ctf
壁,pkt
御,krb
奉,fit
旋,;rt
冬,od
矿,;g
抬,jpk
蛋,jt;
晨,fgy
伏,inw
吹,koi
鸡,b;s
倍,iyk
糊,dgn
秦,fir
盾,pga
杯,msu
租,rh
骑,anj
乏,rz
隆,boj
诊,yix
奴,ab
摄,jhb
丧,gdy
污,vdj
渡,vgb
旗,;ru
甘,hd
耐,aj
凭,ifq
扎,jl
抢,jiv
绪,xtf
粗,dh
肩,wpn
梁,vqm
幻,xj
菲,hff
皆,llx
碎,;wg
宙,ufe
叔,eub
岩,m;
荡,hvd
综,xuu
爬,rv
荷,hij
悉,rme
蒂,hym
返,pbz
井,kss
壮,dt
薄,hvj
悄,een
扫,jf
敏,rlo
碍,;fj
殖,soh
详,yde
迪,fez
矛,pjr
霍,oia
允,p;
幅,msc
撒,jho
剩,td;
凯,mvq
颗,fmh
骂,ka
赏,euh
液,vww
番,rmc
箱,uma
贴,hek
漫,vfb
酸,ypo
郎,wfb
腰,nya
舒,itj
眉,pa
忧,enw
浮,vrb
辛,yg
恋,ye
餐,eoy
吓,ksw
挺,jfz
励,gsn
辞,tkg
艘,;xb
键,qfz
伍,ia
峰,moe
尺,pw
昨,frd
黎,rjv
辈,fdl
贯,cgh
侦,ieh
滑,vcn
券,dnq
崇,muu
扰,jnw
宪,uf;
绕,xl;
趋,tof
慈,dxe
乔,rnd
阅,gd;
汗,vt
枝,mgb
拖,jrm
墨,ctt
胁,nnu
插,jtx
箭,uqn
腊,nhf
粉,duq
泥,vpl
氏,pl
彭,tkx
拔,jnw
骗,awh
凤,qb
慧,fee
媒,ahm
佩,iqm
愤,egh
扑,jew
龄,tip
驱,ac;
惜,ehf
豪,wkz
掩,jnl
兼,dfy
跃,trn
尸,pp
肃,fue
帕,mx
驶,akx
堡,ikt
届,pfe
欣,hoi
惠,sfe
册,ccs
储,iyf
飘,yd;
桑,bbm
闲,gm
惨,epx
洁,vtk
踪,tuu
勃,gun
宾,uhu
频,tuh
仇,in
磨,gm;
递,daz
邪,cjb
撞,jyt
拟,jli
滚,vwy
奏,fin
巡,llz
颜,yrh
剂,od;
绩,xjh
贡,dh
疯,gq;
坡,tgb
瞧,aiv
截,gla
燃,wov
焦,iav
殿,phb
伪,iww
柳,mpb
锁,qeh
逼,skz
颇,geh
昏,plf
劝,bn
呈,kl
搜,jxb
勤,hkn
戒,lh
驾,nka
漂,vyu
饮,ooi
曹,hff
朵,qm
仔,ib
柔,pjm
俩,isi
孟,bc
腐,gii
幼,xn
践,tl
籍,uff
牧,ro
凉,dwu
牲,rrj
佳,itt
娜,anb
浓,vuy
芳,h;
稿,rwk
竹,uuu
腹,nro
跌,tri
逻,coz
垂,tht
遵,dyz
脉,nwv
貌,zx;
柏,mx
狱,zyw
猜,zjn
怜,eip
惑,lke
陶,bjm
兽,dck
帐,mrw
饰,orm
贷,ilh
昌,ff
叙,irb
躺,pek
钢,qc;
沟,vjp
寄,unj
扶,jdi
铺,qsw
邓,bb
寿,frj
惧,ehu
询,yjf
汤,vjd
盗,doc
肥,nv
尝,eup
匆,jdw
辉,e;l
奈,ndu
扣,jk
廷,fz
澳,vrn
嘛,kgm
董,hrt
迁,tz
凝,dlt
慰,pde
厌,gnw
脏,ngt
腾,nda
幽,mxx
怨,ove
鞋,hkt
丢,fp
埋,tft
泉,xv
涌,vpm
辖,luk
躲,pqm
晋,syf
紫,tlu
艰,bfy
魏,rap
吾,ak
慌,eh;
祝,mk;
邮,feb
吐,kt
狠,zfy
鉴,drq
曰,fej
械,mlh
咬,kwx
邻,iwb
赤,ty
挤,jod
弯,ya
椅,mnj
陪,byk
割,uf;
揭,jfl
韦,dje
悟,eak
聪,hde
雾,oon
锋,qoe
梯,mdr
猫,zhc
祥,mde
阔,gvk
誉,vsy
筹,ufj
丛,iis
牵,nut
鸣,k;s
沈,vu;
阁,gok
穆,rxx
屈,pcm
旨,lf
袖,mfe
猎,zhf
臂,pkn
蛇,;ul
贺,nkh
柱,mwl
抛,jnn
鼠,xll
瑟,llr
戈,lsl
牢,urt
逊,buz
迈,sjz
欺,hfi
吨,ksl
琴,llj
衰,wky
瓶,dhw
恼,eoc
燕,hdv
仲,ike
诱,yrn
狼,zwy
池,vm
疼,god
卢,ep
仗,isx
冠,udj
粒,dy
遥,rrz
吕,kk
玄,wx
尘,ut
冯,da
抚,jd;
浅,vl
敦,wko
纠,xle
钻,qek
晶,fff
岂,mv
峡,msi
苍,hiv
喷,kgh
耗,ful
凌,dto
敲,wkb
菌,hcr
赔,hyk
涂,vir
粹,dwg
扁,wph
亏,dj
寂,ueb
煤,whm
熊,pnv
恭,hsu
湿,vfy
循,kpa
暖,frb
糖,dgk
赋,hst
抑,jpb
秩,rri
帽,mfa
哀,wky
宿,uif
踏,tvf
烂,wdf
袁,tky
侯,icn
抖,jdg
夹,sdi
昆,fll
肝,nt
擦,juu
猪,ztf
炼,wlu
恒,ess
慎,egu
搬,j;b
纽,xjt
纹,xo
玻,lgb
渔,vo
磁,;dx
铜,qck
齿,tic
跨,tnj
押,jfe
怖,enm
漠,vhn
疲,ggb
叛,dtb
遣,kez
兹,dxx
祭,odu
醉,ywg
拳,dnj
弥,aou
斜,irg
档,mef
稀,rxm
捷,jst
肤,ndi
疫,gqb
肿,nke
豆,skd
削,en;
岗,mc;
晃,fe;
吞,snk
宏,unp
癌,gkm
肚,nt
隶,fv
履,pko
涨,vaw
耀,e;a
扭,jjt
坛,tdp
拨,jlw
沃,vrn
绘,xip
伐,il
堪,thl
仆,iew
郭,wkb
牺,ry
歼,sot
墓,hft
雇,wpa
廉,gdy
契,fen
拼,jdh
惩,kse
捉,jt
覆,yko
刷,pm;
劫,tpn
嫌,ady
瓜,ppw
歇,fji
雕,cta
闷,ge
乳,rbl
串,kke
娃,att
缴,xxo
唤,koi
赢,wlw
莲,hlz
霸,ohn
桃,m;v
妥,ra
瘦,gxb
搭,jhk
赴,tew
岳,hsm
嘉,tkk
舱,;iv
俊,ipo
址,tt
庞,gnw
耕,fuk
锐,qd;
缝,xoz
悔,erd
邀,x;z
玲,lip
惟,eia
斥,hw
宅,url
添,vsu
挖,jul
呵,kkj
讼,yup
氧,rde
浩,vfk
羽,jdd
斤,hrr
酷,yfk
掠,jwu
妖,arn
祸,mki
侍,itj
乙,l
妨,a;
贪,iwh
挣,joj
汪,vl
尿,pv
莉,hr;
悬,hpe
唇,gdk
翰,gfd
仓,iv
轨,ln
枚,mo
盐,tec
览,dr;
傅,isj
帅,dm
庙,gfe
芬,huq
屏,pdh
寺,tj
胖,ndt
璃,lop
愚,fce
滴,vyg
疏,jt;
萧,hfw
姿,doa
颤,wch
丑,jt
劣,urn
柯,mkj
寸,jsj
扔,jn
盯,aj
辱,gdj
匹,c;
俱,ihu
辨,ywg
饿,ojl
蜂,;oe
哦,kjl
腔,nud
郁,nnb
溃,vkh
谨,yhj
糟,dhf
葛,hfl
苗,hc
肠,njd
忌,ve
溜,vpc
鸿,vds
爵,rcj
鹏,nns
鹰,gis
笼,unw
丘,hs
桂,mtt
滋,vdx
聊,hpb
挡,jef
纲,xc;
肌,nq
茨,hdi
壳,tuq
痕,gfy
碗,;uv
穴,uu
膀,ny;
卓,efg
贤,dbh
卧,cew
膜,nhn
毅,yzb
锦,qxm
欠,oi
哩,kft
函,bvc
茫,hvl
昂,fpb
薛,hrg
皱,ofb
夸,ndj
豫,pjz
胃,cn
舌,tk
剥,fv;
傲,ijo
拾,jik
窝,uui
睁,aoj
携,jin
陵,bto
哼,kwb
棉,mxm
晴,fjn
铃,qip
填,tgu
饲,ojk
渴,vfl
吻,kjd
扮,juq
逆,dcz
脆,nov
喘,kma
罩,ceg
卜,ew
炉,wwp
柴,tlm
愉,ei;
绳,xkl
胎,npk
蓄,hwc
眠,acy
竭,yfl
喂,kcy
傻,iro
慕,hfu
浑,vul
奸,at
扇,wpd
柜,mcc
悦,ed;
拦,jdf
诞,yrz
饱,ojv
乾,gfl
泡,vjv
贼,hln
亭,wkj
夕,orj
爹,uxo
酬,ycv
儒,ioa
姻,acn
卵,pww
氛,ruq
泄,vhl
杆,mt
挨,jpn
僧,idf
蜜,ue;
吟,kij
猩,zfj
遂,dzz
狭,zsi
肖,en
甜,tkd
霞,ocb
驳,axx
裕,muk
顽,d;h
於,;id
摘,jyg
矮,rna
秒,rur
卿,prb
畜,wxc
咽,kcn
披,jgb
辅,lsw
勾,jp
盆,uqc
疆,ats
赌,htf
塑,dct
畏,csy
吵,kur
囊,sky
嗯,kce
泊,vx
肺,nsm
骤,ahv
缠,xgt
冈,c;
羞,djt
瞪,ajd
吊,km
贾,yh
漏,vpo
斑,lol
涛,vfj
悠,iee
鹿,gcl
俘,irb
锡,qfd
卑,xrg
葬,hsh
铭,qok
滩,vba
嫁,auz
催,ima
璇,l;t
翅,gbd
盒,isc
蛮,y;
矣,prn
潘,vrc
歧,tgb
赐,hfd
鲍,ojv
锅,qki
廊,gwb
拆,jhw
灌,vha
勉,okn
盲,wla
宰,uyg
佐,ind
啥,kik
胀,nrw
扯,jt
禧,mtk
辽,bz
抹,jsm
筒,uck
棋,mhu
裤,mgl
唉,kpn
朴,mew
咐,kij
孕,nb
誓,jhy
喉,kin
妄,wla
拘,jjk
链,qlz
驰,am
栏,mdf
逝,jhz
窃,uuq
艳,fev
臭,raw
纤,xt
玑,lq
棵,mfm
趁,tix
匠,ch
盈,nbc
翁,upd
愁,rwe
瞬,are
婴,hha
孝,trb
颈,bdh
倘,iek
浙,vjh
谅,ywu
蔽,hdo
畅,fed
赠,hdf
妮,apl
莎,hvr
尉,pdj
冻,dlu
跪,tov
闯,ga
葡,hjw
後,kxo
厨,gkj
鸭,fes
颠,ghh
遮,ghz
谊,yuh
圳,tc
吁,kdj
仑,il
辟,pkg
瘤,gpc
嫂,axb
陀,bul
框,mcl
谭,yyg
亨,wkb
钦,qoi
庸,gfm
歉,dfi
芝,hz
吼,kbl
甫,smw
衫,mx
摊,jba
宴,ufa
嘱,kpp
衷,wky
娇,ard
陕,bsi
矩,rnc
浦,vsw
讶,ycr
耸,iih
裸,mfm
碧,lx;
摧,jma
薪,hyh
淋,vmm
耻,ht
胶,nwx
屠,ptf
鹅,jls
饥,oq
盼,auq
脖,ngb
虹,;d
翠,jdg
崩,mnn
账,hrw
萍,hvg
逢,ofz
赚,hdy
撑,jej
翔,djd
倡,iff
绵,xxm
猴,zin
枯,mg
巫,sis
昭,fqk
怔,est
渊,vre
凑,dfn
溪,vrn
蠢,fi;
禅,mdg
阐,gdg
旺,fl
寓,ufp
藤,hnv
匪,cff
伞,idg
碑,;xg
挪,jnb
琼,lwu
脂,nlf
谎,yh;
慨,ef;
菩,hyk
萄,hjm
狮,zdm
掘,jpm
抄,jur
岭,mip
晕,ful
逮,fvz
砍,;oi
掏,jjm
狄,zw
晰,fmh
罕,uut
挽,jo;
脾,nxg
舟,;rr
痴,grk
蔡,hou
剪,qnq
脊,ivn
弓,ajs
懒,esh
叉,bw
拐,jkn
喃,kgg
僚,inu
捐,jkn
姊,arr
骚,ab;
拓,j;
歪,sut
粘,dek
柄,msi
坑,twq
陌,bnf
窄,uud
湘,vma
兆,;v
崖,mgt
骄,ard
刹,xm;
鞭,hkx
芒,hwl
筋,unn
聘,hfj
钩,qjp
棍,mfl
嚷,kwy
腺,nxv
弦,awx
焰,wos
耍,aa
俯,igj
厘,gft
愣,ec;
厦,gno
恳,fye
饶,ol;
钉,qj
寡,unq
憾,ege
摔,jwg
叠,bbh
惹,hne
喻,ki;
谱,ydf
愧,exp
煌,wxl
徽,kmo
溶,vuk
坠,bit
煞,ofv
巾,mej
滥,vdc
洒,vy
堵,ttf
瓷,dow
咒,kq
姨,asi
棒,mft
郡,frb
浴,vuk
媚,apa
稣,or
淮,via
哎,khx
屁,pll
漆,vmv
淫,vrf
巢,llm
吩,kuq
撰,jvu
啸,kfe
滞,vcm
玫,lo
硕,;h
钓,qjw
蝶,;hm
膝,nmv
姚,a;v
茂,hgl
躯,pc;
吏,skx
猿,zty
寨,ufm
恕,ake
渠,vcm
戚,gel
辰,gdy
舶,;x
颁,uqh
惶,exl
狐,zpw
讽,yq;
笨,ums
袍,mjv
嘲,kgn
啡,kff
泼,vlw
衔,kqj
倦,idv
涵,vbc
雀,ura
旬,jf
僵,iss
撕,jhh
肢,ngb
垄,nlt
夷,sai
逸,okz
茅,hpr
侨,ird
舆,pdu
窑,uum
涅,vft
蒲,hvw
谦,ydy
杭,mwq
噢,krn
弊,dmh
勋,khn
刮,tk;
郊,wub
凄,dsa
捧,jft
浸,vfb
砖,;dw
鼎,ajj
篮,udc
蒸,hbv
饼,odh
亩,wc
肾,dbn
陡,bt
爪,rrr
兔,okw
殷,pfb
贞,eh
荐,hnb
哑,ksy
炭,mnw
坟,to
眨,arz
搏,jsj
咳,kwi
拢,jnw
舅,xcn
昧,fdu
擅,jws
爽,nxx
咖,knk
搁,jgk
禄,mfv
雌,tla
哨,ken
巩,dqw
绢,xkn
螺,;cu
裹,wfy
昔,hsf
轩,lt
谬,yjx
谍,yhm
龟,ofl
媳,are
姜,dla
瞎,auk
冤,uow
鸦,cjs
蓬,hoz
巷,hsv
琳,lmm
栽,glm
沾,vek
诈,yrd
斋,oa
瞒,ahi
彪,egx
厄,gv
咨,dok
纺,x;
罐,rma
桶,mpm
壤,twy
糕,ddv
颂,uph
膨,ntx
谐,ylx
垒,ppt
咕,kg
隙,buu
辣,ysu
绑,xfb
宠,unw
嘿,kcv
兑,dk;
霉,ord
挫,jit
稽,rnf
辐,lsc
乞,rl
纱,xur
裙,mfk
嘻,ktk
哇,ktt
绣,xrn
杖,msx
塘,tgk
衍,kvj
轴,lfe
攀,mxj
膊,nsj
譬,pky
斌,ost
祈,mh
踢,tfd
肆,;ft
坎,toi
轿,lrd
棚,mnn
泣,vy
屡,pda
躁,tkm
邱,hsb
凰,qxl
溢,vdc
椎,mia
砸,;cm
趟,tek
帘,uum
帆,mqw
栖,my
窜,uue
丸,nw
斩,lh
堤,tf
塌,tfd
贩,hpb
厢,gma
掀,jhi
喀,kuk
乖,tdl
谜,ydz
捏,jft
阎,gox
滨,vuu
虏,egn
匙,fl
芦,hwp
苹,hsg
卸,rtb
沼,vqk
钥,qn
株,mru
祷,mfj
剖,yk;
熙,cev
哗,kig
劈,pkq
怯,etp
棠,eum
胳,nok
桩,mgt
瑰,lxp
娱,akn
娶,hba
沫,vsm
嗓,kbm
蹲,tdj
焚,mmw
淘,vjm
嫩,aso
韵,yfd
衬,mj
匈,j;c
钧,qjd
竖,dby
峻,mpo
豹,zjw
捞,jhn
菊,hjd
鄙,kgb
魄,xxp
兜,px;
哄,khu
颖,lrh
镑,qy;
屑,pen
蚁,;wx
壶,tuy
怡,epk
渗,vpx
秃,rq
迦,nkz
旱,ft
哟,kxw
咸,gkl
焉,stv
谴,ykz
宛,uov
稻,rrx
铸,qfj
锻,qpb
伽,ink
詹,ogy
毙,lll
恍,ee;
贬,hrz
烛,w;
骇,awi
芯,he
汁,vg
桓,mss
坊,t;
驴,awp
朽,msj
靖,yjn
佣,im
汝,va
碌,;fv
迄,rlz
冀,dlu
荆,hs;
崔,mia
雁,gia
绅,xfe
珊,lcs
榜,my;
诵,ypm
傍,iy;
彦,yrx
醇,ywb
笛,ufe
禽,iop
勿,jd
娟,akn
瞄,ahc
幢,myt
寇,udb
睹,atf
贿,hnn
踩,trm
霆,ofz
呜,kjs
拱,jhu
妃,av
蔑,hcl
谕,yi;
缚,xsj
诡,yov
篷,uoz
淹,vnl
腕,nuv
煮,trv
倩,ijn
卒,wig
勘,hfn
馨,tpf
逗,skz
甸,jc
贱,hl
炒,wur
灿,wm
敞,eco
蜡,;hf
囚,ci
栗,ym
辜,gyg
垫,jnt
妒,awp
魁,x;g
谣,yrm
寞,uhn
蜀,cj;
甩,ml
涯,vgt
枕,mu;
丐,sej
泳,vwv
奎,ntt
泌,ver
逾,isz
叮,kj
黛,ilv
燥,wkm
掷,jdb
藉,hff
枢,mc;
憎,edf
鲸,owu
弘,ap
倚,inj
侮,ird
藩,hvc
拂,jad
鹤,urs
蚀,o;
浆,dov
芙,hdi
垃,ty
烤,wtj
晒,fy
霜,oma
剿,ll;
蕴,hxc
圾,tnw
绸,xck
屿,mss
氢,rbd
驼,aul
妆,da
捆,jcm
铅,qqk
逛,zlz
淑,veb
榴,mpc
丙,sci
痒,gde
钞,qur
蹄,tym
犬,nw
躬,pa
昼,pws
藻,hvm
蛛,;ru
褐,mfl
颊,sdh
奠,dyn
募,hfn
耽,hu;
蹈,trx
陋,bsl
侣,ikk
魅,x;u
岚,mq;
侄,ist
虐,egf
堕,bnt
陛,blt
莹,huw
荫,hbn
狡,zwx
阀,gil
绞,xwx
膏,wkn
垮,tnj
茎,hbd
缅,xnd
喇,ks;
绒,xln
搅,jv;
凳,jwq
梭,mpo
丫,de
姬,ace
诏,yqk
钮,qjt
棺,muk
耿,hw
缔,xym
懈,eot
嫉,agn
灶,wt
匀,jd
嗣,kck
鸽,iss
澡,vkm
凿,ydc
纬,xde
沸,vad
畴,cfj
刃,qw
遏,fjz
烁,wpu
嗅,krw
叭,ku
熬,jjv
瞥,dma
骸,cji
奢,ntf
拙,jcm
栋,mlu
毯,rdw
桐,mck
砂,;ur
莽,hnh
泻,vus
坪,tsg
梳,mw;
杉,mx
晤,fak
稚,ria
蔬,hj;
蝇,;kl
捣,j;m
顷,lh
麽,gmp
尴,nlc
镖,qyu
诧,yul
尬,nld
硫,;w;
嚼,krj
羡,dli
沦,vil
沪,vwp
旷,fg
彬,mmx
芽,hcr
狸,zft
冥,ufu
碳,;mw
咧,ks;
惕,efd
暑,ftf
咯,kok
萝,hco
汹,v;c
腥,nfj
窥,uu;
俺,inl
潭,vyg
崎,mnj
麟,gce
捡,jis
拯,jbs
厥,gdi
澄,vjd
萎,hra
哉,glk
涡,vki
滔,vrx
暇,fcb
溯,vdn
鳞,ode
酿,ywy
茵,hcn
愕,ekj
瞅,arw
暮,hff
衙,kaj
诫,ylh
斧,uxh
兮,usj
焕,woi
棕,muu
佑,ink
嘶,khh
妓,agb
喧,kus
蓉,huk
删,cc;
樱,mha
伺,ijk
嗡,kud
娥,ajl
梢,men
坝,th
蚕,sn;
敷,smo
澜,vgu
杏,mk
绥,xra
冶,dpk
庇,gll
挠,jl;
搂,jda
倏,iew
聂,hbb
婉,auv
噪,kkm
稼,ruz
鳍,otf
菱,hto
盏,lc
匿,chk
吱,kgb
寝,udb
揽,jd;
髓,cjz
秉,rsu
哺,ksw
矢,rn
啪,kjx
帜,mku
邵,qkb
嗽,ksi
挟,jsi
缸,rmd
揉,jpm
腻,nlh
驯,ac
缆,xd;
晌,frk
瘫,gba
贮,hus
觅,rc;
朦,nhz
僻,ipg
隋,bnn
蔓,hfb
咋,krd
嵌,mhi
虔,ego
畔,cdt
琐,leh
碟,;hm
涩,vqt
胧,nnw
嘟,ktb
蹦,tmn
冢,uzw
浏,vo;
裔,wyk
襟,mmu
叨,kq
诀,yci
旭,nf
虾,;sw
簿,uvj
啤,kxg
擒,jip
枣,smd
嘎,knl
苑,hov
牟,prt
呕,kc;
骆,aok
凸,ess
熄,wre
兀,s;
喔,kpt
裳,euy
凹,els
赎,hgn
屯,scl
膛,net
浇,vl;
灼,wjw
裘,svy
砰,;sg
棘,smu
橡,moz
碱,;gl
聋,nlh
姥,atl
瑜,li;
毋,ljn
娅,asy
沮,vh
萌,hfn
俏,ien
黯,ctf
撇,jdo
粟,yd
粪,dhu
尹,fr
苟,hjk
癫,ggh
蚂,;a
禹,rkp
廖,gjx
俭,iis
帖,mek
煎,qnv
缕,xda
窦,uun
簇,u;n
棱,mto
叩,kb
呐,kci
瑶,lrm
墅,ftt
莺,hus
烫,vjw
蛙,;tt
歹,so
伶,iip
葱,hje
哮,ktb
眩,awx
坤,tfe
廓,gwb
讳,yde
啼,kym
乍,red
瓣,ypg
矫,rnd
跋,tnw
枉,ml
梗,msx
厕,gh;
琢,lzw
讥,yq
釉,rme
窟,uum
敛,iso
轼,lld
庐,gwp
胚,nss
呻,kfe
绰,xeg
扼,jgv
懿,tue
炯,wck
竿,ut
慷,egv
虞,egn
锤,qtt
栓,mil
桨,dom
蚊,;o
磅,;y;
孽,hrb
惭,elh
戳,jdl
禀,wcu
鄂,kdb
馈,okh
垣,tss
溅,vhl
咚,kod
钙,qsj
礁,;iv
彰,yfx
豁,ufk
眯,ad
磷,;de
雯,oo
墟,tey
迂,djz
瞻,aoy
颅,eph
琉,lw;
悼,eeg
蝴,;gn
拣,jlu
渺,var
眷,dna
悯,ego
汰,vnw
慑,ehb
婶,aue
斐,fdo
嘘,key
镶,qwy
炕,wwq
宦,uce
趴,tu
绷,xnn
窘,uuk
襄,wky
珀,lx
嚣,khk
拚,jph
酌,yjw
浊,v;
毓,rl;
撼,jge
嗜,ktf
扛,jd
峭,men
磕,;tc
翘,lsd
槽,mhf
淌,vek
栅,mcs
颓,rqh
熏,rsv
瑛,lhi
颐,ceh
忖,ej
牡,rt
缀,xbb
徊,kck
梨,r;m
肪,n;
涕,vdr
惫,oce
摹,hfj
踱,tgb
肘,nj
熔,wuk
挚,jnj
氯,rfv
凛,dwu
绎,xbt
庶,ghv
脯,nsw
迭,riz
睦,att
窍,uuj
粥,ada
庵,gnl
沧,viv
怠,pke
沁,ve
奕,yn
咙,knw
氨,rua
矗,ghh
盔,nwc
拇,jld
沛,vsm
榻,mfd
揣,jma
崭,mlh
鞘,hkn
鞠,hkd
垦,fyt
洽,vik
唾,ktt
橱,mgj
仕,it
蜘,;rk
痰,gww
袜,msm
峙,mtj
柬,scu
蝉,;dg
蟹,om;
谏,ysu
鹃,kns
擎,hjj
皓,xfk
朕,ndn
疤,gv
禺,fcp
铲,qyr
酶,yrd
钝,qsl
氓,wly
匣,cfe
弧,apw
峨,mjl
锥,qia
揪,jrw
杠,md
吭,kwq
崛,mpm
诬,yss
冉,ct
抒,jpj
庚,gfi
悍,eft
靡,gmf
晦,frd
醋,yhf
壕,twz
锯,qpg
夭,rn
咦,ksi
侈,ioo
婢,axg
猾,zcn
徘,kff
硝,;en
煽,wwd
皂,xl
舵,;ul
嗦,kgu
狈,zh
靴,hkl
捂,jak
疮,giv
郝,tyb
苛,hkj
秽,rmo
茜,hy
搓,jdd
芸,hdp
酱,doy
赁,ifh
檐,moy
饷,ork
蕉,hiv
铀,qfe
苔,hpk
赦,tyo
缎,xpb
舷,;wx
筷,uei
朔,dcn
婪,mma
紊,oxu
厮,ghh
婿,ajn
寥,ujx
兢,g;;
糙,dfz
卦,ttw
槐,mxp
扒,ju
裴,fdy
祀,mv
埔,tsw
絮,aku
芭,hv
屉,phl
痪,goi
霄,oen
绽,xut
宵,uen
邑,kv
霖,omm
岔,uqm
饵,oh
茄,hnk
韧,djw
琪,lhu
邹,ofb
瑚,lgn
憋,dme
殆,sok
噜,kof
忒,le
忿,uqe
衅,rct
淳,vwb
悖,egb
髦,;xl
孜,bo
粤,rcj
隘,bdc
濒,vth
铮,qoj
畸,cnj
剔,fj;
坞,tjs
篱,uop
淀,vut
蓦,hfa
唬,keq
锣,qco
汀,vj
趾,tt
缉,xkh
嫦,aem
斟,hfg
鞍,hka
扳,jpb
拴,jil
诅,yh
谟,yhn
呃,kgv
懦,eoa
逞,klz
犁,r;t
忏,et
拧,juj
亥,wli
佟,iod
叱,kl
舜,rue
绊,xdt
龚,nlu
腮,nce
邸,plb
椒,meb
蔚,hpj
湛,vhl
狩,zuj
眶,acl
栈,ml
薇,hko
肮,nwq
瀑,vfv
渣,vms
褂,mtw
叽,kq
臀,phn
妞,ajt
巍,mrp
唔,kak
疚,gow
鲤,oft
戎,ln
肇,wpt
笃,ua
辙,lwo
娴,agm
阮,bd;
札,ml
懊,ern
焘,frv
恤,erc
疹,gix
潇,vhe
铝,qkk
涤,vom
恃,etj
喽,kda
砌,;lq
遁,pgz
楞,mc;
阱,bk
咎,oek
洼,vtt
炳,wsi
噬,kui
枫,mq;
拷,jtj
哆,koo
矶,;q
苇,hde
翩,wpd
窒,uut
侬,iuy
靶,hkv
胰,nsi
芜,hd;
辫,yxg
嚎,kwz
妾,ya
幌,mf;
踉,twy
佃,ic
葫,hgn
皖,xu;
拽,jfr
滤,vee
睬,arm
俞,is;
匕,lrl
谤,yy;
嗤,kc;
捍,jft
孵,pwb
倪,ix;
瘾,gbe
敝,dmo
匡,cl
磋,;dd
绫,xto
淆,vxn
尧,ls;
蕊,hee
烘,whu
璋,lyg
亢,wq
轧,ll
赂,hok
蝗,;xl
榆,mi;
骏,apo
诛,yru
勺,jw
梵,mmw
炽,wku
笠,uy
颌,ish
闸,gfe
狒,zad
樊,mxn
镕,quk
垢,tpk
瘟,gfc
缪,xjx
菇,hag
琦,lnj
剃,da;
迸,dhz
溺,vad
炫,wwx
惚,eje
嗨,kvd
陨,bkh
赃,hgt
羁,cha
臻,spr
嘀,kyg
膳,ndk
赣,yfh
踌,tfj
殉,sof
桔,mtk
瞿,aaa
闽,g;
豚,nz
掺,jpx
沌,vsl
惰,enn
喳,kms
椭,mbn
咪,kd
霎,oya
侃,ik;
猝,zwg
窖,uuk
戮,jdl
祠,mjk
瞩,app
菁,hjn
躇,thf
佬,itl
肋,nn
咄,kcm
忡,eke
雍,wxa
忱,eu;
蕾,hoc
跄,tiv
硅,;tt
伎,igb
炊,woi
钊,q;
蝠,;sc
屎,pd
拭,jld
谛,yym
褪,mfz
丞,bvs
卉,gh
隧,bdz
茸,hh
钳,qhd
啃,ktn
伢,icr
闺,gtt
舔,tku
蹬,tjd
挛,yj
眺,a;v
袱,miw
陇,bnw
殴,c;b
柿,mwm
梧,mak
惺,efj
弛,am
侥,il;
琛,lum
捅,jpm
酝,ydp
薯,hcf
曳,flr
澈,vwo
锈,qrn
稠,rck
眸,apt
咆,kjv
簧,uhu
鸥,c;s
疡,gjd
渎,vgn
汲,vnw
嬉,atk
脓,nuy
骡,acu
穗,rse
槛,mdc
拎,jip
巳,vjs
邢,shb
廿,hse
搀,jod
曙,fcf
樵,miv
隅,bfp
筛,udm
谒,yfl
倭,ira
痹,gcd
猖,zff
佯,ide
肛,nd
奚,rxn
甭,sum
抨,jsg
蛾,;jl
唠,khn
荧,huw
嵩,mwk
漱,vsi
酋,dy
攘,jwy
诘,ytk
篡,uap
睿,eua
噩,sks
怅,erw
盎,cic
徙,ktt
鞅,hki
漓,vop
祟,cmu
睫,ast
攸,ieo
翎,iwd
呛,kiv
筐,ucl
堑,lht
檀,mws
寅,usu
磊,;;;
驭,ab
惘,ecl
吠,knw
驮,an
瑙,ll;
炬,wcc
痉,gbd
曝,ffv
恺,emv
胺,nua
萤,hu;
敕,sko
筝,uoj
幡,mrc
霹,opg
竺,ud
烙,wok
毗,cll
鸠,n;s
埠,trg
蒜,hdu
阜,rkg
嘈,khf
乒,hsr
帷,mia
啄,kzw
鳌,jjo
毡,rdk
阙,gdi
褥,mgj
搔,jb;
笋,ufr
冕,fo;
狞,zuj
韶,yfk
骼,cjk
蔼,hyl
烹,wkv
奄,nfl
嫖,ayu
沐,vm
噗,kyi
岑,mij
蛟,;wx
掳,jen
咏,kwv
弩,aba
捻,jie
圃,csw
孚,rb
悴,ewg
诣,ylf
呱,kpw
祁,mb
捶,jtt
钠,qci
袄,mrn
澎,vtx
氮,rww
恪,eok
雏,ofa
撮,jfb
堰,tca
彷,k;
鹦,hhs
晖,ful
犀,pvt
腑,ngj
沽,vg
橄,mjo
掐,jox
亵,wjy
龋,tip
嗒,khk
咀,kh
祺,mhu
锚,qhc
匾,cwh
乓,hsw
萃,hwg
贻,hpk
揖,jkh
觑,eg;
吝,ok
憔,eiv
羌,df;
诲,yrd
砾,;pu
蠕,;oa
肴,xnn
撩,jnu
坍,tcw
酥,yr
袅,;wy
黝,ctn
俾,ixg
嫣,asv
穹,uua
秧,rci
妊,af
溉,vf;
鹊,hss
聿,ft
疙,grl
蘑,hg;
睾,rcg
楷,mlx
酵,ytb
茹,hak
锌,qyg
滇,vgu
辗,lpy
纂,uau
圭,tt
幔,mfb
褒,wiy
揍,jfn
诽,yff
倔,ipm
腓,nff
颉,tkh
锄,qhn
嗔,kgu
磺,;hu
攒,jfh
瘩,ghk
雳,ogn
吆,kx
悚,esu
墩,two
彝,ljh
囱,rco
逍,enz
辄,lhl
桅,mov
俨,isr
纶,xil
悸,erb
殃,soi
帧,meh
俐,ir;
绮,xnj
袒,mfs
籽,db
孰,wkw
愫,eju
拌,jdt
橙,mjd
暨,fps
敖,jjo
赘,jjh
抉,jci
淤,v;d
剌,sk;
娼,aff
顼,lh
葵,hjn
哝,kuy
酣,yhd
麓,mml
钵,qms
琅,lwy
簸,uhb
禾,rrs
铢,qru
璧,pkw
娠,agy
彗,fef
惋,euv
腋,nww
螂,;wb
阪,bpb
掣,rmj
劾,wln
沥,vgn
粱,vqd
嚓,kuu
惮,edg
氖,rn
捎,jen
羔,dlv
俟,ipn
渲,vus
榄,md;
茧,h;
霓,ox;
鹉,sls
胥,jtn
琶,llv
撬,jrl
橘,mpk
拈,jek
笆,uv
痊,gil
亟,bks
渭,vcn
狙,zh
珂,lkj
刨,jv;
蜕,;d;
谚,yyx
憧,eyt
瞟,ayu
馒,ofb
拗,jxn
帚,fum
钗,qbw
哧,kty
喋,khm
箫,ufe
刁,js
怦,esg
缭,xnu
迥,ckz
湄,vpa
磐,;q;
渝,vi;
冗,uq
闵,go
噶,khl
黏,rik
蕃,hrc
弼,ana
驿,abt
淄,vlc
饺,owx
踞,tpg
韬,dj
婷,awj
唆,kpo
蜒,;rz
偎,icy
榨,mud
漉,vgl
碉,;ck
皈,xpb
矜,pjj
笈,unw
枷,mnk
鲨,vuo
蹑,thb
瀚,vgd
酪,yok
谑,yef
癖,gpg
烬,wpd
揩,jlx
炙,odw
蜷,;dv
侏,iru
凋,dck
漪,vzj
悻,etg
蹋,tfd
讪,ym
搐,jwc
碘,;cu
帛,xm
诠,yil
碾,;py
擂,joc
苯,hms
诃,ykj
铎,qbt
戊,gl
荀,hjf
驹,ajk
攫,jab
憬,efu
哽,ksx
踵,trt
蟒,;hh
漾,vdv
啧,kjh
吮,kp;
楠,mgg
氟,rad
怂,iie
叼,kjs
竣,ypo
偕,ilx
漩,v;t
蹭,tdf
翌,jdy
臆,nye
挝,jjz
绚,xjf
崽,mce
糜,gmd
瘢,g;b
跤,twx
阑,gsu
恬,etk
豢,dnz
汶,vo
跷,tl;
琵,lll
憨,jhe
蜗,;ki
螅,;re
惴,ema
戟,gfl
匮,ckh
恙,dle
抿,jcy
桢,meh
笺,ul
蛤,;ik
瞳,ayt
瓢,ydw
秤,rsg
跺,tqm
潦,vnu
芹,hh
哒,knz
饬,orn
栩,mjd
曦,fdl
骷,cjg
嫡,ayg
卤,ec;
丕,sus
鬓,;xu
梓,myg
嗖,kxb
惦,egk
浚,vpo
咔,kew
藐,hz;
荃,hil
唧,kfb
玺,ouw
汛,vlg
铐,qtj
髅,cja
渤,vgn
皿,cej
箍,ujm
馅,oox
汾,vuq
戍,gwl
痔,gtj
褶,mjx
聆,hip
涎,vrz
汞,dv
渍,vjh
奂,oci
巅,mgh
疣,gnw
傩,iba
逵,tuz
耆,trf
蟋,;re
鳄,okj
讹,yil
膺,gin
蹿,tue
筏,uil
釜,uxd
沂,vh
坯,tss
峦,ym
茬,hnt
摒,jph
蟀,;wg
撵,jdl
浒,vyg
缤,xuu
嵋,mpa
珑,lnw
苞,hjv
瑾,lhj
泵,;v
钾,qfe
暧,frb
赓,gfh
叟,xeb
佚,iri
沓,vf
撂,jck
蛊,;c
甥,rjn
璐,ltk
晏,fua
瘪,grl
漳,vyg
阉,gnl
蹂,tpm
鳃,oce
琏,llz
湃,vje
辘,lgl
僭,icf
躏,tha
鼾,rat
懵,eha
镰,qgy
寐,ulu
褚,mtf
攥,juu
涧,vgf
蝙,;wh
脐,nod
辕,lty
涣,voi
杞,mv
煜,wfy
骥,adu
傣,ifv
嗳,krb
祯,meh
酉,yse
秸,rtk
捺,jnu
瑕,lcb
鑫,qqq
馋,ood
窿,uuj
楔,mfn
胱,ne;
荔,hnn
蟆,;hn
湍,vma
屹,mrl
遐,cez
轲,lkj
镯,qc;
缰,xss
桦,mig
炖,wsl
钡,qh
羚,djp
啬,gdk
诩,yjd
绯,xff
掖,jww
箓,ufv
涸,vcg
鸳,ovs
塾,wkt
呸,kss
抡,jil
擞,jdo
熹,tkv
坷,tkj
瓮,upw
亘,sfs
嗟,kdd
筵,urz
跛,tgb
汕,vm
欤,sji
壑,eut
颍,lvh
溥,vsj
姗,acs
踊,tpm
枭,;m
暄,fus
稷,rco
跚,tcs
涟,vlz
瀛,vww
笙,urj
滕,ndv
踝,tfm
贰,ldh
瞰,ajo
恻,eh;
嚏,kgt
迢,qkz
獗,zgi
邯,hdb
睑,ais
赡,hoy
萦,huu
珥,lh
酮,yck
璞,lyi
羹,dln
缄,xgl
晾,fwu
俸,ift
媲,arl
鸾,y;s
恿,pme
蜿,;uv
犊,rgn
讷,yci
扈,wpv
蜈,;kn
翟,jda
藕,hfp
戌,gl
蓓,hik
鋆,tjq
谩,yfb
谀,yxi
卯,prb
谙,yyf
岐,mgb
蝎,;fl
荼,hir
镀,qgb
椰,mhb
甄,ytw
蟾,;oy
蹊,trn
泞,vuj
撸,jof
螃,;y;
檬,mhz
猓,zfm
蔷,hgk
羲,dll
瘸,gni
蘸,hyv
蔗,hgv
傀,ixp
蚌,;fe
锢,qcg
遽,egz
邃,uuz
恚,tte
皑,xmv
锵,qdj
簌,usi
焙,wyk
昊,fsn
鹳,hks
睽,ajn
刽,id;
鳖,dmo
噎,ktd
呗,kh
寰,ucy
唷,kwn
殡,sou
淖,veg
诰,yfk
恣,doe
睐,al
婵,adg
榈,mgk
氦,rwi
靳,hkh
蛹,;pm
鸯,cis
惬,eci
蹙,get
诙,ynw
眈,au;
罡,cst
缮,xdk
胤,rxl
皋,xng
蛀,;wl
偌,ihk
疵,gtl
绛,xoe
葆,him
黔,ctj
喙,klz
烽,woe
儡,icc
佼,iwx
斓,ogu
嫔,auu
颚,kdh
龈,tiy
盅,kec
娓,apl
坂,tpb
町,cj
芥,hid
瘠,gin
阂,gwi
挎,jnj
橇,mrl
荟,hip
啜,kbb
垛,tqm
淇,vhu
瓒,lfh
篓,uda
虱,lr;
跻,tod
龛,isw
蹒,thi
髯,;xt
瞠,aet
痫,ggm
掂,jgk
潼,vyt
酰,yf;
镁,qdn
灸,oww
腆,ncu
筱,uio
谆,ywb
骋,afj
壬,frs
茗,hok
椋,mwu
蛔,;ck
潺,vpb
扉,wpf
耘,fup
槟,muu
雹,ojv
甬,pm
谥,ydc
淞,vmp
燎,wnu
蕙,hse
蚪,;dg
蜻,;jn
郸,dfb
轶,lri
狰,zoj
楣,mpa
捋,jrj
涓,vkn
荪,hbu
娄,da
麝,gcj
蚤,bw;
薰,hrv
醮,yiv
搪,jgk
谧,yec
湮,vyt
辍,lbb
瞌,atc
梆,mfb
樟,myg
茉,hsm
岖,mc;
臼,xxx
癣,goe
穑,rgk
玷,lek
馍,ohn
呷,kfe
萼,hkj
妩,ad;
伫,ius
彤,cwx
莓,hrd
岬,mfe
媛,arb
惆,eck
鳎,ofd
啾,krw
囔,ksy
蜓,;fz
孺,boa
徇,kjf
徵,kmo
焊,wft
岱,ilm
昵,fpl
卅,csr
飙,nw;
邙,wlb
痞,gsk
隼,iag
恫,eck
怆,eiv
桀,ocm
绶,xrb
裆,mef
盂,djc
桧,mip
蚓,;ae
抠,jc;
嗷,kjo
槌,mrz
痘,gsd
痢,gr;
芮,hci
蚣,;up
闩,gs
铿,qdt
飓,q;u
疱,gjv
蝌,;rg
撅,jgi
蚯,;hs
斡,gfg
窠,uum
荚,hsi
耷,nh
砚,;c;
牒,rem
赈,hgy
煦,fjv
嗫,khb
耙,fuv
榕,muk
鞑,hkz
袤,wpy
谌,yhl
醺,yrv
秆,rt
徨,kxl
橹,mof
翡,fdd
缨,xha
锹,qrw
嵇,rnm
圪,trl
髻,;xk
嗬,khj
辎,llc
痣,gte
娩,ao;
谄,yox
蛐,;ch
鹞,rrs
翱,xnd
庖,gjv
籁,ush
蓿,huf
鳗,ofb
疟,gf
鲇,oek
嚅,koa
瘀,g;d
颔,iwh
黜,ctm
黠,ctk
濑,vsh
馁,ora
洵,vjf
忐,ee
忑,see
砥,;pw
咂,kcm
罹,cea
糠,dgv
匝,cm
偃,ica
淙,vuu
纫,xqw
喏,khk
闾,gkk
祛,mtp
蛰,jn;
腼,nnd
涝,vhn
曜,fja
厩,gf;
疽,gh
闰,gl
洄,vck
煊,wus
汐,vo
藓,hoe
璜,lhu
铬,qok
渥,vpt
靼,hks
酗,y;c
苓,hip
噤,kmu
咫,pwu
椿,mff
鲫,ofb
锭,qut
罔,cdl
锺,qrt
匍,jsw
祗,mpw
锰,qbc
岌,mnw
馀,oir
畹,cuv
糯,doa
胫,nbd
熠,wjx
銮,yq
沅,vd;
棣,mfv
旌,;rj
豌,skv
孢,bjv
镭,qoc
驸,aij
腌,nnl
盹,asl
熵,wyk
镐,qwk
馐,odt
嘤,kha
癞,gsh
骰,cjb
韭,fds
阖,gtc
瞑,auu
裨,mxg
宕,u;
戾,wpw
镌,qin
溟,vuu
牍,ren
隽,ian
婊,ajy
鹄,fks
埂,tsx
拄,jwl
娲,aki
虬,;l
萱,hus
啵,kvb
蠡,lj;
芋,hdj
胭,ncn
豺,zj
啻,yuk
褛,mda
蛆,;h
柠,muj
掰,juj
篆,ulz
倌,iuk
咛,kuj
蛭,;st
谡,yco
荨,hfj
莞,hu;
澹,voy
纭,xdp
潞,vtk
郅,spb
弋,lsl
飕,q;b
螳,;et
胄,fen
蟑,;yg
猥,zcy
宓,uer
昙,fdp
锏,qgf
蟠,;rc
柑,mhd
烯,wxm
匐,jsc
濮,vii
蟮,;dk
祐,mnk
仄,gi
偈,ifl
蜃,gd;
箴,ugl
粼,dol
嗥,kxg
褴,mdc
蕨,hgi
蓟,ho;
圩,tdj
孪,yb
杳,mf
魇,gnp
荤,hul
诿,yra
簪,ucf
氲,rfc
摞,jcu
飒,yq;
镂,qda
舀,rx
夙,qso
臧,gll
蒿,hwk
貂,zqk
蜥,;mh
蹩,dmt
噼,kpg
钛,qnw
钚,qsu
獾,zha
濂,vgy
铠,qmv
皙,mhx
霭,oyl
鲈,oep
叵,ck
霾,ozt
泯,vcy
碴,;ms
鸵,;sl
峪,muk
饕,ksy
瘁,gwg
睢,aia
鬃,;xu
迩,ouz
纣,xj
夔,dto
垠,tfy
饨,osl
榭,mpj
隍,bxl
娑,vua
篝,uft
榔,mwb
洌,vs;
浜,vhu
鲑,ott
谔,ykj
汩,vf
浣,vu;
舐,tkl
瞭,anu
忻,eh
咻,kim
鹑,wks
唑,kit
懋,mpe
皎,xwx
诒,ypk
麾,gml
辏,lfn
氐,plw
冽,ds;
箕,uhu
俚,ift
汴,vww
宸,ugy
芍,hjw
捱,jgt
摈,juu
摺,jjx
簦,ujd
箔,uvx
咝,kxs
孀,aoa
怏,eci
谝,ywh
砧,;ek
馕,osy
耄,trl
罂,hhm
漕,vhf
沣,vfe
栾,ym
榘,rnm
烷,wu;
榷,mua
俑,ipm
沱,vul
缜,xgu
鹫,qks
蛳,;dm
剽,yd;
衢,kaj
泗,vcu
臊,nkm
瘴,gyg
酚,yuq
纾,xpj
晁,f;v
孛,gub
炀,wjd
叁,pnf
憩,tke
掬,jjd
椤,mco
啮,ktc
畿,xxl
掸,jdg
镣,qnu
骁,al;
椽,mlz
侗,ick
滦,vym
荩,hpd
泓,vap
蚱,;rd
癜,gpb
酯,ylf
癸,jwn
蚜,;cr
扪,jg
庑,gd;
歆,yfi
蝮,;ro
蹶,tgi
弈,yh
庋,ggb
喟,kcn
滂,vy;
啕,kjm
蛎,;gj
獭,zsh
槁,mwk
翊,yjd
龊,tit
邺,yb
莘,hyg
燮,wyb
剁,qm;
觐,hk;
铛,qef
谗,yod
镍,qrm
臃,nwa
墒,tyk
晔,fig
燔,wrc
嘭,ktx
涿,vzw
醯,ywc
箩,uco
鄱,rmb
睨,ax;
诤,yoj
坳,txn
鹭,tos
砷,;fe
唏,kxm
伲,ipl
猬,zcn
琥,leq
殁,sob
蚩,cs;
泾,vbd
缥,xyu
殓,sos
鳅,orw
氰,rjn
诋,ypw
刍,of
芷,ht
嶙,mde
逅,psz
舫,;;
呓,khl
唰,kp;
茁,hcm
馑,ohj
妫,aww
骧,awy
苷,hhd
擢,jja
峋,mjf
袂,mci
懑,vhe
蓑,hwy
涞,vl
祉,mt
踹,tma
掇,jbb
沏,vlq
诳,yzl
噫,kye
饽,ogb
饪,of
绺,xok
谘,ydk
飧,oiy
迳,bdz
铡,qh;
枞,mii
熨,pdw
鋈,vrq
荭,hxd
赊,hiu
俦,ifj
戛,nal
湎,vnd
幺,xll
凇,dmp
芪,hpl
觯,omg
龌,tit
挞,jnz
嬴,wlw
苻,hij
嘁,kgl
鞯,hkb
肽,nnw
恸,edn
迨,pkz
钰,qlw
儆,iho
觎,is;
讫,yrl
滓,vug
僮,iyt
媾,aft
龇,til
胯,nnj
涮,vp;
绾,xuk
杈,mbw
赳,tle
斛,omg
觥,om;
疸,gfs
卞,wew
愠,efc
拮,jtk
庠,gde
烨,wig
龢,isr
菠,hvb
窈,uun
罄,tpm
囤,csl
弁,ph
奘,len
咣,ke;
缫,xlm
腴,nxi
缈,xar
喵,khc
潢,vhu
遛,pwz
柚,mfe
郏,sdb
荻,hzw
藜,hrv
琨,lfl
镳,qgv
雉,rna
橐,skm
骈,adh
蛉,;ip
艮,fy
搽,jhm
濡,voa
寮,unu
柩,mcw
佗,iul
啷,kwb
诜,yf;
偻,ida
夯,nn
闱,gde
谖,yrb
夥,fmo
枸,mjk
膑,nuu
虻,;wl
筠,utd
埽,tfm
笞,upk
臾,xi
婀,abj
珞,lok
粑,dv
怵,emw
绻,xdv
殒,soh
觊,mv;
崂,mhn
颧,hkh
嗑,ktc
榛,mfr
昱,fy
蜴,;fd
鳝,odk
噙,kip
淼,vvv
矾,;qw
硼,;nn
囿,cnn
泅,vci
邂,omz
钜,qcc
蠹,sk;
垩,syt
乩,ekl
嗝,kse
淦,vq
樽,mdj
诮,yen
揆,jjn
啐,kwg
淅,vmh
榉,mvt
馗,nda
辔,xlk
暹,fiz
骛,pja
鱿,onw
苫,hek
犷,zg
獠,znu
詈,cy
竦,ysu
篙,uwk
诨,yul
铰,qwx
馄,ofl
蜚,fd;
峒,mck
滢,vhw
琬,luv
靓,jn;
狻,zpo
璨,led
犟,akt
鸬,eps
螨,;hi
芩,hij
嘹,knu
锟,qfl
蜇,jh;
洹,vss
栉,mhb
俪,isw
钍,qt
锨,qhi
瑁,lfa
壹,tud
痿,gra
竑,ynp
粕,dx
犄,rnj
瘙,gb;
饯,ol
抟,jdw
衲,mci
踮,tgk
龅,tiv
愎,ero
馥,rfo
梏,mfk
讣,yew
邝,gb
艿,hn
趺,tdi
鲟,ofj
剜,uo;
绉,xof
罅,rmj
笥,ujk
衩,mbw
姣,awx
斫,;h
鹗,kds
爻,xx
猕,zau
晗,fik
铩,qxm
窕,uuv
仨,if
搡,jbm
崴,mgl
酢,yrd
檄,mxo
佞,ida
璀,lma
岷,mcy
舛,oce
邕,llv
闿,gmv
铂,qx
霁,ood
犒,rwk
馏,opc
阈,gls
麋,gcd
麒,gcu
苁,hii
摁,jce
涔,vmj
宥,unn
妍,ash
铤,qfz
锷,qkj
嗲,kuo
恽,eul
麂,gcq
赝,gih
胛,nfe
哂,ky
撷,jth
呶,kab
噘,kgi
懔,ewu
栎,mpu
桎,mst
霰,oho
飨,xry
揄,ji;
噔,kjd
娣,adr
薏,hye
忝,snu
咤,kul
嗵,kpz
迤,rmz
贲,ghh
胪,nep
鍪,pjq
泸,vep
蔫,hsv
刈,x;
僖,itk
咿,kir
鹌,nfs
嗪,kfr
茏,hnw
茯,hiw
岫,mfe
嵘,mhm
轱,lg
怼,bje
铨,qil
昕,fh
郢,klb
咩,kde
馊,oxb
髡,;x;
澧,vcd
苣,hcc
濯,vja
盥,pdc
囡,ca
砺,;gj
佘,idu
谶,yis
弑,xmd
楂,mms
翦,qnd
怩,epl
蠼,;ab
霏,off
楹,mnc
讴,yc;
锲,qfn
慵,egm
胝,npw
砭,;rz
潍,vxa
杵,mrg
樾,mtl
帼,mcw
碣,;fl
诌,yof
徕,kl
胴,nck
钴,qg
裟,vuy
啶,kut
铣,qf;
铱,qwy
楫,mkh
赭,tyf
碛,;jh
酊,yj
魑,x;p
醛,yhl
剐,kc;
畦,ctt
陂,bgb
闶,gwq
阄,gol
祚,mrd
鹘,cjs
泱,vci
趄,th
骅,aig
陲,btt
郧,khb
倜,ick
呤,kip
燧,wdz
铉,qwx
粲,eod
骶,cjw
峁,mpb
忸,ejt
渌,vfv
骞,ufa
髭,;xl
戡,hfl
钨,qjs
谲,ypk
苋,hc;
锃,qkl
蜊,;r;
幄,mpt
闼,gnz
戕,lel
骊,asw
虢,rjq
烩,wip
傥,ie;
妲,afs
绌,xcm
桠,msy
袈,nky
薮,hdo
揿,jqi
杲,fm
肓,wln
厝,ghf
莅,hiy
氤,rcn
缙,xsf
衮,wuy
诟,ypk
旖,;rj
硒,;y
唁,ky
嬗,aws
硎,;s;
裱,mjy
颦,tug
靥,gnd
纥,xrl
煨,wcy
礴,;hj
鏖,gcq
蝈,;cw
笏,ujd
羿,jdh
鼐,naj
湟,vxl
甑,dcw
炜,wde
煲,ikw
锉,qit
笕,uc;
喑,kyf
嶂,myg
浔,vfj
弭,ah
妪,ac;
锂,qft
苡,hli
孳,dxb
颏,wlh
醴,yfd
渚,vtf
轭,lgv
鹬,pjs
蚝,;rl
膘,nyu
邛,db
痨,ghn
褡,mhk
耦,fup
覃,yfg
馔,ovu
篾,ucl
兖,wu;
阋,gx;
遨,jjz
爰,rsb
痂,gnk
艄,;en
耨,fuj
沤,vc;
邋,llz
焓,wik
秣,rsm
昶,wjf
窣,uug
绦,xom
俎,iih
榫,mig
蟪,;se
稗,rxg
謇,ufy
氩,rsy
锴,qlx
龉,tik
烃,wbd
俣,ikn
嬷,agp
肱,nnp
鸢,l;s
笫,urr
痤,git
菏,hvj
莆,hsw
芨,hnw
阕,gjn
砣,;ul
碜,;px
鼹,xla
猷,dyw
竽,udj
舸,;kj
诓,ycl
錾,lhq
淬,vwg
隗,bxp
悌,edr
姘,adh
槭,mgl
邈,zxz
婕,ast
歙,isi
稹,rgu
蹴,tqk
砒,;ll
痈,gm
镏,qpc
羯,djl
豕,zsr
鲂,o;
蓖,hrl
匦,cln
笤,uqk
峥,moj
徭,krm
浃,vsi
烊,wde
窸,uue
酆,mfb
缢,xdc
褓,mim
蚨,;di
翳,crd
趔,ts;
炔,wci
誊,dny
赜,ceh
仃,ij
勖,fan
葺,hkh
蚴,;xn
泷,vnw
蛴,;od
媸,ac;
俳,iff
诖,ytt
茑,h;s
逡,puz
孱,pbb
砦,tl;
跸,tlg
祜,mg
伉,iwq
溴,vrw
屐,pkb
飚,q;w
蛞,;tk
掮,jwn
崆,mud
庾,gxi
橛,mgi
矸,;t
鸨,lgs
圻,th
缂,xhg
蒯,hn;
诹,yhb
啭,klw
饧,ojd
镉,qse
鸪,g;s
蛩,dq;
蠖,;hb
劭,qkn
哐,kcl
崧,mmp
杼,mpj
棂,mfw
螫,ty;
龃,tih
饔,wxy
遑,xlz
颢,fwh
腱,nfz
襁,ma;
忾,er
濠,vwz
牝,rl
蛄,;g
鲆,osg
嗄,kno
灏,vfh
疥,gid
苜,ha
荞,hrd
嘣,kmn
夤,ouu
砝,;tp
颞,hbh
忤,erg
遢,fjz
旎,;rl
瘛,gfe
魉,x;i
辇,dil
瓤,wkw
荥,huv
涫,vuk
娌,aft
氚,rc
臁,ngy
毂,tub
碇,;ut
毖,llr
壅,wxt
吡,kll
缛,xgj
玮,lde
羟,djd
珈,lnk
颀,hh
虼,;rl
祇,mpl
佝,ijk
翕,isd
遴,doz
珏,llw
郛,rbb
玖,low
蹇,uft
逋,smz
氅,ecl
粽,duu
诂,yg
岢,mkj
聒,htk
髁,cjm
黍,riv
芾,hsm
淝,vnv
鲎,vuo
鞣,hkm
髋,cj;
闳,gnp
潆,vhu
汨,vf
胍,npw
阏,g;d
钤,qij
鹜,pjs
鬈,;xv
铵,qua
戬,syl
崮,mcg
枰,msg
樯,mgk
脍,nip
畲,idc
衾,ijy
蹼,tyi
劬,jkn
咭,ktk
囫,cjd
洱,vh
刎,jd;
芏,ht
琊,lcb
碚,;yk
鳕,oof
谪,yyg
芎,ha
恂,ejf
槿,mhj
鲢,olz
鲧,oru
嘧,kum
绀,xhd
郦,scb
噱,kez
浠,vxm
潸,vmn
跏,tnk
鲶,oie
矍,aab
苌,hrw
抻,jfe
琰,lww
鹚,dxs
龆,tik
臬,ram
芄,hnw
呔,knw
雒,oka
觞,omd
钒,qqw
饫,orn
阒,gaw
槎,mdd
鸩,u;s
舂,fix
谠,ye;
阡,bt
莒,hkk
萸,hxi
妗,aij
稔,rie
穰,rwy
蚧,;id
餍,gny
谯,yiv
芗,hxr
菸,h;d
葩,hxv
踔,teg
厣,gne
佻,i;v
嘌,kyu
饩,or
钏,qc
蠓,;hz
黩,ctn
倨,ipg
缬,xth
殚,sog
钿,qc
鎏,vwq
恁,ife
藿,hoa
囟,rc;
鄣,yfb
呋,kdi
婺,pja
绱,xek
瓯,c;w
旃,;rw
锶,qce
酩,yok
恹,egw
逶,raz
缦,xfb
鸹,tks
螟,;uu
菟,how
阗,ggu
濉,vaa
篑,ukh
醪,yjx
鲛,owx
讦,yt
媪,afc
邬,jjb
殇,sod
鄯,dfb
芡,hoi
嫠,dua
肼,nk
峤,mrd
矽,;o
讧,yd
掼,jch
焖,wge
愆,kve
聩,hkh
岘,mc;
靛,jnt
菖,hff
卟,kew
姒,ali
杷,mv
砉,fe;
袢,mdt
蚋,;ci
笳,unk
挈,fej
踽,trp
黾,kfl
侩,iip
凫,;q
诔,yfu
郯,wwb
韪,fde
挲,vuj
笪,ufs
鼋,d;l
莜,hio
菅,huk
嵊,mtu
裢,mlz
趿,tnw
箸,utf
莴,hki
莠,hrn
阌,grb
旯,fn
圜,ccy
涪,vyk
赍,gih
柞,mrd
嗍,kdn
囵,cil
榧,mcf
裰,mbb
笾,unz
簟,uyg
跎,tul
巽,vvu
曷,fjl
逖,zwz
骓,aia
绔,xnj
枋,m;
镒,qdc
魃,x;w
餮,soy
讵,ycc
乜,jl
鄢,stb
瑭,lgk
踅,jht
馓,oho
蟛,;tx
鳟,odj
荛,hl;
忪,eup
阍,gpf
姹,aul
纰,xll
桉,mua
氪,rg;
氘,rd
垅,tnw
郃,isb
汊,vbw
娉,afj
纡,xdj
缟,xwk
旮,nf
镢,qgi
傈,iym
堋,tnn
蔺,hga
庥,gim
枥,mgn
腭,nkj
鹕,gns
笮,urd
髂,cjk
魍,x;l
缁,xlc
槊,dcm
跞,tpu
醚,ydz
吒,krl
枳,mku
搿,jij
鹧,ghs
蜍,;ir
舻,;ep
鏊,jjq
禳,mwy
蒺,hgn
钹,qnw
蜢,;bc
鬻,ade
珩,lkj
卮,psv
垭,tsy
苄,hww
苕,hqk
菀,huv
骠,ayu
袷,mik
跹,ttz
瘘,gda
磬,tp;
缶,rm
笸,uck
鸷,jns
芰,hgb
蕲,hdh
阆,gwy
纨,xnw
琮,luu
牦,rrl
砩,;ad
蠲,du;
锒,qwy
锕,qbj
郓,ulb
妯,afe
驷,acu
鹩,nds
舢,;m
趸,sjt
芫,hd;
嗉,kju
蠊,;gy
笊,ur
莸,hzw
饴,opk
阃,gcm
浯,vak
枇,mll
焱,www
铆,qpb
擤,jrd
柢,mpw
醢,ync
呲,ktl
崾,mya
溆,vib
潴,vzf
牖,rem
硪,;jl
碓,;ia
鹆,uis
鬣,;xl
堀,tpm
帙,mri
雱,o;
诎,ycm
獐,zyg
桁,mkj
蛱,;si
鳏,ocv
郴,mmb
幂,ufm
箝,ujd
僳,iyd
疝,gm
茴,hck
揶,jhb
呦,kxn
嗌,kdc
囹,cip
螈,;gu
脲,npv
镊,qhb
锑,qdr
胨,nlu
膈,nse
痼,gcg
鳊,owh
赅,hwi
贽,jnh
苤,hss
峄,mbt
桡,ml;
雎,hia
鲋,oij
鞫,hky
鼬,xle
獯,zrv
昀,fjd
痍,gsi
蟊,pj;
鞴,hkm
疖,gb
熘,wpc
乇,rl
羸,wlw
嵴,min
栀,mpv
槲,mog
炝,wiv
炷,wwl
硐,;ck
锸,qtx
鹂,scs
裾,mpg
侪,iod
珐,ltp
哔,klg
屙,pbj
旆,;rm
佰,inf
僦,iqk
牯,rg
钪,qwq
掾,jlz
仟,it
圮,tv
芟,hqb
崃,ml
廪,gwu
擘,pkj
笱,ujk
跗,tij
鲅,onw
硷,;is
苎,hus
匏,ndv
嗾,k;n
圄,cak
彀,tub
粳,dsx
卣,ecc
勐,bcn
掴,jcw
涑,vsu
浞,vt
玳,lil
愍,cye
畛,cix
赧,tyb
貉,zok
擀,jgt
湫,vrw
逦,scz
椴,mpb
铄,qpu
箧,uci
刖,n;
鲮,oto
訇,jy
茱,hru
啖,kww
悭,edt
愀,erw
朐,njk
畈,cpb
鹨,jds
蛘,;de
佶,itk
缃,xma
晟,fgl
鲱,off
凼,vc
苴,hh
颛,mah
厍,gl
徉,kde
洙,vru
氡,rod
胗,nix
癯,gaa
鞒,hkd
锆,qfk
佤,isw
勰,nne
钺,qll
繇,rru
螭,;op
嵬,mxp
轸,lix
肟,ndj
肫,nsl
邨,scb
瘿,gha
仞,iqw
奁,nc;
宄,un
轳,lep
熳,wfb
睇,adr
钼,qa
蝼,;da
跆,tpk
樗,moj
鲰,ohb
诶,ypn
薜,hpg
铧,qig
裥,mgf
榇,mym
馃,ofm
蹚,tet
怄,ec;
寤,ulk
缗,xcf
硗,;l;
碡,;jd
矬,rnt
鸱,pls
虺,s;;
糅,dpm
雠,iaa
帑,abm
镧,qgu
埙,tkh
啁,kck
悒,ekv
犍,rfz
硌,;ok
锩,qdv
虿,sj;
蛑,;pt
艉,;pl
咴,knw
筮,uss
艏,;da
糁,dpx
鼍,kcl
肄,lrt
籴,ud
骜,jja
砻,nl;
蜮,;ls
龀,til
黢,cto
劢,sjn
耪,fu;
鬯,;vl
畚,pnc
觳,tub
稞,rfm
鹁,gus
鲲,ofl
捌,jk;
菔,hnb
獬,zot
柘,m;
娆,al;
篪,upq
鲀,osl
谰,ygu
孬,sub
伥,irw
谇,ywg
鄄,ytb
狎,zfe
闫,gf
滟,vfv
齑,ore
遒,dyz
磔,;om
聃,hct
綦,hfu
鲡,osw
蔻,hub
泠,vip
砗,;l
钕,qa
镫,qjd
菹,hvh
胂,nfe
煅,wpb
煸,wwh
螯,jj;
躅,tc;
鲠,osx
佥,iss
罘,csu
嶝,mjd
坨,tul
菽,heb
哞,kpt
徜,kek
慊,edy
洳,vak
渑,vkl
灞,von
盍,tpc
钋,qew
鸫,lus
踯,tdb
縻,gmu
萘,hnu
褫,mpq
羰,djw
俅,isw
芤,hbl
隳,bnu
洮,v;v
胼,ndh
罴,ctv
镛,qgm
怛,efs
芊,ht
啉,kmm
噌,kdf
嫱,agk
绲,xfl
膻,nws
焐,wak
葎,hkt
亓,dd
倮,ifm
莼,hxl
蘅,hkj
嘞,khn
缒,xrz
镆,qhn
伧,iiv
荏,hif
唳,kww
檩,mwu
鸶,xxs
蚬,;c;
骱,cjd
蘖,hrm
澍,vtj
韫,djc
颎,lwh
嘏,gcb
垡,ilt
腚,nut
焯,weg
怙,eg
羧,djo
鼙,tkg
倥,iud
亳,wkl
艽,hn
荠,hod
昴,fpb
舨,;pb
魈,x;n
醣,ygk
枵,mkj
粜,cmd
甙,lhd
珲,lul
杓,mjw
楸,mrw
楦,mus
疃,cyt
蛏,;bt
蠛,;hl
髌,cju
茔,hut
诼,yzw
嬖,pka
蜣,;d;
笄,ush
跣,tf;
钣,qpb
戆,yfe
蜉,;rb
喾,vuk
铍,qgb
陉,bbd
薹,htt
肷,noi
岵,mg
瓴,iww
荽,hra
怫,ead
钭,qdg
窀,uul
缯,xdf
倬,ieg
摭,jgv
帔,mgb
楝,msu
痱,gff
蚶,;hd
螬,;hf
髑,cj;
鼗,;vb
狷,zkn
殛,sos
裉,mfy
粝,dgj
萋,hsa
葭,hcb
衽,mf
鳢,ocd
傧,iuu
喁,kfp
嫘,acu
罟,cg
钌,qb
裼,mfd
愦,ekh
蝽,;ff
锗,qtf
衿,mij
粢,dod
醵,yez
跫,dqt
鐾,pkq
廛,gft
墉,tgm
哌,kpy
扦,jt
堇,hkj
婧,ajn
暌,fjn
罱,cgg
镞,q;n
蹰,tgj
陟,btr
鳔,oyu
脘,nu;
岿,mdf
侔,ipt
郾,cfb
唿,kje
砹,;hx
疴,gkj
麸,joi
薨,hcl
滁,vbr
偾,igh
拊,jij
撺,jue
呒,kd;
狯,zip
猢,zgn
椁,mwb
榱,mwy
罾,cdf
铳,qw;
裎,mkl
鳚,opj
眦,atl
璎,lha
崞,mwb
缇,xf
蝣,;;b
萑,hia
狲,zbu
缱,xkz
晷,fok
冼,df;
痧,gvr
蕖,hvm
狍,zjv
憷,emt
锛,qnh
窨,uuf
袼,mok
帏,mde
儋,ioy
绨,xdr
疠,gsj
蘩,hru
嵝,mda
庀,gl
汜,vv
炅,fw
煳,wgn
泶,vuv
瓠,ndw
窳,uuw
虮,;q
蚰,;fe
邰,pkb
苊,hgv
砀,;jd
捩,jww
蹉,tdd
莪,hjl
螽,od;
蘼,hgf
槔,mxg
曛,frv
蛲,;l;
鹾,ecd
隹,ia
犸,za
衄,rct
銎,dqq
泫,vwx
玢,luq
辊,lfl
瞋,agu
墀,tpt
酐,yt
堞,thm
尥,nlw
嚯,koa
猗,znj
逑,svz
逯,fvz
硖,;si
噻,kut
嵛,mi;
畀,csd
鲃,ov
偬,ije
鄞,hkb
呖,kgn
溧,vym
嬲,cnn
肭,nci
鹈,das
鹱,;sb
窭,uua
黧,rjv
谵,yoy
沆,vwq
嫒,arb
塬,tgu
缣,xdy
篯,uql
酃,okb
喱,kgt
泔,vhd
溘,vtc
迕,rgz
肀,fe
秫,rmw
裣,mis
铋,qer
蒌,hda
曩,fwy
赀,tlh
箪,udg
朊,nd;
鳙,ogm
仫,irp
钎,qt
芑,hv
胙,nrd
盱,adj
糇,din
挹,jkv
捭,jxg
悱,eff
鬟,;xy
崤,mxn
澶,vws
甾,llc
欹,nki
瞽,tka
钇,ql
鹪,ias
鞔,hk;
缡,xop
铯,qov
鲚,ood
嘬,kfb
庹,ghw
渖,vue
湔,vqn
玎,lj
锜,qnj
锊,qrj
舾,;y
籼,dm
阊,gff
祕,mer
猊,zx;
燹,zzw
葑,htj
蓼,hjx
幛,myg
岣,mjk
浼,vo;
甯,uem
瑷,lrb
敫,x;o
钔,qg
钫,q;
锼,qxb
锿,qwy
癔,gye
穸,uuo
褊,mwh
蚍,;ll
篦,url
麇,gcr
樘,met
钯,qv
铒,qh
莩,hrb
嵯,mdd
逭,ukz
遄,maz
戗,ivl
睃,apo
瀣,ves
皴,pub
泮,vdt
轫,lqw
褰,ufy
炱,pkw
醍,yf
锱,qlc
篁,uxl
葚,hhl
驽,aba
辚,lde
睥,axg
鸺,ims
筇,udb
戥,frl
髀,cjg
驺,aof
哙,kip
濞,vrd
逄,ocz
桤,mmv
炻,w;
磙,;wy
疳,ghd
醭,yyi
鳇,oxl
鹮,css
迓,cjz
眇,aur
楮,mtf
砜,;q;
菘,hmp
馇,oms
栌,mep
醐,ygn
唢,keh
獍,zy;
殳,qb
仡,irl
刿,mo;
葜,hfn
薅,haj
湓,vuc
搴,ufj
尕,nu
磴,;jd
锝,qfj
镅,qpa
艚,;hf
殄,sox
暝,fuu
祢,mou
豉,skb
垴,toc
瓿,ykw
煺,wfz
蟥,;hu
蹀,thm
黼,ydw
氙,rm
铑,qtl
蒡,hy;
杪,mur
肜,nx
膂,;rn
砬,;y
硭,;hl
酽,ysr
踟,trk
鲷,ock
蒴,hdn
藁,hwm
猡,zco
旒,;r;
硇,;r;
锍,qw;
鞲,hkt
哿,nkj
皤,xrc
哏,kfy
殍,sob
漯,vcu
谂,yie
跶,tnz
橥,ztm
镬,qhb
鸲,jks
姝,aru
茭,hwx
窆,uuz
髟,;x
畋,co
溏,vgk
鲔,onn
喹,knt
吣,ke
羼,pde
缧,xcu
窬,uu;
骘,bta
赉,lh
镓,quz
邳,sub
璩,lez
鸸,a;s
涠,vce
溲,vxb
孥,abb
敉,do
筌,uil
垓,twi
苒,hct
荸,hgb
甓,pkw
锪,qje
镄,qah
脔,yci
艟,;yt
眬,anw
彘,ljl
檠,hjm
胩,new
旄,;rl
祆,msn
伛,ic;
鲥,ofj
荦,hut
暾,fwo
缌,xce
飏,q;d
锞,qfm
趵,tjw
跖,t;
跬,ttt
僬,iiv
皲,ulb
翥,trd
祎,mde
芴,hjd
菰,hbw
眙,apk
锓,qfb
訾,tly
莳,hfj
菪,hu;
槠,myf
榍,mpn
俜,ifj
觚,omw
撄,jha
嵫,mdx
桴,mrb
晡,fsw
爨,pdw
悫,tue
锇,qjl
锖,qjn
锘,qhk
蝾,;hm
糌,dof
柙,mfe
滹,vej
睚,agt
莨,hwy
尻,pn
罨,cnl
锔,qpk
筲,uen
妣,all
砘,;sl
谳,ygw
钽,qfs
鄹,hbb
菡,hbc
崦,mnl
狺,zy
杌,ms;
秭,rrr
舯,;ke
豇,skd
鲵,ox;
蘧,hez
阚,gjo
悝,eft
铌,qpl
缑,xin
瑗,lrb
椹,mhl
旰,ft
魆,x;l
蓍,htf
蕹,hwa
岜,mv
钐,qx
锬,qww
镪,qa;
绡,xen
檎,mip
茕,hug
侉,inj
渫,vhm
辂,lok
欷,xni
轾,lst
麴,gid
戢,khl
趼,tsh
芈,set
苈,hgn
缍,xtt
歃,txi
燠,wrn
耜,fuk
顸,th
蚵,;kj
哓,kl;
澌,vhh
郜,fkb
徼,kxo
籀,ujc
陬,bhb
蕤,hzj
叻,kn
猞,zik
洇,vcn
锎,qgh
舳,;fe
缋,xkh
镗,qet
褙,mdn
耋,trt
鳡,oge
鲌,ox
巯,bd;
吖,kde
猁,zr;
桷,mom
砼,;id
锾,qrb
颟,hsh
跽,tve
悛,epo
桕,mx
艨,;hz
颡,bbh
髹,;xm
桫,mvr
葸,hce
屣,pkt
獒,jjw
瘌,gs;
佴,ih
锫,qyk
隰,bfv
醌,yfl
岽,mlu
昃,fgi
螓,;fr
垧,trk
廨,got
骺,cjk
黥,ctu
豳,mzz
荑,hsi
莶,his
蓊,hud
揎,jus
娈,ya
嫜,ayg
毽,rdz
砑,;cr
碶,;fn
剀,mv;
薷,hoa
怃,ed;
怿,ebt
骐,ahu
腧,ni;
霈,ovm
蝻,;gg
墼,sft
坩,thd
甏,tkw
鹇,gms
鹣,dfs
舴,;rd
鲭,ojn
傺,iou
枘,mci
秕,rll
糨,da;
忉,eq
磲,;vm
侑,inn
萁,hhu
葳,hgl
呙,kci
鹋,hcs
貘,zhn
葶,hwj
枨,mrw
棹,meg
纛,jlu
嶷,mlt
妁,ajw
杩,ma
鹛,pas
羝,djw
骖,apx
祧,m;v
淠,vcd
畎,cnw
箨,ujt
鳐,orm
谿,rxk
剡,ww;
吲,kae
嫫,ahn
戽,wpg
糗,drw
鸮,kss
蕰,hvc
坼,thw
璺,pdw
栊,mnw
镝,qyg
疔,gj
瘰,gcu
谮,ycf
辋,lcl
碥,;wh
劂,gd;
潋,vio
孓,bw
螋,;xb
鲳,off
铙,ql;
塄,tc;
萆,hxg
碲,;ym
纻,xus
沭,vmw
祏,m;
怍,erd
糍,ddx
鸻,kds
仵,irg
柰,mdu
棼,mmq
氇,rdf
氆,rdf
烀,wrj
镔,quu
珉,lcy
鞬,hkz
囝,cb
犴,zt
镠,qjx
觇,ek;
钆,ql
蚺,;ct
蝓,;i;
趑,tdi
貔,zrl
躞,twb
氽,iv
绂,xnw
栲,mtj
鹎,xrs
襻,mmj
祓,mnw
郿,pab
骝,apc
檫,muu
砟,;rd
蝰,;nt
猱,zpm
缵,xfh
沔,vsj
彖,ljz
黻,ydw
眢,ova
茛,hfy
蕈,hyg
骀,apk
樨,mpt
昝,oef
镎,qij
酡,yul
鳜,ogi
觋,si;
礅,;wo
垆,tep
坻,tpw
荇,hkj
扃,wpk
磻,;rc
郗,xnb
阇,gtf
腈,njn
铈,qwm
珙,lhu
襞,pky
劁,ia;
隈,bcy
胬,abi
纮,xnp
翙,mod
茀,had
荜,hlg
溱,vfr
酤,yg
圯,tv
柽,mbt
瞀,pja
铖,qgl
粞,dy
撙,jdj
铊,qul
圹,tg
菝,hjw
岙,rnm
漶,vke
缏,xix
貊,znf
徂,kh
洎,vra
礌,;oc
邠,uqb
邽,ttb
溽,vgj
棰,mtt
舭,;ll
艋,;bc
聱,jjh
尢,nl
佾,iun
蕻,h;u
狁,zp;
绁,xhl
牾,rak
慝,che
蜱,;xg
鬘,;xb
埚,tki
堙,tyt
菥,hmh
萏,hox
玟,lo
椟,mgn
铗,qsi
颙,fch
踬,tph
筚,ulg
矻,;rl
搠,jdn
圉,ctg
浍,vip
蛸,;en
芘,hll
萜,hmk
鄗,wkb
惝,eek
毵,pnl
鲽,ohm
酞,ynw
哚,kqm
溷,vcz
缞,xwy
搦,jad
帻,mjh
鲴,ocg
髫,;xk
儇,icy
狴,zlt
迮,rez
趱,tfh
椠,lhm
赟,osh
陔,bwi
坌,uqt
悃,ecm
塍,ndt
疬,ggn
麈,gcl
絜,feu
脩,ien
赒,hck
埒,trj
镡,qyg
镨,qdf
骎,afb
骙,ajn
鼩,xlk
鳑,oy;
豨,zxm
琚,lpg
觫,omu
鲦,oom
刳,nd;
拶,jlo
掊,jyk
泐,vbn
瘗,gst
雩,odj
檗,pkm
铟,qcn
鲏,ogb
蒗,hvy
遹,pjz
攴,eb
蝥,pj;
茆,hpb
蓁,hfr
嚆,khk
忮,egb
篌,uin
卺,bvv
郫,xrb
犰,zn
狳,zir
蹁,twh
蓐,hgj
埝,tie
蕞,hfb
喈,klx
戋,lss
赙,hsj
磉,;bm
郤,uib
聍,huj
铷,qak
腘,ncw
鳈,oxv
秾,ruy
邗,tb
釐,dut
矧,rne
舁,xh
貅,zim
骢,are
阼,brd
垸,tu;
墁,tfb
攮,jsy
柝,mhw
梃,mfz
眚,rja
箜,uud
簏,ugl
綮,wpu
鲩,ou;
茇,hnw
摅,jee
蜾,;fm
龂,tih
脒,nd
箬,uhk
鲻,olc
埸,tfd
颃,wqh
蒹,hdy
瞍,axb
铫,q;v
蒐,hxp
幞,myi
觏,fc;
媵,nda
钬,qw
襦,moa
簋,ufc
翮,skd
蹯,trc
鲿,oep
攉,joa
禊,mfn
箐,ujn
镟,q;t
癍,gll
霪,ovf
袪,mtp
劓,ra;
殂,soh
脞,nit
霨,opj
耵,hj
泺,vpu
埤,txg
鲐,opk
陴,bxg
橼,mxz
唣,kxl
蜩,;ck
埯,tnl
蓥,huq
谞,yjn
馘,drs
谫,yqq
廑,ghj
瘐,gxi
躐,tll
黟,cto
縠,tub
揠,jca
绐,xpk
鸰,iws
搛,jdy
黹,ydu
恧,ae
柒,vlm
裒,wxy
栳,mtl
钸,qnm
饸,oik
铕,qnn
絷,jnu
蒨,hin
蓣,hph
鲕,oa
郄,xnb
埘,tfj
薤,hss
鲞,dno
鼯,xlk
坭,tpl
蔌,hsi
缳,xcy
夼,nc
椐,mpg
轹,lpu
脬,nrb
眍,ac;
饹,ook
瘥,gdd
瘵,gou
邴,scb
鞮,hkf
舄,xjv
翛,ied
纩,xg
唛,kjo
螵,;yu
禛,mgu
袆,mde
邾,rub
酲,ykl
龁,til
汔,vrl
眄,asj
眊,arl
鬲,ske
靸,hkw
酺,ysw
狃,zjt
轺,lqk
霅,oy
鼷,xln
蠃,wlw
埴,tgh
铪,qik
鲉,ofe
汆,uv
仝,id
堍,tow
揸,jms
忭,eww
妤,apj
龠,ish
垤,tst
擐,jcy
噍,kiv
洫,vrc
滏,vud
璁,lre
癃,gbj
邡,;b
蒽,hce
赕,hww
躜,tfh
鳀,of
鹡,ivs
蠋,;c;
钲,qst
兕,el;
阽,bek
绋,xad
爝,wrj
仂,in
蟫,;yg
蕺,hkl
骃,acn
蔀,hyb
猹,zms
埕,tkl
绖,xst
埭,tfv
柁,mul
珧,l;v
贳,hlh
贶,hk;
腩,ngg
臌,ntb
礓,;ss
蹐,tin
圬,tdj
堠,tin
屦,pka
驵,ah
桄,me;
憝,wke
瘳,gjx
茌,hit
辀,l;
胠,ntp
埏,trz
腠,nfn
靰,hk;
鞡,hky
铼,ql
邲,erb
唼,kya
篥,uym
茈,htl
萩,hrw
跐,ttl
蹅,tms
瞢,hca
罽,cg;
铚,qst
箦,ujh
踣,tyk
捃,jfk
瘕,gcb
鳓,ohn
籥,uih
镩,que
耧,fua
蜞,;hu
舡,;d
鹀,dis
臜,nfh
岈,mcr
潲,vrn
枧,mc;
觌,gj;
膦,nde
礞,;hz
蝤,;dy
螗,;gk
酹,yrj
醅,yyk
葰,hio
郇,jfb
茼,hck
洧,vnn
滠,vhb
澉,vjo
铏,qs;
赆,hpd
赇,hsw
骕,afe
飑,q;v
訄,ny
钘,qsh
耱,fu;
榀,mkk
镴,qll
鲙,oip
鳁,ofc
陧,bft
坜,tgn
坫,tek
甍,hcw
绠,xsx
恝,fee
飗,q;c
镙,qcu
镱,qye
魋,x;a
箖,umm
遘,fcz
阘,gfd
眭,att
耖,fur
邶,dlb
颥,oah
篚,ucf
鳘,rlo
虒,peq
裈,mul
遆,yuz
麑,gc;
鄚,hfb
鳉,odj
祼,mfm
镈,qsj
罶,cpc
羑,dlw
黉,vuu
郐,idb
溻,vfd
訚,gy
莛,hfz
哕,kmo
滗,vul
瀹,vih
稃,rrb
矞,pjk
硚,;rd
禋,myt
翀,jde
苾,her
襕,mgu
茺,hw;
唪,kft
庳,gxg
殪,sod
隃,bi;
糈,djn
鲣,odt
栝,mtk
轵,lku
翃,npd
衒,kwj
薿,hlt
鳤,ouk
觱,gkm
筘,ujk
鲝,djo
蔸,hp;
镚,qmn
痦,gak
葴,hgl
泖,vpb
骟,awd
锽,qxl
犋,rhu
眵,aoo
耩,fut
筢,ujv
躔,tgt
鬏,;xw
黪,ctx
舲,;ip
劐,hi;
搋,jpq
廒,gjo
洚,voe
胲,nwi
筅,uf;
鳆,oro
鲊,ord
臑,noa
诐,ygb
仳,ill
绹,xjm
蕗,htk
蝘,;ca
葙,hma
禘,mym
菍,hie
仉,iq
氕,rr
邿,tjb
鱾,ov
鹟,ups
楱,mfn
鼱,xln
褯,mgm
剞,nk;
蔟,h;n
靿,hkn
瘼,ghn
酴,yir
鼢,xlq
硁,;bd
秬,rcc
筦,uu;
刭,bd;
蒇,hgl
挢,jrd
猃,zis
靺,hkm
鞨,hkl
铥,qrp
瘅,gdg
箅,ucd
箢,uuv
觖,omi
瘊,gin
揲,jhm
镮,qcy
钷,qck
菉,hfv
踦,tnj
鲯,ohu
謦,tpy
麹,jod
缊,xfc
蓇,hcj
蹾,two
掎,jnj
哜,kod
陞,brt
镲,quu
赗,hfa
揞,jyf
酂,f;b
檑,moc
氍,aal
腙,nuu
痖,gsy
酎,yj
鲒,otk
鲪,ofk
鹯,wcs
簰,urg
蓏,hpw
薳,htz
蓠,hop
蓰,hkt
鄜,gcb
茝,hce
跂,tgb
醨,yop
疰,gwl
觜,tlm
馧,rfc
螣,nd;
铽,qle
觿,omk
腽,nfc
蒉,hkh
磜,;ou
鲹,opx
铻,qak
痄,grd
睄,aen
磡,;hn
荄,hwi
苠,hcy
骒,afm
戤,nbl
铞,qkm
耢,fun
筼,ukh
冁,dfy
茚,hpb
辌,lwu
辒,lfc
郪,sfb
鄘,gfb
鄠,odb
帱,mfj
缲,xkm
镘,qfb
酾,ysw
鳣,ows
麀,gcl
飔,q;e
毳,rdl
苧,huj
蟓,;oz
盦,iwc
矰,rnf
翂,jdq
轪,ln
镤,qyi
糵,hrd
镥,qof
菂,hxw
薢,hot
鲗,oh;
硙,;mv
藠,hxx
镦,qwo
沩,vww
沲,vrm
踺,tfz
酦,ylw
醾,ygd
锳,qhi
钶,qkj
鲼,ogh
齄,ras
祋,mqb
芃,hqw
莿,hs;
苘,hck
迺,yz
掭,jsu
邘,djb
猸,zpa
艴,adv
柃,mip
毹,isl
脶,nki
颋,fzh
鹍,fls
麖,gcu
軎,sfk
稂,rwy
佧,iew
郈,psb
瓞,ppi
瞫,ayg
碃,;jn
蓂,huu
讱,yqw
镵,qow
鳒,ody
翯,jdk
馉,ocj
钖,qjd
鄫,dcb
鳛,ojx
砮,ab;
荬,hjn
犏,rwh
鞧,hky
鸼,;;s
鹐,oxs
脎,nxm
荖,htl
蹽,tnu
墚,tvm
搌,jpy
擗,jpg
哳,kjh
楗,mfz
韂,hky
耥,fuk
篼,up;
醑,yjn
祃,ma
祲,mfb
窊,uuw
縢,ndu
藦,hgj
赪,tyh
屺,mv
雊,jka
飐,q;k
稆,rkk
骍,ayg
筻,usx
舣,;wx
袗,mix
漤,vma
鲾,osc
纴,xf
翚,jdl
耰,fuo
蜎,;kn
詟,nly
阢,bs;
圊,cjn
鳠,ohb
黇,hsk
黡,gnv
窅,uua
簃,uro
罍,ccm
葖,huw
襫,mnf
觭,omj
诇,yck
跱,ttj
坶,tld
辁,lil
牿,rfk
瞵,ade
鹖,fjs
稌,rir
艎,;xl
蒟,hyk
蜐,;tn
铹,qhn
磹,;yg
绤,xuk
茽,hie
趯,tja
塥,tse
漭,vhh
镃,qdx
韨,djw
鱽,oq
鲬,opm
鼫,xl;
簕,uhn
蔊,hwt
窎,uus
隺,ura
蒻,had
裛,wky
蘘,hwy
鬶,die
鳂,ocy
禤,mcd
穜,ryt
筶,ufk
腨,nma
鳋,ob;
鹒,gfs
隩,brn
痃,gwx
祾,mto
筥,ukk
羕,dlv
耇,trk
蒄,huj
冱,dss
蒈,hlx
尜,unu
轷,lrj
髽,;xt
垲,tmv
禔,mf
穄,rou
睎,axm
硊,;ov
穙,ryi
簠,usc
肸,nug
萚,hjt
垌,tck
怊,eqk
膪,nyk
鸧,ivs
鹙,rws
稑,rtt
翈,fed
赑,hhh
鄑,syb
锧,qph
癀,ghu
鹠,pws
砫,;wl
稙,rgh
脟,nrj
脿,njy
藨,hgv
饳,ocm
饻,owy
绗,xkj
荮,hxj
粿,dfm
岍,msh
芼,hrl
狨,zln
礤,;hu
穟,rdz
谼,uiu
盉,rc
荙,hnz
莙,hfk
螠,;dc
骣,apb
鲖,ock
髃,cjp
衎,ktj
虓,neq
翾,csd
耤,fuf
襚,mdz
鬷,sko
蒱,hjw
襜,moy
鹢,dus
祊,m;
褕,mi;
酅,mib
羖,djb
鄀,hnb
薁,hrn
矼,;d
鄃,isb
簝,unu
繄,cru
驲,af
腯,npa
碏,;hf
浈,veh
蚄,;;
虸,;b
藟,hcc
鹴,oms
纼,xae
耠,fuk
筜,uef
逴,efz
耔,fub
菼,hww
蒎,hvy
鼒,jaj
瀵,vdu
筤,uwy
酏,ym
簉,ufz
踶,tf
铘,qcb
镋,qe;
鄅,rkb
馌,otc
耏,ax
芣,hsu
辿,mz
鸤,p;s
瘃,gzw
髢,;xm
鹔,fes
糒,dhm
郚,akb
靽,hkt
桊,dnm
碹,;us
讻,y;c
鬒,;xu
舠,;q
蔹,hio
骦,aoa
腒,npg
靬,hkt
簖,udh
荓,hdh
貆,zss
莝,hit
蹜,tuf
蹢,tyg
艅,;ir
羓,djv
螱,pd;
硿,;ud
碨,;cy
竫,yoj
笯,uab
衃,rcu
磏,;dy
禚,mdv
羱,dju
荁,hss
觟,omt
鲺,ol;
蟏,;he
褟,mfd
砆,;di
胈,nnw
袯,mlw
鄌,gfb
弪,abd
瘭,gyu
砠,;h
硍,;fy
筀,utt
蔈,hyu
蚆,;v
衠,kgj
鞁,hkb
牮,ilt
碈,;pf
礵,;oa
舥,;v
虤,egq
豮,zgh
陑,ba
鼽,ran
撖,jjo
盷,ajd
禒,mlz
翷,dod
胣,nrm
芠,ho
茓,huu
茳,hvd
虷,;t
踒,tra
鞳,hkk
鹝,sks
齇,rah
缐,xxv
萹,hwh
蓢,hwn
蝲,;s;
铴,qvd
馝,rfr
?,iof
?,iy
?,kux
?,kg
?,tbb
?,tya
?,irt
?,fea
?,apm
?,aix
?,mjk
?,mww
?,mhz
?,eof
?,eto
?,jbb
?,jww
?,jvc
?,fwy
?,frb
?,fxv
?,fwo
?,mc;
?,mtp
?,wfm
?,mrv
?,vux
?,vw;
?,vgl
?,voe
?,vgi
?,wm
?,wff
?,woa
?,zi;
?,loj
?,vid
?,xe;
?,ada
?,fe;
?,;dg
?,;no
?,rpx
?,xck
?,ctd
?,dcd
?,ndw
?,ndu
?,ndr
?,ncr
?,hun
?,hpm
?,hum
?,hnj
?,heg
?,hto
?,;cm
?,;in
?,gh;
?,;uz
?,yh
?,zc;
?,cmb
?,hsb
?,eub
?,qlw
?,qhf
?,opb
?,off
?,ndo
?,sms
?,wus
?,sos
?,jns
?,ans
?,pes
?,pks
?,nln
丌,sd
丏,sej
乸,mld
亍,dj
亶,wcs
亸,wkg
亹,wph
伈,ie
伋,inw
伣,ic;
伭,iwx
伾,iss
佁,ipk
佖,ier
佸,itk
佺,iil
佽,idi
侁,if;
侂,igl
侘,iul
侴,is;
侹,ifz
俍,iwy
俙,ixm
俫,il
俵,ijy
俶,ieb
倓,iww
倕,itt
倞,iwu
倧,iuu
倴,inh
倻,ihb
偁,irt
偓,ipt
偡,ihl
偭,ind
偰,ifn
偲,ice
傃,iju
傉,igj
傒,irn
傕,iua
僇,ijx
僎,ivu
僔,idj
僰,smi
儦,igv
儳,iow
儴,iwy
冏,cuk
冔,fkj
冮,dd
凓,dym
凘,dhh
刬,l;
剅,sk;
剋,g;;
剕,fd;
剟,bb;
劄,ui;
劼,tkn
勍,wkn
勔,ncn
勚,hln
勠,jdn
匜,cm
匼,cik
卬,pb
厖,gnw
厾,ltp
叆,dpb
叇,dpz
叕,bbb
叚,ceb
吽,krt
呇,vk
呣,kld
咇,ker
咉,kci
咍,kpk
咡,kh
咥,kst
咺,kss
哃,kck
哢,klh
哱,kgb
唝,kdh
唵,knl
啫,ktf
啰,kco
啴,kdg
喆,tkk
喤,kxl
嗐,kuk
嗞,kdx
嘚,kkj
嘡,ket
噀,kvu
噂,kdj
噇,kyt
嚄,khb
嚚,kck
嚭,tkk
囷,cr
圌,cma
圐,cc;
圙,cuf
圢,tj
圫,trl
圲,tt
坉,tsl
坋,tuq
坒,llt
坥,th
坬,tpw
坰,tck
坽,tip
垈,ilt
垍,tra
垎,tok
垏,tft
垕,pst
垙,te;
垚,ttt
垞,tul
垟,tde
垯,tnz
垱,tef
垵,tua
垺,trb
垾,tft
垿,tgj
埆,tom
埇,tpm
埌,twy
埗,ttr
埪,tud
埫,tek
埵,ttt
埼,tnj
堃,;;t
堉,twn
堌,tcg
堎,tto
堐,tgt
堧,tan
堨,tfl
堲,fpt
堼,ttt
堽,tct
堾,tff
塅,tpb
塆,tya
塝,ty;
塱,wft
墈,thn
墐,thj
墕,tsv
墘,tgl
墡,tdk
墣,tyi
墦,trc
壸,tuy
夐,oco
夬,ci
奓,noo
奡,nad
奭,nnf
妘,adp
妧,ad;
妭,anw
姈,aip
姞,atk
姤,apk
姮,ass
姱,anj
姶,aik
姽,aov
娀,aln
娵,ahb
婌,aeb
婍,anj
婘,adv
婞,atg
婠,auk
婤,ack
婫,afl
婳,asc
婻,agg
婼,ahk
媂,aym
媄,adn
媆,aan
媓,axl
媖,ahi
媞,af
媭,xha
媱,arm
嫄,agu
嫕,ace
嫚,afb
嫪,ajx
嫭,aej
嫽,anu
嬛,acy
嬥,aja
嬬,aoa
嬿,ahv
孅,ais
孖,bb
宧,uce
宬,ugl
寁,ust
尨,nlw
尪,nll
屃,ph
屮,ce
屼,ms;
屾,mm
岊,vm
岞,mrd
岠,mcc
岨,mh
峂,mod
峃,vum
峏,ma
峗,mov
峘,mss
峛,ms;
峣,ml;
峧,mwx
峱,zjm
峿,mak
崀,mwy
崁,mti
崄,mis
崌,mpg
崒,mwg
崚,mto
崟,mq
崡,mbc
崶,mtj
崿,mkj
嵁,mhl
嵅,mgl
嵎,mfp
嵖,mms
嵚,mqi
嵲,mrm
嶅,jjm
嶍,mjx
嶒,mdf
嶓,mrc
嶟,mdj
嶦,moy
嶲,mij
巇,mel
巉,mow
帡,mdh
帨,md;
幖,myu
幪,mhz
庤,gtj
庱,gto
庼,glh
廆,gxp
廋,gxb
廙,gcu
弆,tph
弇,ish
弢,acb
弨,aqk
弶,awu
弸,ann
彟,fjb
彧,lkx
徛,knj
忞,oe
忳,esl
忺,eoi
恓,ey
恔,ewx
悆,ire
悈,elh
悢,ewy
悰,euu
惇,ewb
惎,hfe
惔,eww
惙,ebb
惛,epf
愃,eus
愐,end
愔,eyf
愭,etf
慆,ers
慥,efz
慬,ehj
慭,lne
憕,ejd
憙,tke
憭,enu
憺,eoy
戣,jwl
戭,usl
扂,wpk
扅,wpo
扆,wpy
扊,wpw
扞,jt
扺,jpl
扽,jsl
抃,jww
抔,jsu
拃,jrd
拤,jew
挓,jul
挦,jfj
捯,js;
捽,jwg
掞,jww
揕,jhl
揳,jfn
搒,jy;
摏,jfs
摛,jop
摴,joj
摽,jyu
擿,jyz
攽,uqo
敔,ako
敩,vuo
斝,kug
斠,fcg
斶,hc;
旐,;rv
旞,;rz
旴,fdj
旵,fm
旸,fjd
旻,fo
旿,frg
昄,fpb
昇,frh
昈,fwp
昉,f;
昒,fjd
昡,fwx
昣,fix
昤,fip
昪,fph
昫,fjk
昳,fri
昺,fsi
昽,fnw
晅,fss
晊,fst
晐,fwi
晙,fpo
晞,fxm
晢,jhf
晪,fcu
晫,feg
晱,fww
暅,fes
暕,fsu
暲,fyg
暵,fhi
暶,f;t
暿,ftk
曈,fyt
曌,fnd
朏,ncm
朓,n;v
朳,mu
朸,mn
杄,mt
杕,mn
杙,ml
杧,mwl
杻,mjt
枅,msh
枍,muj
枲,pkm
枹,mjv
柈,mdt
柊,mod
柖,mqk
柷,mk;
栐,mwv
栒,mjf
栟,mdh
栴,mrw
栻,mld
桯,mkl
桲,mgb
桹,mwy
梌,mir
梠,mkk
梣,mmj
梴,mrz
梼,mfj
梽,mte
梾,ml
梿,mlz
棁,md;
棐,fdm
棓,myk
棤,mhf
棨,wpm
棪,mww
棫,mls
棬,mdv
棻,hum
棽,mmj
椀,muv
椆,mck
椑,mxg
椓,mzw
椪,mdy
椸,m;m
楒,mce
楙,mpm
楩,mix
楪,mhm
楯,mpa
榃,mmc
榅,mfc
榑,msj
榖,tub
榰,mtf
槃,;qm
槚,myh
槜,min
槱,myv
橑,mnu
橞,mse
橦,myt
檞,mot
櫆,mxg
欂,mhj
欸,pri
欻,wwi
歅,yti
殣,soj
毌,cg
毐,tln
毪,rdt
氾,vv
氿,vn
汈,vjs
汋,vjw
汧,vsh
汫,vk
汭,vci
沄,vdp
沇,vp;
沘,vll
沚,vt
沨,vq;
沺,vc
泂,vck
泃,vjk
泇,vnk
泙,vsg
泚,vtl
泜,vpw
洈,vov
洑,viw
洓,vsu
洘,vtj
洢,vir
洣,vd
洨,vwx
洭,vcl
洴,vdh
洸,ve;
洺,vok
洿,vnj
浉,vdm
浐,vyr
浕,vpd
浛,vik
浟,vio
浡,vgb
浥,vkv
浬,vft
浭,vsx
浰,vr;
浲,voe
涄,vfj
涍,vtb
涐,vjl
涘,vpn
涢,vkh
涴,vuv
淏,vfn
淜,vnn
淟,vcu
淯,vwn
淴,vje
渟,vwj
渰,vih
渼,vdn
湉,vek
湑,vjn
湜,vf
湝,vlx
湣,vcf
湲,vrb
湴,vdy
溁,vhm
溇,vda
溍,vsf
溚,vhk
溞,vb;
溠,vdd
溦,vmo
溵,vpb
溹,vgu
滃,vud
滆,vse
滉,vf;
滍,vc;
滘,vuk
滧,vwo
滪,vph
滫,vin
漈,vou
漋,vbj
漖,vto
漦,duv
漴,vmu
漷,vwb
漹,vsv
漻,vjx
漼,vma
潏,vpk
潖,vlv
潟,vxv
潩,vcu
潵,vho
潽,vdf
潾,vde
澂,vmo
澛,vof
澥,vot
澪,vop
澭,vwa
澴,vcy
澼,vpg
澽,vez
濋,vmt
濩,vhb
瀌,vgv
瀍,vgt
瀔,vtb
瀱,vc;
瀼,vwy
灈,vaa
炆,wo
炌,wid
炘,wh
炟,wfs
炣,wkj
烔,wck
烜,wss
烝,bvv
烠,wnn
烶,wfz
烺,wwy
烻,wrz
焆,wkn
焌,wpo
焗,wpk
焜,wfl
焞,wwb
煁,whl
煃,wnt
煋,wfj
煓,wma
煟,wcn
煴,wfc
熇,wwk
熛,wyu
熜,wre
熥,wpz
熻,wid
燊,wwm
燋,wiv
燏,wpk
燚,www
爇,htv
爔,wdl
爚,wih
爟,wha
爿,ler
牁,lej
牂,lee
牚,eur
牤,rwl
牥,r;
牻,rnw
犇,rtt
犨,iag
狉,zss
狝,zou
猄,zwu
猇,zeq
猯,zma
猰,zfn
猺,zrm
獴,zhz
玃,zab
玒,ld
玓,ljw
玕,lt
玘,lv
玙,lss
玚,ljd
玞,ldi
玠,lid
玡,lcr
玤,lfe
玥,ln
玦,lci
玭,lll
玱,liv
玶,lsg
玹,lwx
玼,ltl
玿,lqk
珅,lfe
珇,lh
珋,lpb
珌,ler
珒,lft
珕,lnn
珖,le;
珛,lnn
珝,ljd
珢,lfy
珣,ljf
珦,lrk
珪,ltt
珫,lw;
珰,lef
珵,lkl
珷,lst
珸,lak
珹,lgl
珺,lfk
珽,lfz
琀,lik
琄,lkn
琇,lrn
琈,lrb
琎,lkz
琔,lut
琟,lia
琡,leb
琤,loj
琫,lft
琭,lfv
琯,luk
琲,lff
瑀,lrp
瑂,lpa
瑃,lff
瑄,lus
瑅,lf
瑆,lfj
瑑,llz
瑓,lsu
瑔,lxv
瑖,lpb
瑝,lxl
瑢,luk
瑧,lfr
瑨,lsf
瑬,vww
瑱,lgu
瑳,ldd
璆,ljx
璈,ljo
璒,ljd
璘,lde
璟,lfu
璠,lrc
璥,lho
璪,lkm
璬,lxo
璮,lws
璱,llr
璲,ldz
瓀,loa
瓖,lwy
瓘,lha
瓻,xnw
甗,egw
甡,rjj
甦,sfj
甪,rm
畖,cpw
畤,ctj
畬,irc
畯,cpo
疁,cjx
疋,jt
疍,jts
疐,gut
疢,gw
疭,gii
痓,gst
瘆,gpx
癗,goc
癿,xl
皕,nff
皛,xxx
皞,xxg
皦,xxo
皭,xrj
砄,;ci
砵,;ms
硔,;hu
竘,yjk
糸,xu
膙,na;
膣,nut
苉,hc;
茋,hpw
莰,hti
萣,hut
萳,hgg
蔃,ha;
薸,hvu
蚲,;sg
蛃,;si
觃,c;b
豸,zrw
陎,bru
馞,rfb
骉,aaa
髎,cjx
鲘,opk
鹲,hus
齉,ray
??,wce
??,bc
??,kfb
??,tph
??,tgv
??,me;
??,vde
??,vd;
??,vgh
??,lym
??,lgw
??,lwb
??,;kj
??,;hf
??,;km
??,dms
??,xoa
??,yfd
??,ng
??,nda
??,ggu
??,ggb
??,tld
??,le;
??,gbb
??,phb
??,aab
??,osq
??,qsw
??,qhk
??,qhu
??,qdj
??,oua
??,oo;
??,ogv
??,jhn
??,tda
??,tjx
??,mfd
??,mnl
??,mgw
??,ac;
??,xrz
??,xxm
??,hww
??,mjh
??,yck
??,ygl
??,ycy
??,ls;
??,lpm
??,kfb
??,qdi
??,qtt
??,qkn
??,qhu
??,qrc
??,qpk
??,grm
??,mvh
??,;vh
??,frh
??,osu
??,ows
??,ao
??,aci
??,ajm
??,afv
??,af
??,agu
??,arn
??,odm
??,tlo
??,oll
??,zls
??,lhi
??,xwu
??,ldz
??,qhu
??,qnz
??,gbh
??,awx
??,ti;
,idg
,kse
,tc;
,til
,toe
,thn
,tdg
,abd
,mgn
,mcm
,gqi
,ac;
,fde
,fc;
,msi
,mph
,vsj
,vh
,vcw
,wc;
,wfj
,wdg
,cjk
,lpu
,vjw
,lfj
,vu;
,;nz
,;d;
,udh
,xc
,xu;
,xcn
,xfz
,xu;
,xjn
,xmm
,xwb
,xuu
,xct
,xwy
,hgk
,hsi
,hss
,;lu
,ydj
,yus
,yl
,yfy
,yyt
,yf
,yse
,lpl
,ldy
,fjb
,yuy
,ql
,qrw
,qh
,qil
,qmw
,qep
,qfe
,qqk
,qld
,qjo
,qmt
,qup
,qwb
,qvb
,qin
,qud
,qff
,qdo
,qtk
,qcv
,qde
,qdz
,gyt
,bmv
,bod
,bkh
,feh
,ogh
,ass
,ack
,af;
,air
,aff
,af;
,ade
,ojk
,oul
,o;v
,oov
??,xrv
??,xye
