考,aa
磊,aaag
考,aab
碱,aaes
硗,aagr
砩,aarf
磨,aas
硕,ab
弋,ab
弭,abb
弼,abca
碉,abfv
砺,abgq
碘,abmk
弋,abn
砚,abra
硐,absg
硕,abws
者,ac
者,acg
碍,acga
砷,acjf
煮,acoy
碣,acqz
都,acrf
翥,acyy
弛,acz
摩,ad
摩,adnl
碛,adws
弧,adx
麾,adz
碡,adzs
麾,adzx
教,ae
矿,aed
威,aeg
戚,aegi
威,aegl
孝,aegn
蹙,aegp
麽,aeko
砭,aeps
感,aes
咸,aesg
感,aesx
戊,aet
教,aetn
臧,aezj
疆,af
矸,aff
硅,affg
磔,affu
疆,afgg
磕,afk
砝,afks
磕,afkw
砑,afnd
矽,afs
砰,afud
贰,afwy
砖,afzo
与,ag
硬,agcn
与,agg
研,agmf
硎,agmj
欤,agql
尧,agrb
翘,agry
礓,agsg
石,agt
砧,agvg
戎,ah
鸢,ahg
磙,ahkb
戎,aht
砂,ai
靡,aids
砂,aied
硝,aiqg
磲,aixu
泵,aiy
老,aj
老,ajb
耆,ajcg
耄,ajd
耋,ajdf
耄,ajdz
划,ajf
礴,ajia
砒,ajja
础,ajk
礤,ajkd
础,ajkf
砌,ajmd
礞,ajnb
砹,ajns
引,ajv
硭,ajyz
碟,ajzu
弘,ak
甙,akg
碳,akho
碜,akse
磴,aksu
弘,akx
戍,al
砗,alf
硷,alge
砼,almg
戍,aly
式,am
弱,amam
碗,amfu
式,amg
碹,amgg
戒,amh
磺,amj
砣,amja
磺,amjk
磉,ammu
碇,amps
弪,an
弪,anmb
礅,ao
麻,ao
礅,aoen
麻,aon
碥,aovw
魔,ap
魔,apo
硌,apvg
成,aq
粥,aqa
鬻,aqaj
粥,aqaz
成,aqb
硪,aqd
磷,aqfj
弥,aqix
砍,aqls
破,aqm
磋,aqmg
破,aqms
糜,aqo
确,aqq
硼,aqqg
确,aqqj
盛,aqwg
费,ar
硒,arg
弗,armn
砜,arns
砥,aros
艴,arqi
费,arwp
张,as
码,asg
硖,asug
张,asx
礁,at
戈,at
砟,atfg
戌,atg
碓,atlg
礁,atlo
戈,atn
砾,ats
斫,attf
五,aty
碰,au
弹,auc
碴,aucg
弹,auch
碰,aumg
磁,auzo
或,av
强,avbx
吾,avg
或,avgg
惑,avgx
碾,avmb
犟,avrj
碑,aw
矶,awa
碑,awhf
硇,awns
矾,awos
砸,ax
砸,axef
忒,axy
碎,ay
寸,ay
硫,ayke
碎,aylh
寸,ayn
磅,ayu
碲,ayue
磅,ayuo
弦,ayz
砘,ayza
弦,ayzo
碌,az
弓,az
碌,azfi
砬,azg
弓,azn
縻,azoi
砀,azrd
碚,azvg
蚓,ba
蛲,bagr
蚓,bajj
蜮,bavg
而,bb
聃,bbfg
蚺,bbfh
蜩,bbfv
册,bbgd
蛎,bbgq
耍,bbj
而,bbjh
耍,bbjl
恧,bbjx
蚋,bbll
蛐,bbmh
燹,bboy
蚬,bbrm
螈,bbui
聩,bbws
厦,bbxp
百,bc
乃,bc
蜴,bcck
厚,bceg
厘,bcfg
厩,bcfr
百,bcg
乃,bcn
蝎,bcqz
蜾,bcul
蜻,bd
蛭,bdfh
蚌,bdjj
螓,bdl
蝽,bdlc
螓,bdlx
蜻,bdqh
蚝,bdzm
孕,be
孕,bed
蜉,beeh
螗,beiv
蟠,beqs
蟋,beqx
蠊,beuo
蜢,bewh
螅,bexx
聒,beyg
蛞,beyh
周,bf
唇,bfb
辱,bfba
蜃,bfbb
唇,bfbv
辰,bfby
冉,bff
蛙,bffh
冉,bffn
蚨,bfll
蚜,bfnk
压,bfoy
冕,bfqr
蟛,bfue
周,bfvd
冒,bfxf
否,bg
螬,bgbc
蟪,bgcx
歪,bgg
丕,bggg
虾,bggl
歪,bggp
删,bgjr
孬,bgle
厅,bgn
耵,bgnf
厅,bgnh
厉,bgqb
甭,bgqj
邳,bgrf
耳,bgt
否,bgvg
不,bgy
蛟,bh
蝻,bhbh
螋,bhjm
蛟,bhnl
尕,bi
尕,bii
蛸,biqh
耐,bj
聘,bjaa
耐,bjas
厮,bjd
蜞,bjdk
厮,bjdt
蛳,bjee
螨,bjgl
蚰,bjh
鸸,bjhg
蟆,bjjl
蚍,bjjm
蠓,bjnb
蝾,bjnu
蠛,bjsl
蠖,bjtm
蟒,bjvm
蝶,bjzu
蚣,bk
蚶,bkh
蚣,bkkl
蛑,bkrj
内,bl
蝓,blgj
厍,blh
劂,bljf
肉,bllu
聆,blp
蛉,blpl
聆,blps
蚧,blrj
蛤,blsh
内,blun
蜍,blxl
仄,bly
取,bm
蜡,bmc
厝,bmcg
蜡,bmch
曲,bmf
蛏,bmfh
曲,bmfn
蜿,bmfu
聍,bmgn
虹,bmh
蚪,bmhj
蛇,bmj
蟥,bmjk
蛇,bmjm
典,bmku
娶,bmlg
聂,bmm
颞,bmmw
聂,bmmy
取,bms
聚,bmt
鄹,bmtr
聚,bmty
盈,bmwd
刚,bn
螟,bnch
蛆,bnh
刚,bnjj
网,bnnu
耽,bnra
冈,bnu
及,bo
蠕,bobj
螂,bocr
及,boin
蚁,bonl
耿,bos
蝣,bote
蝙,bovw
耻,bp
蜂,bpdj
蜒,bpe
蜓,bpef
蜒,bpep
耻,bpg
蛹,bpqj
励,bq
蟾,bqbg
髁,bqcu
聊,bqer
鹘,bqhh
骸,bqil
蛘,bqj
蛾,bqk
蝼,bqlh
骱,bqlr
髋,bqm
髌,bqmk
髋,bqmr
髂,bqmv
髓,bqpq
骼,bqpv
髅,bqql
骶,bqro
髑,bqsb
骺,bqts
蟮,bquv
蟓,bqvb
骰,bqw
励,bqwd
髀,bqwh
骰,bqwm
骷,bqyh
蜣,bqzm
见,br
螵,brdl
耶,brf
蛛,bril
见,brv
同,bs
同,bsf
蝰,bsff
蚂,bsh
鸯,bshf
蝠,bssh
央,bsu
厨,bsua
蛱,bsuh
央,bsun
螳,bsvf
盎,bswf
螺,bszi
雁,bt
厂,bt
蝮,btcp
蚱,btfh
虼,btfm
蚯,btmh
厂,btn
蜘,btsv
赝,btt
雁,bttl
赝,bttw
原,bu
虫,bu
厄,bub
顾,bubw
蝉,buch
蝗,budh
愿,buix
原,buiy
厥,bujl
虫,bun
蝤,buoh
联,buss
蜷,busu
蜥,butt
聪,buv
蜕,buvr
聪,buvx
厢,buxg
罔,buyz
职,bv
蜗,bvb
靥,bvbf
豳,bvbk
蜗,bvbl
豕,bvby
蝇,bvcz
蜈,bvgs
职,bvks
餍,bvlc
冂,bvnp
厣,bvoh
魇,bvpy
雕,bvtl
厌,bvy
历,bw
戤,bwae
蛊,bwf
蜱,bwhj
厕,bwjh
虮,bwm
历,bwt
贵,bwu
页,bwy
面,bx
戛,bxat
蝈,bxdo
蚵,bxj
面,bxjf
蜊,bxjj
蝌,bxmh
夏,bxpy
蛔,bxvh
勖,bxwk
蠼,bxxm
鼐,bxzz
丹,by
丹,bydn
彤,byee
蛀,byfh
蛄,byh
蟀,byih
蚊,byn
螭,bynk
蚊,bynl
蛴,bynr
蝴,byqh
螃,byuo
虻,byzm
骨,bz
蟑,bzlj
虬,bzm
骨,bznq
蚴,bzow
时,ca
暑,cacf
憾,caex
晓,cagr
时,cal
忖,cao
晟,caqv
怫,caru
悟,cav
晤,cavh
悟,cavy
最,cb
晨,cbfb
惆,cbfv
怀,cbgo
愚,cbk
禺,cbku
愚,cbkx
昃,cblu
慑,cbmm
最,cbmu
映,cbsl
怏,cbso
恫,cbsy
惘,cbuz
恹,cbvo
愦,cbwo
易,cc
晶,cccf
惕,ccci
惺,cced
昌,ccf
慨,ccfr
悍,ccfu
悝,ccfy
怛,ccgy
剔,ccjj
曝,ccmi
恨,cco
憬,ccoi
易,ccr
慢,ccsm
巢,ccup
愠,ccwy
惚,ccxo
情,cd
戥,cdak
旺,cdh
晴,cdqh
情,cdqy
愫,cdzi
性,ce
勿,ce
晌,ceb
懊,cebs
晌,cebv
星,cedf
性,cedy
暖,cefm
惦,cegv
忏,cehu
慷,ceii
慵,ceij
旷,cek
勿,cen
暧,cenm
恤,cewy
恬,ceyy
里,cf
曰,cf
垦,cfa
恃,cfao
暨,cfcg
里,cffn
昧,cfil
旱,cfj
旰,cfjn
怯,cfko
曰,cfn
忆,cfp
野,cfpn
既,cfrz
日,cft
怦,cfu
悻,cfuh
怦,cfui
怃,cfzp
量,cg
恒,cgc
量,cgcf
恒,cgcg
恸,cgd
昙,cgdu
恸,cgdw
旦,cgf
悼,cglu
怔,cgpy
昊,cgsu
恢,ch
怖,cheu
愤,chjw
惰,chmq
悖,chne
忮,cho
恢,choo
慎,chzk
影,ci
颢,cib
惝,cibv
颢,cibw
悱,cidy
影,ciek
悄,ciqy
晁,cirv
懂,cj
申,cjjn
昆,cjjv
悭,cjmf
刎,cjr
曳,cjrn
懵,cjs
懂,cjsc
懵,cjsx
慌,cjye
畅,cjzr
怡,ck
惴,ckbj
暌,ckgs
忪,ckko
悛,ckkp
恍,ckp
惨,ckse
晃,ckv
怡,ckvy
恺,ckyp
怜,cl
愉,clgj
忄,clnp
怜,clpo
恰,clsy
惭,cltt
怆,clup
旯,clv
晗,clzv
怪,cm
惜,cmcy
显,cmf
怿,cmfj
惋,cmfu
怪,cmfy
暄,cmgg
忉,cmi
暴,cmki
晏,cmlf
照,cmou
昭,cmvh
怊,cmvy
忧,cn
暝,cnch
晕,cnl
晖,cnlj
恽,cnlu
晡,cnqh
忱,cnrp
忧,cnzp
惊,co
懦,cobj
暾,coen
景,coi
晾,coil
匆,coin
惊,coio
景,coiu
炅,cou
题,cp
艮,cp
题,cpbw
韪,cpdj
墅,cpff
晷,cpgv
匙,cpjm
艮,cpn
愧,cpo
是,cpu
恪,cpvy
明,cq
恂,cqcy
昴,cqer
明,cqh
懈,cqjj
曷,cqlz
昀,cqmh
煦,cqou
昂,cqrj
晚,cqvr
盟,cqwf
即,cr
晒,crh
即,crv
悯,cryn
忾,crzp
愣,cs
甾,csa
曙,csac
曼,csmu
怅,cso
愣,csop
曛,csso
昨,ct
愎,ctcp
怍,ctf
昨,ctfh
怍,ctfy
忤,cthu
晔,ctjh
惟,ctl
憔,ctlo
惟,ctly
昕,cttj
忻,cttu
悔,ctz
晦,ctzl
悔,ctzo
果,cu
悌,cuan
颗,cubw
惮,cuch
惶,cud
憎,cudc
惶,cudy
暇,cuf
曦,cufa
夥,cuff
暇,cufm
愕,cuga
慊,cuio
剿,cujv
怵,cuoo
晰,cutt
杲,cuu
果,cuun
憷,cuup
悦,cuvr
懒,cuvw
悚,cuvy
怕,cuy
忡,cv
邕,cvi
悒,cvip
邕,cviz
昵,cvjm
怩,cvjp
忡,cvju
恻,cw
恻,cwju
忽,cx
眉,cxa
悸,cxey
鹛,cxhb
忽,cxi
怄,cxno
愀,cxoo
恳,cxp
惬,cxsu
悃,cxuo
忙,cy
忭,cygo
悴,cylh
恼,cynj
曩,cyub
懔,cyxd
怙,cyy
曜,cyyl
忙,cyzp
快,cz
也,cz
暗,czc
憧,czcf
暗,czch
昱,czf
忸,czfy
惯,czhw
惧,czko
也,czn
巛,cznp
歇,czql
快,czso
电,czvn
衬,da
褚,dacy
衬,dao
襁,davb
现,db
珊,dbbg
褥,dbfa
瑁,dbfx
珥,dbg
环,dbgs
衲,dblo
舰,dbr
现,dbra
舰,dbrq
琢,dbvb
顼,dbws
理,dc
裼,dcci
理,dcfg
袒,dcgy
琨,dcjj
裉,dco
褐,dcqz
裸,dcuo
瑙,dcw
韫,dcwg
瑙,dcwn
慧,dd
裱,ddeb
玮,ddf
琶,ddib
彗,ddig
慧,ddix
琵,ddjj
琴,ddlz
珏,ddos
瑟,ddxe
看,de
寿,dea
焘,deao
寿,deay
表,deby
拜,dedh
衽,def
瑗,defm
衽,defy
韬,dehg
衫,dei
瑭,deiv
掰,dekn
裤,del
搿,deln
裤,delu
瑷,denm
邦,derf
瑶,derk
艋,dewt
看,dexd
至,df
臻,dfdx
褂,dffg
至,dfg
到,dfjf
珐,dfks
琊,dfnr
玩,dfra
郅,dfrf
致,dftn
补,dg
王,dg
艚,dgbc
璨,dgfq
王,dgn
玎,dgnf
补,dgo
袜,dguo
玷,dgv
舻,dgve
玷,dgvg
艘,dh
韦,dh
艘,dhjm
韦,dhn
耗,di
瓜,di
耱,diaa
耨,diba
耦,dick
耗,didz
裙,die
耔,dieg
裙,diev
耕,difr
耘,digd
耩,digf
裆,dii
耙,diia
耖,diie
耥,diiv
裆,diiy
耢,dijw
耠,dils
瓜,din
艄,diq
耧,diql
艄,diqt
珧,dira
舟,dit
琐,diws
耜,dixg
耒,diyn
耪,diyo
丰,dj
砉,djag
瑛,djbs
琪,djdk
丰,djhn
舭,djjq
褡,djls
艨,djnb
艳,djqi
舳,djt
褴,djtw
瑾,djvd
袖,djy
瑞,dk
瑞,dkbj
裕,dklv
玢,dkmd
舢,dkr
璀,dktl
春,dl
蠢,dlbb
春,dlcg
珍,dled
奉,dlfj
奏,dlg
裣,dlge
瑜,dlgj
奏,dlgs
舂,dlhg
泰,dliy
玲,dlps
袷,dlsy
舱,dluq
秦,dlxy
衿,dlzp
初,dm
琮,dmd
挈,dmdn
琮,dmds
琬,dmfu
弄,dmh
初,dmi
舵,dmj
璜,dmjk
舵,dmjq
珙,dmks
裰,dmmm
韧,dmos
璐,dmpv
璞,dmqo
契,dmsy
舡,dmt
恝,dmxy
手,dn
球,dnis
珑,dnjd
褙,dnjq
琛,dnk
手,dnkn
琛,dnku
珲,dnlf
衩,dno
玉,do
襦,dobj
琅,docs
班,doed
琼,dois
衤,donp
舣,donw
琰,doos
舫,doq
璇,dotp
褊,dovw
玉,doy
麦,dp
珉,dpa
褪,dpco
艇,dpef
麸,dpfl
琏,dplf
裢,dplu
麴,dpqq
瑰,dps
珞,dpvg
袼,dpvy
麦,dpy
被,dq
靓,dqbr
青,dqg
褛,dqly
玻,dqm
被,dqmo
靛,dqmp
玻,dqms
玖,dqos
静,dqqn
敖,dqtn
袍,dqup
帮,dr
璩,drbb
裥,drcy
帮,dreh
珩,drfn
珠,dris
瓞,drlw
瓒,drrw
舾,drt
琥,drwa
玛,ds
玛,dsg
琦,dsxf
玫,dt
玳,dtaa
螯,dtb
聱,dtbg
螯,dtby
舴,dtft
鏊,dtlu
舨,dtmw
玫,dtns
熬,dtoy
褫,dtrw
骜,dtsg
袱,dtvo
褓,dtvu
獒,dtvy
赘,dtw
鳌,dtwg
赘,dtwy
三,dty
琳,du
碧,duag
艏,duex
瑕,dufm
珀,dug
袢,duhu
襻,dunn
酆,durf
舶,dut
襟,duud
噩,duug
琳,duus
裾,dv
裎,dvdy
艉,dvdz
舯,dvjr
琚,dvyg
裾,dvyy
盘,dw
玑,dwa
磐,dwad
盘,dwd
裨,dwhu
般,dwmw
袄,dwo
璁,dwpx
船,dwv
珈,dwvg
船,dwvt
璎,dwwl
责,dwy
珂,dx
珂,dxf
舸,dxr
斑,dy
示,dy
琉,dyke
示,dyn
斑,dynd
璃,dynk
玟,dyns
瑚,dyqg
航,dywq
褶,dyyu
舷,dyzo
毛,dz
艟,dzcf
毛,dzcn
毳,dzdz
毡,dzgv
毪,dzkj
璋,dzlf
素,dzoi
毯,dzoo
毽,dzpj
袂,dzso
氆,dzuc
氇,dzwc
毒,dzy
纛,dzzi
猪,ea
猪,eact
狨,eahe
猕,eaqi
虢,ear
狒,earr
虢,earw
子,eat
橥,eaui
须,eb
帽,ebfx
奥,ebqs
觅,ebrc
獗,ebul
向,ebvd
独,ebw
须,ebww
猾,ebzq
狠,ec
猖,ecct
猩,eced
狸,ecf
廛,ecff
狸,ecft
幌,eckm
幔,ecsm
猓,ecuw
狠,ecw
猸,ecxt
生,ed
生,edd
帱,edea
帏,edj
猜,edq
廒,edqn
猜,edqt
甥,edsw
狂,edt
狐,edw
帻,edwl
孤,edx
眚,edxd
应,ee
孚,eed
犷,eee
狲,eeiw
币,eek
犭,een
彡,eenp
幡,eeqs
郛,eerr
应,ees
猛,eewt
憩,eexi
乳,eezq
庄,ef
壬,efd
丢,efki
爰,efmi
犴,efr
庄,efs
猿,efvb
庑,efzx
店,eg
狺,egt
狱,egv
帖,egvh
店,egvs
狱,egvw
帧,egwl
千,eh
舀,ehd
千,ehk
庾,ehlo
乖,ehnj
狡,ehnw
庋,eho
歃,ehql
猊,ehrq
片,ehzc
孩,ei
爪,ei
康,eiio
唐,eijv
庚,eilo
赓,eilw
孩,eilx
爪,ein
爬,eiq
庸,eiqj
孙,eix
度,ej
巾,ej
乇,ejc
席,eje
狮,ejee
席,ejel
庇,ejj
狴,ejjf
庇,ejjx
度,ejmo
巾,ejn
庶,ejoo
庙,ejs
猫,ejst
獾,ejul
庹,ejv
廑,ejvd
庹,ejvo
庀,ejx
兴,ek
年,ek
繇,ekei
举,ekfj
誉,ekgs
鹞,ekht
么,eki
狻,ekkp
年,ekn
兴,eko
狁,ekrq
座,el
妥,eld
猞,elfv
狯,elgd
猃,elge
库,ell
座,ellf
犰,elq
狳,elxw
升,em
狩,emaw
猎,emct
狞,emgn
升,emk
幞,emqo
学,en
觉,enbr
璺,endo
学,enes
舜,enfj
爱,enhm
泶,enio
庞,enjw
受,enmi
黉,enmk
丿,ennp
喾,enrv
狙,ent
爨,enuo
鲎,enws
犹,enzq
入,eo
孺,eobj
狼,eoc
廊,eocr
狼,eocw
廓,eoer
鹧,eohy
入,eoi
汆,eoii
籴,eoqi
狎,eor
庐,eovw
狄,eow
序,ep
庭,epef
乏,epi
猱,epz
序,epzn
猱,epzu
番,eq
狰,eqin
釉,eqj
獬,eqjj
釉,eqjt
庠,eql
释,eqmj
帔,eqml
廨,eqqj
番,eqsd
庖,equ
狍,equq
庖,equx
孢,equz
狗,eqvt
悉,eqxi
底,er
鼾,erfr
劓,erjr
帙,erll
鼽,erlq
底,eroo
邝,eru
齄,erug
翻,es
爵,esca
庵,escz
睾,esfh
猡,esfw
猥,esgb
帐,esl
庆,eso
猬,esqt
鄱,esrr
幅,essh
獯,esso
犸,est
狭,esu
獠,esui
狭,esut
猗,esxr
翻,esyy
府,et
腐,etal
府,etao
帷,etlh
孜,etnx
鹰,etth
膺,ettq
庥,etuo
猴,etzs
乎,eu
猹,eucg
彩,euee
帕,euh
采,eui
廉,euio
乎,eunk
床,euo
犯,euq
獭,euvw
貌,ev
禹,evb
貊,evbc
禹,evbk
幄,evdf
豸,eve
豺,evgn
貘,evjj
帜,evkl
貂,evmv
貉,evpv
豹,evq
狷,evqt
豹,evqw
貅,evtu
貌,evur
貔,evwj
血,ew
广,ew
孟,ewa
血,ewd
庳,ewhl
广,ewn
帆,ewol
衅,ewuh
狈,eww
勐,ewwc
衄,ewzf
自,ex
自,exd
帼,exdo
阜,exhk
猁,exjr
鼻,exsr
臬,exui
臭,exvi
息,exxi
乱,ey
舌,eyd
舔,eygx
鸹,eyht
刮,eyjr
甜,eykt
猝,eylh
猢,eyqt
舐,eyrq
敌,eytn
廪,eyxd
廖,eyye
辞,eyzh
乱,eyzq
系,ez
幢,ezcf
獍,ezcr
狃,ezft
牍,ezhs
牒,ezju
獐,ezl
幛,ezlj
獐,ezlr
奚,ezo
系,ezoi
牖,ezoq
奚,ezos
废,ezpo
胤,ezqz
版,eztm
牌,ezwh
孔,ezz
城,fa
堵,facg
城,faqa
域,favg
彀,fawm
寺,fay
坏,fb
坯,fbgg
坏,fbgs
圾,fbos
垌,fbsg
塬,fbui
顸,fbw
坜,fbwd
顸,fbws
坍,fbyg
声,fc
地,fca
埘,fcas
埸,fccd
埋,fcfg
坦,fcgg
坤,fcjf
堤,fcps
垠,fcs
墁,fcsm
声,fct
塌,fcyy
款,fd
垤,fdfg
款,fdql
塘,fe
埒,feas
垧,febv
圹,fed
甏,fego
墉,feij
塘,feiv
埠,fexh
多,ff
封,ffas
替,ffcg
圭,ffg
卦,ffgs
多,ffi
舛,ffjr
辇,fflh
圩,ffnf
墙,ffu
坪,ffud
桀,ffui
墙,ffuv
恚,ffxy
外,fg
土,fg
圬,fgaa
垣,fgcg
埂,fgcn
坛,fgds
垭,fgmg
土,fgn
士,fgt
垆,fgvd
坫,fgvg
外,fgw
盐,fgwg
填,fh
干,fh
坞,fhgg
干,fhn
鼙,fhwh
瞽,fhxg
埴,fhzg
填,fhzk
未,fi
夕,fi
埭,fiis
垓,fils
墚,fimu
夕,fin
埽,fine
未,fiyn
塔,fj
堪,fjdz
刊,fjf
塔,fjls
觳,fjwm
堞,fjzu
去,fk
坩,fkg
击,fkhn
却,fkrf
埃,fkts
劫,fkwd
盍,fkwg
去,fky
垲,fkya
夫,fl
规,flbr
飧,flcw
毂,flwm
夫,flyn
埝,flzx
坨,fm
垸,fmfr
夤,fmgk
坨,fmja
于,fn
乙,fn
亍,fnh
鸦,fnhg
于,fnhn
垅,fnjd
壶,fnmg
乙,fnn
埔,fnqg
邪,fnrf
壹,fnsu
牙,fnt
雅,fntl
牙,fntn
壳,fnwb
盂,fnwg
悫,fnwx
赤,fo
坊,foa
赭,foac
墩,foen
赫,fofo
壕,fonb
郝,forf
赧,form
赦,fotn
赤,foy
起,fp
越,fpaz
趣,fpbm
埏,fpep
赶,fpff
址,fpg
趔,fpgj
赴,fpgs
趟,fpiv
趁,fple
超,fpm
趑,fpml
超,fpmv
赵,fpn
赳,fpnf
趄,fpng
赵,fpns
趋,fpqi
趱,fprw
走,fpy
起,fpya
均,fq
坎,fqls
坡,fqm
均,fqmg
坡,fqms
堋,fqqg
堍,fqvo
元,fr
元,frb
顽,frbw
邗,frf
堙,frfg
亓,frh
井,frhn
圳,frjf
墟,frmg
坻,fros
鼋,frvz
垮,fs
塥,fsbj
埯,fscz
垮,fsga
塄,fsoa
堆,ft
螫,ftb
嫠,ftbl
螫,ftby
圪,ftfa
堆,ftlg
坂,ftms
垢,ftsg
圻,fttf
坼,ftto
二,fty
堠,ftzs
平,fu
圯,fua
丧,fuby
增,fudc
彭,fued
幸,fuh
鸳,fuhd
幸,fuhh
鼓,fuhs
懿,fumx
平,fut
怨,fux
眢,fuxd
怨,fuxi
啬,fuxv
名,fv
颉,fvb
埚,fvbl
颉,fvbw
名,fvd
埕,fvdg
袁,fveb
吉,fvg
墀,fvij
堀,fvj
坭,fvja
堀,fvjk
喜,fvu
熹,fvuo
喜,fvuv
嘉,fvw
埙,fvws
嘉,fvwv
馨,fw
磬,fwag
謦,fwgg
埤,fwhf
罄,fwrk
坝,fws
垛,fwus
馨,fwxc
志,fx
堰,fxcl
坷,fxf
志,fxy
坟,fy
圮,fya
垴,fynj
坟,fyns
壤,fyub
墒,fyuv
坑,fywa
无,fz
无,fzb
境,fzcr
垃,fzg
专,fzo
坳,fzow
专,fzoy
场,fzrd
坶,fzs
块,fzss
培,fzvg
语,ga
亏,gab
诸,gacy
试,gam
诫,gamu
试,gamy
讨,gao
武,gapg
诚,gaqp
戋,gatn
语,gavy
盏,gawg
再,gb
调,gbf
再,gbfg
调,gbfv
两,gbll
讷,gblo
丙,gbly
曹,gbmc
诹,gbmo
丽,gbo
鹂,gboh
丽,gboo
郦,gbor
殃,gbss
诼,gbvb
更,gc
戬,gcad
亘,gcgg
惠,gckx
更,gcny
谒,gcqz
谩,gcsm
桌,gcu
课,gcuo
桌,gcuu
动,gd
诔,gdio
魂,gdps
请,gdqy
讳,gdu
动,gdwd
云,gdy
话,ge
诳,gedy
殍,geeg
谖,gefm
歼,gehf
谣,gerk
话,geyy
讲,gf
诗,gfao
觏,gfbr
诖,gffy
讶,gfni
殪,gfnu
谮,gfrc
讲,gfru
讦,gfu
评,gfui
诘,gfvy
下,gg
残,ggad
上,ggf
让,ggg
卡,gggu
让,gggy
订,ggnu
讣,ggo
证,ggpy
忑,ggx
忐,ggxu
忑,ggxy
下,ggy
丐,ggzb
计,gh
谳,ghhv
谀,ghlo
诙,ghoo
计,ghu
读,ghz
殖,ghzg
读,ghzs
该,gi
诽,gidy
妻,gijl
该,gilo
叔,giml
诮,giqy
列,gj
死,gjb
诣,gjcy
谌,gjdz
列,gjf
型,gjfg
诺,gjhv
谐,gjj
谟,gjjo
谐,gjju
诎,gjku
烈,gjoy
谨,gjvd
裂,gjyb
谎,gjye
谍,gjzu
谋,gk
讼,gkko
诶,gkts
讪,gku
谋,gkuo
殆,gkvg
诒,gkvy
论,gl
诠,gldy
诊,gle
殄,gled
诊,glei
谕,glg
殓,glge
谕,glgj
卓,glj
论,gljp
谶,gll
餮,gllc
谶,gllg
认,glo
邴,glrf
谂,glzx
开,gm
晋,gmcg
形,gmed
诧,gmej
严,gmet
译,gmf
壑,gmff
垩,gmfg
译,gmfj
亚,gmg
开,gmh
刑,gmjf
餐,gmlc
诬,gmll
谊,gmny
粲,gmqu
谘,gmqv
邢,gmrf
殡,gmtk
攴,gmu
诏,gmvy
恶,gmx
督,gmxf
恶,gmxy
讧,gmy
丈,gn
顶,gnbw
殂,gng
睿,gngx
丁,gnh
诨,gnlu
鹾,gnqm
才,gntn
殛,gnvg
诅,gny
丈,gnyn
谈,go
谆,goey
谅,goio
议,gono
谈,gooo
访,gop
鄢,gorf
谝,govw
灭,goy
正,gp
焉,gpao
谴,gpbx
诞,gpep
正,gpg
鹉,gphg
诵,gpqj
谜,gpqo
政,gptn
谲,gpzv
来,gq
万,gqb
谵,gqbg
诡,gqbu
虿,gqby
询,gqc
殉,gqcg
询,gqcy
谄,gqhy
诌,gqi
诤,gqin
诌,gqiy
详,gqu
谗,gqvm
趸,gqvp
赉,gqw
劢,gqwd
赉,gqwy
来,gqyn
殊,gr
兀,grb
虺,grbs
丌,grh
诛,grio
殊,gris
训,grju
谭,grlu
讽,grno
诋,groo
诜,grrp
谰,grus
诰,grvy
谑,grxg
天,gs
蚕,gsby
画,gsjh
谡,gskp
谓,gsqy
言,gst
吞,gsvg
谠,gsvr
忝,gsxy
天,gsy
许,gt
诈,gtf
讫,gtfp
诈,gtfy
许,gthu
讹,gtjp
谁,gtl
谯,gtlo
谁,gtly
诟,gtsy
诉,gtto
一,gty
诲,gtzo
殇,gtzr
说,gu
卜,gu
殚,guch
谔,guga
谦,guio
谥,gukw
谱,gumc
卜,gun
谫,guqm
谏,gusy
说,guvr
末,guyn
点,gv
战,gvak
颅,gvb
觇,gvbr
颅,gvbw
占,gvf
误,gvgs
鸬,gvhh
识,gvko
点,gvou
卢,gvr
殒,gvws
乩,gvzm
设,gw
殁,gwm
设,gwmo
殁,gwms
讥,gwp
贞,gwu
谢,gx
谢,gxao
诱,gxbp
诓,gxdy
谧,gxew
诿,gxly
卤,gxn
讴,gxno
讠,gxnp
卤,gxnu
诃,gxu
卣,gxuf
讵,gxuy
记,gy
歹,gy
谇,gylh
歹,gyn
记,gyp
谛,gyue
谤,gyuo
谪,gyuy
诂,gyy
谬,gyye
诩,gyyy
互,gz
谙,gzcy
谚,gzee
互,gzg
讯,gzhu
词,gzs
诀,gzso
词,gzsy
瓦,gzzo
第,ha
箸,hacd
箴,haes
载,halh
第,hane
戴,hask
截,hatl
栽,hauy
哉,havg
裁,hayb
南,hb
笈,hboi
笕,hbrc
筒,hbsd
南,hbuh
篑,hbwi
筷,hc
笏,hce
笪,hcgd
簋,hcwd
筷,hczs
笔,hd
臼,hd
筹,hdea
籍,hdic
臼,hdn
箐,hdqd
鸟,hdt
箦,hdwi
笔,hdzc
布,he
笙,hedd
布,heh
鹁,hehg
笊,hei
勃,hewd
笫,hezn
等,hf
等,hfai
竺,hfd
簪,hffc
竿,hfk
竽,hfnk
筠,hfqm
乌,hg
笺,hgae
筻,hgcn
乌,hgd
篝,hgmf
笄,hgmk
邬,hgrr
献,hh
十,hh
十,hhn
献,hhvs
箫,hi
笆,hic
笋,hiee
箫,hiir
簿,hina
筲,hiqd
箔,hiud
盥,hiwd
篮,hj
笛,hjd
箕,hjdk
簸,hjdm
筛,hjee
箬,hjhv
筚,hjjh
叟,hjmi
鹱,hjtm
篮,hjtw
贲,hjwy
岛,hk
颠,hkbw
衮,hkeb
岛,hkk
兖,hkrx
簦,hksu
雄,hktl
笞,hkvd
答,hl
戟,hlad
韩,hld
筌,hldd
韩,hldf
签,hlge
舆,hlgk
臾,hlin
翰,hll
斡,hllh
赍,hllw
翰,hlly
朝,hlqg
答,hlsd
乾,hltf
友,hm
箢,hmfu
左,hmg
卉,hmh
簧,hmjk
鸵,hmjq
舁,hmk
筮,hmll
筇,hmrk
笤,hmvd
筑,hmw
毁,hmwm
筑,hmwo
管,hmxd
友,hmy
交,hn
孛,hneg
筢,hnic
笼,hnje
箝,hnkd
箨,hnmj
交,hno
博,hnqa
籀,hnqs
郊,hnru
效,hntn
筘,hnvd
箍,hnxe
索,hnzi
灰,ho
鼯,hoav
篙,hobv
鼠,hoc
鼹,hocl
鼷,hoes
鼬,hojt
鼢,hokm
簇,hots
篇,hovw
盔,howg
灰,hoy
篷,hp
筵,hpep
篷,hppj
笾,hpwe
郁,hq
有,hqg
筝,hqin
篓,hqld
舄,hqoi
郁,hqrf
篼,hqur
笱,hqvd
筋,hqwe
簖,hqzt
简,hr
竹,hr
简,hrcd
簟,hrlk
竹,hrn
筅,hrrc
篥,hrui
舅,hs
篾,hsal
觌,hsbr
笃,hsd
箩,hsfi
箅,hsgr
箜,hsmd
舅,hswe
符,ht
筏,htae
符,htai
簏,htc
笮,htfd
筱,htjn
篪,htrw
六,hty
篌,htzs
策,hu
策,hubc
箪,huch
篁,hudd
笨,hugd
枭,hui
箭,huqj
籁,huv
簌,huvl
籁,huvw
箱,huxd
右,hv
右,hvg
笑,hw
凫,hwc
笑,hwi
篦,hwjj
协,hwks
笳,hwvd
算,hx
筐,hxdd
篚,hxid
算,hxmk
篡,hxs
纂,hxsi
篡,hxsk
箧,hxsu
笸,hxvd
翅,hy
支,hy
袅,hyeb
支,hyn
篱,hynk
翅,hyyg
真,hz
尢,hzb
笠,hzd
篆,hzeb
直,hzg
矗,hzhz
尴,hzjw
真,hzky
尬,hzlr
卖,hzms
尥,hzqs
笥,hzsd
寻,ia
渚,iacy
浇,iagr
泓,iako
溺,iamm
彐,ianp
寻,iap
沸,iaru
涨,iaso
浯,iavy
尚,ib
涯,ibf
溽,ibfa
涯,ibff
澧,ibm
滠,ibmm
澧,ibmu
浊,ibo
汲,iboo
洞,ibs
泱,ibso
洞,ibsy
源,ibui
涿,ibvb
尚,ibvf
溃,ibw
沥,ibwi
溃,ibwo
湎,ibxf
洱,iby
滑,ibzq
温,ic
沓,icf
溉,icfr
涅,icfy
灏,iciw
混,icjj
湿,icm
瀑,icmi
湿,icmy
池,icp
渴,icqz
漫,icsm
淄,icsy
温,icwy
湄,icxy
汩,icy
汨,icyn
溻,icyy
非,id
蜚,idbu
涛,idea
湃,ideh
韭,idgf
非,idh
滟,idji
沣,idju
辈,idlj
溱,idlx
清,idqy
渍,idwo
悲,idxu
汪,idy
裴,idyb
斐,idyn
翡,idyy
少,ie
潴,ieac
澳,iebs
浮,iee
淫,ieef
浮,ieey
滔,iehy
溏,ieiv
渡,iejm
泛,iepo
潘,ieq
渊,ieqj
尹,ieqn
潘,ieqs
少,ier
漪,iesx
濂,ieuo
君,ieva
劣,iewr
洫,iewy
省,iexf
濞,iexr
溴,iexv
洎,iexy
活,ieyy
溪,iezs
法,if
尘,iff
洼,iffy
聿,ifjm
溘,ifk
法,ifko
溘,ifkw
潜,iflc
汐,ifo
沅,ifrp
汗,ifu
澍,ifua
澎,ifue
洁,ifvy
污,ig
浅,igai
污,igap
漕,igbc
洹,igcg
沛,igeu
瀣,igfg
淑,igim
洌,igju
淖,iglu
汀,ignu
涞,igqo
添,igsx
浒,igth
沫,iguo
沾,igv
泸,igvi
沾,igvy
浈,igwo
潮,ih
滗,ihdz
渤,ihew
溲,ihjm
滚,ihkb
瀚,ihl
潮,ihlq
瀚,ihly
洧,ihqy
汁,ihu
渎,ihz
滇,ihzk
渎,ihzs
当,ii
浔,iiao
淌,iibv
挲,iidn
沙,iiei
当,iif
津,iifj
淼,iiiu
娑,iils
浸,iinm
隶,iipn
消,iiqy
肃,iirm
洮,iirp
鲨,iiws
裟,iiyb
油,ij
湛,ijd
淇,ijdk
湛,ijdz
满,ijgl
潇,ijir
凼,ijj
漠,ijjo
澌,ijkt
沏,ijmi
肀,ijmn
涝,ijn
潆,ijni
滢,ijno
涝,ijnw
滥,ijtw
灌,ijul
柒,ijuo
漭,ijvm
懑,ijxo
油,ijy
泄,ijzp
渫,ijzu
治,ik
湍,ikbj
浚,ikkp
浴,iklv
涔,iklz
汾,ikmi
湓,ikmw
滞,ikne
滏,iknu
澄,iks
渗,ikse
澄,iksu
汕,iku
治,ikvy
泔,iky
刻,il
颏,ilbw
淦,ildu
潋,ilen
渝,ilg
浍,ilgd
渝,ilgj
瀹,ilgw
沦,iljp
刻,ilju
亥,ilo
泠,ilpo
脊,ilqs
洽,ilsy
渐,iltt
染,iluo
沧,ilup
洳,ilvy
劾,ilwi
涂,ilx
溆,ilxm
涂,ilxo
汝,ily
江,im
渖,imcj
淙,imdo
泽,imfj
浣,imfr
演,img
渲,imgg
演,imgk
泞,imgn
鸿,imhy
潢,imjk
沱,imjp
洪,imko
港,imku
汉,imo
涩,imop
淀,impo
潞,impv
粱,imqo
滨,imtk
滩,imtl
梁,imuo
沼,imvy
涫,imxy
江,imy
滓,imzh
深,in
泻,inag
溟,inch
浓,ineb
帚,inem
淆,inh
浠,inhe
淆,inhq
涵,inij
汹,inj
泷,inji
汹,inju
深,inku
浑,inlu
泾,inmy
汊,ino
浦,inq
溥,inqa
浦,inqy
沈,inrp
浙,intt
沉,inwp
沮,iny
灵,io
濡,iobj
浪,ioco
洲,ioej
淳,ioey
灞,iojq
淤,iolm
濠,ionb
淡,iooo
灵,iop
游,iote
漩,iotp
沪,iovi
沩,iowo
酒,ioy
泳,iozi
涉,ip
濒,ipe
涎,ipep
濒,ipew
洚,ipfj
涟,iplu
涉,ipne
泯,ipp
涌,ipqj
涤,ipuo
洛,ipvy
洋,iq
涣,iqb
澹,iqbg
涣,iqbs
洵,iqcy
泖,iqer
肖,iqf
淝,iqip
削,iqjj
沟,iqko
婆,iqls
波,iqmo
溜,iqos
淘,iqrk
瀵,iqsk
洋,iqu
泡,iqup
浼,iqvr
洗,ir
涧,ircy
润,ird
漂,irdo
润,irdy
滹,iren
湮,irf
鼗,irfh
湮,irfy
洙,irio
潭,irlu
滁,irlx
洗,irrp
澜,iru
溧,iruo
澜,irus
浩,irvy
泐,irwi
兆,irx
滤,irxo
洒,iry
汽,irzp
尖,is
淹,iscz
淠,isgr
尜,isiu
溶,islv
氵,isnp
汰,isoo
渭,isqy
尖,isu
潦,isui
浃,isuy
泗,isy
漯,iszi
海,it
沲,itcp
氅,itdz
汔,itfp
淮,itl
雀,itlf
淮,itly
濮,itm
浜,itmk
濮,itmo
泺,ito
漉,itp
派,itqb
沂,ittu
沔,itz
海,itzo
沔,itzz
激,iu
小,iu
涕,iuan
渣,iucg
湟,iudy
溯,iueq
漾,iufi
泮,iuhu
溢,iuk
淞,iukk
溢,iukw
漆,iuli
小,iun
沐,iuo
激,iuon
沭,iuoo
汜,iup
湔,iuqj
水,iut
淅,iutt
淋,iuu
漤,iuul
淋,iuuo
潸,iuuq
漱,iuvl
濑,iuvw
涑,iuvy
湘,iuxy
泊,iuy
滋,iuzo
群,iv
涡,ivbl
渑,ivcz
渥,ivdf
潺,ivee
涮,ivej
泥,ivjp
漏,ivoo
浞,ivpo
涓,ivq
群,ivqv
涓,ivqy
郡,ivrv
敞,ivtn
澡,ivuu
漶,ivvx
没,iw
溅,iwga
测,iwju
鋈,iwlu
没,iwmo
沃,iwo
沿,iwvy
渔,iwy
河,ix
溷,ixbb
涠,ixdu
泌,ixei
渺,ixie
潲,ixiq
泅,ixlo
沤,ixno
沁,ixo
湫,ixoo
汇,ixp
瀛,ixqo
洇,ixso
濉,ixtl
河,ixu
渠,ixuo
洄,ixvy
泪,ixy
涸,ixyy
济,iy
注,iyfy
汴,iygo
流,iyke
淬,iylh
鎏,iylu
浏,iynj
漓,iynk
汶,iyno
济,iynr
湾,iyoa
滦,iyou
湖,iyq
澈,iyqn
湖,iyqy
液,iyto
滴,iyu
滂,iyuo
滴,iyuy
沆,iywp
澶,iyxg
沽,iyy
濯,iyyl
沌,iyz
泫,iyzo
沌,iyzp
汤,iz
巴,iz
澉,izbn
潼,izcf
渌,izfi
汛,izhu
漳,izlu
巴,izn
烫,izoo
泼,izpo
汤,izri
潍,iztl
涪,izvy
泣,izy
藏,ja
蘑,jaag
芎,jab
著,jacg
茂,jae
藏,jaej
葳,jael
茂,jaet
蒇,jaew
荛,jagr
蘼,jaid
蓍,jajc
英,jb
艿,jbb
苒,jbf
蓐,jbfa
苒,jbfg
茸,jbg
苤,jbgg
芮,jbly
芨,jboy
苋,jbrb
茼,jbsg
英,jbsy
蕨,jbu
苊,jbub
蕨,jbul
蕤,jbvd
苘,jbvg
顷,jbws
苈,jbwt
蒉,jbwy
茧,jby
旧,jc
匕,jc
莳,jcay
蕞,jcbm
菖,jccg
旨,jcd
旧,jch
匕,jcn
葱,jcox
葛,jcq
萌,jcqg
葛,jcqz
蔓,jcsm
芴,jct
茛,jcy
其,jd
觐,jdbr
蒜,jddy
苇,jdh
藉,jdic
藕,jdik
甚,jdk
基,jdkf
綦,jdki
其,jdky
甚,jdkz
蓁,jdlx
葜,jdms
菁,jdqg
鄞,jdrf
勤,jdwd
师,je
菰,jedy
帅,jee
莩,jeeg
帅,jeej
萜,jeg
师,jege
萜,jegv
芊,jehh
归,jeih
荪,jeiy
蔗,jejo
荽,jelg
莸,jenz
荻,jeoy
蕃,jeqs
菜,jeuy
获,jev
藐,jevr
获,jevy
薛,jexh
孽,jez
芤,jezb
孽,jeze
蘖,jezu
艺,jf
艺,jfb
葑,jffa
芏,jfg
菱,jfkp
芙,jfly
芽,jfn
芋,jfnh
芽,jfnt
莰,jfql
芫,jfrb
由,jft
苹,jfu
苑,jfub
苹,jfut
蔷,jfuv
茗,jfv
薹,jfvf
茗,jfvg
芜,jfzb
葬,jg
廿,jg
蔼,jgc
蕙,jgcx
蔼,jgcz
芸,jgdy
芾,jgeh
菽,jggm
萋,jgi
薤,jgig
萋,jgil
凸,jgjg
葬,jgjm
廿,jgn
蔫,jgpo
莱,jgqy
茉,jguy
苫,jgvg
若,jh
蚩,jhbp
鞅,jhbs
靼,jhcg
鞋,jhff
茑,jhg
鞲,jhgf
鸨,jhht
靶,jhia
鞘,jhiq
鞯,jhje
萸,jhly
鞍,jhm
鞴,jhmj
鞍,jhml
艹,jhn
荸,jhne
艹,jhnp
茭,jhny
鞑,jhps
鞣,jhpu
鞠,jhq
鞫,jhqg
鞠,jhqq
鞔,jhqr
鞭,jht
靴,jhtj
鞭,jhtn
靳,jhtt
惹,jhv
若,jhvg
惹,jhvx
勒,jhwd
鞒,jhwr
芰,jhy
落,ji
荨,jiay
芭,jib
颍,jibw
菲,jidg
藩,jies
萍,jifu
萧,jii
莎,jiie
萧,jiir
茳,jimg
薄,jina
菹,jing
蒲,jinq
蒗,jioc
落,jipv
菠,jiqm
蒎,jitb
范,jiub
藻,jivu
菏,jixh
蕖,jixu
茫,jiyz
荡,jizr
莫,jj
比,jja
暮,jjcg
摹,jjd
萁,jjdk
摹,jjdn
葚,jjdz
幕,jjeh
墓,jjfg
毙,jjgj
毕,jjhh
荜,jjj
芘,jjjb
荜,jjjh
蒈,jjju
茁,jjkh
屮,jjmn
刂,jjnp
蓦,jjsg
蓝,jjtw
皆,jjug
募,jjwt
慕,jjx
毖,jjxe
慕,jjxy
莫,jjy
期,jk
蔡,jkd
祟,jkdp
蔡,jkdy
苷,jkg
葵,jkgs
苡,jkly
芬,jkm
出,jkmn
芬,jkmt
欺,jkq
期,jkqg
欺,jkql
粜,jkqp
斯,jktt
苔,jkvg
蓊,jkyy
草,jl
艽,jlb
薅,jlba
颟,jlbw
荃,jldg
荟,jlgd
莶,jlge
蔹,jlgn
草,jlh
苁,jlly
芄,jloy
苓,jlpy
芥,jlrh
茶,jlu
苍,jlub
茶,jluy
茹,jlvg
荼,jlxy
菇,jlyg
芩,jlzb
紧,jm
菪,jmag
切,jmd
坚,jmff
蔻,jmfm
莞,jmfr
菀,jmfu
苎,jmg
萱,jmgg
荆,jmjf
凵,jmnp
茨,jmq
肾,jmqf
茨,jmql
蓿,jmtc
苕,jmvg
贤,jmwu
菅,jmxg
竖,jmzf
紧,jmzi
蒙,jn
萤,jnby
莹,jndo
蒋,jnfa
茔,jnfg
苴,jng
蒙,jngb
莺,jnhg
蒸,jni
菡,jnij
蒸,jnio
荥,jniy
燕,jnjo
茏,jnjt
荤,jnlh
蓥,jnlu
茎,jnmg
茇,jnmy
菝,jnnm
丨,jnnp
荧,jnoy
莆,jnqg
荦,jnrj
荣,jnuy
营,jnvv
劳,jnwt
艾,jny
萦,jnz
茕,jnzh
萦,jnzi
芳,jo
芳,job
薷,jobj
藁,jobu
蒿,jobv
莨,jocy
蓑,jogb
菸,jolm
葶,jonn
蕾,josg
蘸,jot
藿,jotl
蘸,joto
蔟,jots
芦,jovt
莲,jp
苠,jpb
莛,jpef
芷,jpg
茈,jpjb
莲,jplh
蓬,jppj
蘧,jprb
芝,jpy
茅,jpzn
蓣,jpzw
菊,jq
荀,jqcg
茆,jqer
胄,jqf
茚,jqgr
萏,jqhg
薮,jql
蒌,jqlg
薮,jqln
芡,jqly
葡,jqnq
蒯,jqqj
菊,jqqy
萄,jqrk
菔,jqrm
莪,jqt
藤,jqu
苞,jqub
藤,jqui
蔸,jqur
苟,jqvg
菟,jqvo
芍,jqy
节,jr
芪,jrb
荇,jrfn
茜,jrg
节,jrh
茱,jriy
邮,jrj
薇,jrkn
蕈,jrlh
蓰,jrpp
荫,jrqg
蔺,jrtl
蘅,jrwn
萨,jrze
疑,js
蔑,jsa
荑,jsab
薯,jsac
蔑,jsal
董,jscg
萘,jsdy
萝,jsfy
苗,jsg
鹋,jshg
肄,jsij
蓉,jslv
蕻,jsmk
薨,jsnj
甍,jsno
瞢,jsnx
疑,jspp
薰,jsso
荚,jsug
葸,jsxy
苌,jsy
花,jt
苻,jtay
览,jtbr
擎,jtdn
荏,jtef
茌,jtfg
警,jtgg
莜,jtj
花,jtjb
莜,jtjn
鉴,jtl
萑,jtlg
鹳,jtlh
蕉,jtlo
鉴,jtlu
颧,jtlw
劐,jtmj
临,jtod
芹,jtth
蘩,jtti
檠,jtuy
葆,jtvu
茯,jtvy
监,jtwf
荷,jtxh
七,jty
蓓,jtz
莅,jtzg
蓓,jtzv
莓,jtzy
蔽,ju
蔽,jubn
蕲,juct
葭,jufm
苯,jug
萼,juga
苯,jugg
葩,juib
蒹,juio
蒴,jujq
菘,jukk
菥,jutt
蔌,juvl
葙,juxg
敬,jv
葺,jvb
蕺,jvba
葺,jvbg
莴,jvbl
蔚,jvda
堇,jvdg
革,jvhh
莽,jvmh
荩,jvom
敬,jvtn
莒,jvvg
薜,jvvh
苏,jw
荐,jweg
茬,jwfg
萆,jwhh
蓟,jwjh
蓖,jwjj
苏,jwky
芟,jwmy
藓,jwqh
荞,jwrh
蒺,jwts
茄,jwvg
荔,jwww
颖,jx
莠,jxbb
颖,jxbw
苜,jxg
苛,jxh
莉,jxjh
萎,jxlg
藜,jxqi
茵,jxs
蒽,jxsx
茵,jxsy
苣,jxug
茴,jxvg
菌,jxx
蕊,jxxx
菌,jxxy
芯,jxy
苦,jy
芑,jyb
苦,jyg
苄,jygy
茺,jykr
萃,jylh
荠,jyn
蓠,jynk
荠,jynr
葫,jyqg
蒂,jyue
蒡,jyuo
蓼,jyye
荒,jyz
芒,jyzb
荒,jyze
蕹,jyzl
蓄,jyzs
世,jz
戡,jzad
荮,jzay
世,jzbn
蕴,jzcw
薏,jzcx
芗,jzet
莘,jzhh
凹,jzjg
兕,jzjr
斟,jzm
荭,jzmg
斟,jzmh
荬,jzms
蔬,jzpe
药,jzqy
薪,jzut
菩,jzvg
勘,jzwd
贳,jzwy
莼,jzyz
饶,ka
兮,kac
崴,kael
岩,kaf
屿,kagh
饶,kagr
视,kb
岸,kbf
崖,kbff
岸,kbfj
岗,kbnu
岌,kbou
岘,kbrm
视,kbrp
峒,kbsh
饵,kbt
蚀,kbw
馈,kbww
神,kc
馄,kcjj
神,kcju
饣,kcnp
馒,kcsm
嵋,kcxh
祭,kd
祷,kdea
祭,kdi
禊,kdjs
馁,ke
饷,kebv
毵,kedz
饪,keft
馁,kelt
社,kf
峙,kfal
刿,kfjj
祛,kfko
岈,kfnk
岁,kfu
禧,kfvv
社,kfy
祯,kg
甘,kg
饯,kgae
岍,kgmj
甘,kgn
崃,kgql
癸,kgs
祆,kgso
癸,kgsp
祯,kgwo
炭,kh
馊,khjm
岐,khl
饺,khn
饽,khne
饺,khnw
炭,khou
巅,khzw
峭,ki
嵴,kilq
峭,kiqh
祧,kirp
岜,kiv
熊,kj
山,kj
颛,kjbw
祺,kjdk
岿,kjei
岫,kjh
馍,kjjw
山,kjn
嵘,kjnu
崂,kjnw
熊,kjop
嶷,kjtp
馑,kjvd
公,kk
颂,kkbw
瓮,kkgo
公,kki
峻,kkk
垒,kkkf
峻,kkkp
峪,kklv
嵌,kkql
嶝,kksu
饴,kkvt
翁,kkyy
谷,kl
岭,klpl
嵛,klqj
崭,kltt
谷,klvd
以,klx
馀,klxw
岑,klzv
分,km
颁,kmbw
崇,kmdu
分,kme
峄,kmf
坌,kmfd
峄,kmfj
岔,kmkk
弁,kmm
馓,kmqn
贫,kmw
盆,kmwd
贫,kmwi
馆,kmx
忿,kmxi
馆,kmxt
带,kn
釜,kndu
带,kneh
爹,knff
崤,knhq
父,kni
爸,knic
辉,knlj
祓,knmo
爷,knrk
斧,kntt
祖,kny
嵩,ko
嵩,kobv
崞,koeh
岬,koj
礻,konp
峰,kp
峰,kpdj
岷,kpm
厶,kpnp
皴,kpqm
嵬,kpu
祉,kpy
能,kq
峋,kqch
饿,kqe
峁,kqer
嶙,kqfj
馅,kqht
峥,kqin
祢,kqio
能,kqjj
峨,kqk
饮,kql
嵝,kqlh
饮,kqlw
嵯,kqmh
馏,kqos
崩,kqqf
祥,kqu
饱,kquq
馋,kqv
岣,kqvh
馋,kqvm
馐,kqzf
允,kr
邯,krf
牟,krjm
崾,krlh
岚,krnu
祗,kroo
祁,kru
允,krz
饩,krzq
参,ks
崦,kscz
叁,ksda
参,kseq
馕,ksjb
崆,ksmh
福,kss
畚,kssa
福,kssy
登,ksua
峡,ksuh
凳,ksuw
崎,ksxj
崽,ksxu
饭,kt
饰,kter
屹,ktfm
祚,ktfy
崔,ktlf
饭,ktmw
矣,ktsp
祈,kttu
饬,ktwe
八,kty
某,ku
禅,kuc
馇,kucg
禅,kuch
禚,kufo
崧,kukk
饼,kumr
祀,kup
馔,kuuk
某,kuy
嵫,kuzo
台,kv
台,kva
祸,kvbl
鹆,kvht
崛,kvjk
炱,kvop
欲,kvql
祝,kvrp
邰,kvrv
光,kvt
怠,kvxp
饥,kw
饥,kwq
峤,kwrj
饫,kww
巍,kx
岢,kxj
巍,kxlp
岖,kxn
嵊,kxnj
岖,kxnl
岽,kxu
崮,kxyf
耀,ky
觊,kybr
岵,kyh
剀,kyjj
屺,kym
禳,kyub
岂,kyv
凯,kywm
祜,kyy
耀,kyyl
饨,kyzq
礼,kz
禄,kzfi
嶂,kzlj
礼,kzp
饧,kzre
饲,kzst
祠,kzsy
姥,la
嬷,laek
娆,lagr
姥,lajz
轼,lamg
女,lat
奶,lb
姗,lbbg
娠,lbfb
轭,lbua
辋,lbuz
奶,lbz
辄,lbza
她,lc
娼,lccb
旮,lcd
娌,lcfb
妲,lcgb
食,lci
辊,lcjj
辎,lcsg
旭,lct
媪,lcwb
媚,lcxb
她,lcz
全,ld
全,ldd
婊,ldeb
轾,ldfg
佘,ldi
刽,ldjr
鑫,ldl
辏,ldls
鑫,ldlu
婧,ldqb
郐,ldrr
畲,ldsd
金,ldue
好,le
好,leb
姓,ledb
媛,lef
妊,lefb
媛,lefm
剑,lejr
嫒,lenm
敛,letn
轷,leun
媳,lexx
姊,lezn
转,lf
轩,lff
娃,lffb
妹,lfix
嫱,lfuv
奸,lfv
辕,lfvb
舍,lfvd
嬉,lfvv
妩,lfz
转,lfzo
妩,lfzz
会,lg
辆,lgbl
会,lgdi
佥,lged
婕,lgip
龠,lgiw
妍,lgm
娅,lgmb
媾,lgmf
妍,lgmv
嫣,lgpo
愈,lgq
俞,lgqj
愈,lgqx
命,lgv
轳,lgvd
命,lgvr
较,lh
车,lh
嫂,lhjm
车,lhn
较,lhns
姣,lhnx
鸠,lht
妓,lhx
妇,li
人,li
妇,lib
妙,liec
氽,lii
人,lin
姚,lirz
个,lj
早,lj
娉,ljaz
妯,ljb
仑,ljc
轴,ljg
媸,ljhb
嫫,ljjx
妣,ljjz
个,ljk
早,ljn
始,lk
搴,lkdn
塞,lkfs
謇,lkgs
姒,lklx
寒,lkmo
骞,lkss
媒,lku
寨,lkuo
媒,lkux
蹇,lkv
始,lkvb
蹇,lkvp
赛,lkwo
褰,lkyb
从,ll
轨,lla
耸,llbd
辁,lldg
轸,lled
坐,llfd
输,llg
丛,llgd
输,llgj
轮,llja
众,llli
俎,llnt
从,llw
怂,llxi
妗,llzz
怒,lm
弩,lmaz
嫁,lmbb
胬,lmbl
婶,lmcj
仝,lmd
姹,lme
孥,lmea
姹,lmej
帑,lmem
娜,lmfr
婉,lmfu
辖,lmfy
轰,lmm
辍,lmmm
轰,lmmy
轫,lmos
驽,lmsa
嫔,lmtk
轺,lmvg
努,lmwq
奴,lmx
怒,lmxp
轻,ln
姐,lnb
轻,lnmg
辅,lnqg
娘,lo
娘,locx
丸,loin
婷,lonn
孀,loux
妒,lovc
妫,lowo
妨,loz
令,lp
领,lpbw
企,lpd
瓴,lpgo
令,lpi
邻,lprr
辂,lpvg
翎,lpyy
妤,lpzn
软,lq
娥,lqc
辚,lqfj
觎,lqjr
毹,lqjz
软,lqls
娩,lqvr
妁,lqx
婚,lr
婚,lrcb
嫖,lrdx
姝,lrix
介,lrk
轶,lrls
娴,lrux
婀,lrxv
拿,ls
姨,lsaz
妈,lsb
颌,lsbw
合,lsd
拿,lsdn
鸽,lsht
龛,lsnj
辐,lssg
嫦,lsve
盒,lswd
翕,lsyy
嫘,lszi
暂,lt
辘,lta
暂,ltcg
堑,ltfg
錾,ltlu
轹,lts
斩,lttf
椠,ltuy
九,lty
创,lu
娣,lua
戗,luae
娣,luan
仓,luc
婵,luch
馗,luex
杂,lui
嫌,luio
伞,lujk
创,lujr
姘,lumv
嫩,luvn
如,lv
如,lvb
辑,lvbg
娲,lvbl
颔,lvbw
娓,lvdz
軎,lvg
娱,lvgs
妮,lvjz
轵,lvks
辗,lvmb
舒,lvpn
娟,lvqb
恕,lvxp
絮,lvzi
娇,lw
墼,lwfg
婢,lwhv
媲,lwnj
轿,lwrf
娇,lwrv
嫉,lwts
妖,lwx
余,lx
轲,lxf
余,lxi
姬,lxjj
斜,lxmh
叙,lxmw
妪,lxnx
姻,lxsx
姑,ly
姑,lyb
轱,lyg
禽,lynk
辙,lyqn
嫡,lyuy
嬗,lyxg
歙,lyyl
妃,lyz
今,lz
轧,lza
今,lzc
妞,lzfb
嫜,lzlv
婿,lzpq
含,lzvd
贪,lzwi
姆,lzx
念,lzxi
衾,lzyb
对,ma
巧,maa
戏,mac
减,maes
跷,magr
跖,mah
守,mao
宕,mas
对,max
怼,maxp
家,mb
跚,mbbg
凋,mbf
宸,mbfb
凋,mbfv
蹑,mbmm
寡,mbnm
趿,mbol
观,mbrz
蹰,mbsa
蹶,mbul
家,mbvb
项,mbws
跟,mc
寓,mcbk
踢,mcck
昔,mcg
鹊,mchg
审,mcjl
跟,mcl
宴,mcls
踝,mcul
艰,mcx
躐,mcxo
蹋,mcyy
宝,md
踌,mdea
室,mdfs
凑,mdls
宗,mdo
宝,mdoo
字,me
躔,mecf
踮,megv
蹈,mehh
宅,mej
踱,mejm
宅,mejx
蹯,meqs
字,mes
踩,meul
踽,mevk
蹊,mezs
完,mf
业,mf
圣,mfa
跬,mffh
凌,mfkp
趺,mfll
业,mfn
宇,mfnl
寇,mfrm
那,mfrv
完,mfrx
宛,mfu
剜,mfuj
宛,mfux
害,mfys
宣,mg
践,mgak
宣,mgcg
寂,mggm
凄,mgil
寅,mgjk
冽,mgju
踔,mglj
趼,mgmj
宁,mgnl
工,mgt
冱,mgzy
斗,mh
鸡,mhb
宏,mhko
斗,mhl
跤,mhnl
廾,mhnp
宥,mhqs
冰,mi
踏,mich
黼,min
黻,minm
黼,minq
冰,mio
宵,miqs
跳,mirm
汞,miy
它,mj
躇,mjac
宽,mjbr
蹒,mjgl
卅,mjhn
寞,mjj
跸,mjjh
寞,mjjo
黄,mjky
躏,mjrl
宙,mjs
凝,mjsp
它,mjx
蹀,mjzu
共,mk
踹,mkbj
察,mkdo
趴,mkl
蹦,mkqq
蹬,mksu
巷,mkub
冶,mkv
跆,mkvh
冶,mkvy
恭,mkxy
共,mky
安,ml
觋,mlbr
巫,mlly
冷,mlpo
安,mls
案,mlu
跄,mlum
案,mluo
宄,mlx
实,mm
踪,mmdl
跎,mmjm
桑,mmm
叠,mmmn
桑,mmmu
蹼,mmqo
实,mmso
颡,mmuw
双,mmx
宜,mn
寐,mnbi
寤,mnbv
寝,mnim
宠,mnjw
跋,mnml
宜,mns
灾,mo
踉,mocl
躞,mogm
凉,moio
蹴,moiz
灾,moo
刃,mop
蹁,movw
忍,moxp
定,mp
又,mp
跹,mpeh
趾,mph
鹭,mphf
踺,mpij
又,mpn
定,mpo
踊,mpqj
路,mpvh
客,mpvs
蹂,mpzu
次,mq
刀,mq
跪,mqbu
瓷,mqgo
净,mqin
趵,mql
次,mqlo
姿,mqls
欢,mqlx
跛,mqm
蹉,mqmh
跛,mqml
刀,mqn
粢,mqqo
散,mqtn
跑,mqum
咨,mqvs
资,mqwo
盗,mqws
恣,mqxo
牢,mr
邛,mrf
邺,mrj
牢,mrjl
跌,mrll
宪,mrr
跣,mrrm
冼,mrrp
躜,mrrw
宪,mrrx
邓,mrv
头,ms
踵,msch
跨,msga
冫,msnp
头,mso
躅,msqb
富,mss
寰,mssb
富,msss
寮,msui
蹿,msvj
寄,msxl
冯,msy
准,mt
跗,mtal
宿,mtbc
踬,mthw
跞,mtl
难,mtlb
准,mtly
宾,mtmk
攻,mtns
踟,mtsv
〇,mty
宋,mu
黹,mubi
蹭,mudc
凿,muhj
凇,mukk
宋,muo
蹲,muoa
踯,musr
况,mv
召,mva
额,mvbw
冲,mvju
邵,mvr
况,mvrp
邵,mvrv
躁,mvuu
宫,mvvs
劭,mvwc
踞,mvyh
功,mw
蛩,mwby
劝,mwc
功,mwd
跃,mwl
銎,mwlu
巩,mwos
跺,mwul
跫,mwv
跏,mwvh
跫,mwvp
恐,mwxy
贡,mwy
密,mx
蜜,mxeb
密,mxek
宓,mxew
宦,mxjj
宀,mxnp
冻,mxo
甯,mxqj
官,mxs
距,mxuh
割,my
割,myju
豁,mykv
跻,mynr
蹄,myue
凛,myxd
跽,myxl
寥,myye
决,mz
宰,mzhl
决,mzso
踣,mzvh
写,na
拷,naaa
找,nad
撼,naex
拓,nag
挠,nagr
写,nags
拭,namg
搦,namm
拂,narf
捂,navg
振,nb
扔,nba
戕,nbac
捱,nbf
振,nbfb
捱,nbff
摄,nbmm
蚤,nbp
爿,nbq
揶,nbrf
扼,nbua
撅,nbul
冢,nbvb
提,nc
撮,ncbm
捏,ncf
捍,ncff
捏,ncfg
拶,ncfs
担,ncgg
冥,ncho
拽,ncjd
抻,ncjf
提,ncps
揭,ncqz
承,nd
承,ndip
捧,ndlj
揍,ndls
搬,ndwm
撬,ndzz
农,ne
捋,neas
农,nebo
扩,ned
援,nefm
掂,negv
插,neh
扦,nehf
插,nehh
搪,neiv
托,neja
摭,nejo
授,nenm
搅,nenr
播,neq
欷,neql
播,neqs
摇,nerk
郗,nerr
抓,nes
擤,nexr
括,neyg
将,nf
持,nfa
将,nfao
持,nfas
挂,nffg
浆,nfio
扶,nfl
撵,nfll
扶,nfls
酱,nfos
冠,nfra
奖,nfso
奘,nfsp
且,nft
桨,nfu
抨,nfud
桨,nfuo
撷,nfv
拮,nfvg
撷,nfvw
壮,nfy
装,nfyb
抚,nfza
抟,nfzo
打,ng
孑,ngan
捷,ngip
掉,nglf
扌,ngn
打,ngnf
扌,ngnp
扑,ngs
掭,ngsx
抹,ngus
拈,ngvg
技,nh
希,nhek
搜,nhjm
捣,nhkf
擀,nhlf
肴,nhqd
技,nhs
攥,nhxi
把,ni
把,nia
排,nidg
抄,nied
捃,niev
扫,nig
丞,niga
卺,nigu
挡,niig
函,nijm
捎,niqg
挑,nira
救,nitn
求,niy
裘,niyb
北,nj
砻,njag
聋,njbg
指,njcg
幂,njel
垄,njfg
抽,njg
批,njja
摸,njjs
揩,njju
鬯,njjx
凶,njk
拙,njkf
撕,njkt
搭,njls
搽,njlu
北,njm
龚,njmk
捞,njnw
背,njqf
刈,njr
邶,njrj
描,njsg
冀,njsk
龙,njt
揽,njtr
袭,njyb
揲,njzu
县,nk
揣,nkbj
罕,nkfl
揆,nkgs
拟,nkls
扮,nkmd
拚,nkmf
郄,nkrr
扒,nks
掺,nkse
挨,nkt
摧,nktl
挨,nkts
县,nku
抬,nkvg
悬,nkxu
热,nl
蛰,nlby
挚,nld
拴,nldg
挚,nldn
垫,nlfg
捡,nlge
揄,nlgj
鹤,nlh
鸷,nlhg
鹤,nlhy
抡,nlja
军,nll
挫,nllf
丬,nlnp
执,nlos
热,nloy
拎,nlps
皲,nlqm
郓,nlru
拾,nlsg
抢,nlua
势,nlw
抛,nlwd
势,nlwt
贽,nlwy
妆,nly
擒,nlyk
捻,nlz
絷,nlzi
捻,nlzx
按,nm
了,nm
颈,nmbw
措,nmcg
择,nmfj
挪,nmfr
扛,nmg
揎,nmgg
拧,nmgn
抖,nmhf
刭,nmjv
擦,nmkd
拱,nmks
按,nmlg
掇,nmmm
搡,nmmu
了,nmn
撒,nmqn
摊,nmt
摈,nmtk
摊,nmtl
招,nmvg
劲,nmwc
巯,nmye
挥,nn
搔,nnbs
爻,nni
拯,nnig
拢,nnjd
探,nnku
挥,nnlf
拔,nnms
捕,nnq
搏,nnqa
捕,nnqg
扰,nnza
护,no
搞,nobv
押,nof
掠,nois
孓,nopn
擂,nosg
敷,not
攉,notl
敷,notn
掮,nov
护,novd
掮,novq
捩,novv
挺,np
叉,np
抿,npa
挝,npas
挺,npef
扯,npg
叉,npn
捅,npqj
挞,npss
揉,npz
抒,npzn
揉,npzu
换,nq
换,nqbs
甫,nqgn
掐,nqhg
挣,nqin
拥,nqjf
搂,nqlg
擞,nqln
披,nqm
搓,nqmg
披,nqms
掬,nqqs
抑,nqrf
掏,nqrk
抱,nqua
冤,nqv
拘,nqvg
搀,nqvm
冤,nqvo
挽,nqvr
报,nr
扪,nra
鸩,nrhy
报,nrms
抵,nros
搁,nrpv
攒,nrrw
掳,nrwd
摅,nrxs
摆,ns
掩,nscz
捺,nsds
挖,nsfa
摆,nsfk
挎,nsga
捶,nsj
攮,nsjb
捶,nsjf
控,nsmg
撂,nspv
擐,nssb
挟,nsug
撩,nsui
撑,nsv
撺,nsvj
撑,nsvn
掎,nsxf
摞,nszi
收,nt
拊,ntas
蜇,ntby
拖,ntca
誓,ntgg
推,ntl
携,ntlb
推,ntlg
雎,ntlh
扳,ntms
收,ntnx
搋,ntrw
折,nttf
掀,nttl
拆,ntto
哲,ntvg
踅,ntvp
杀,nu
弑,nuam
掸,nuc
揸,nucg
掸,nuch
搠,nueq
拦,nufg
拍,nug
拌,nuhf
杀,nui
撇,nuin
搛,nuio
刹,nujr
拼,numf
撙,nuoa
掷,nusr
撰,nuuk
据,nv
揖,nvbg
握,nvdf
扣,nvg
挹,nvia
掘,nvjk
亟,nvm
搌,nvmb
亟,nvmg
状,nvo
捉,nvps
捐,nvqg
操,nvu
摒,nvum
操,nvuu
擗,nvvh
损,nvw
拐,nvwd
捌,nvwj
损,nvws
据,nvyg
投,nw
撸,nwcg
捭,nwhf
助,nwk
投,nwms
挢,nwrf
撄,nwwl
冗,nwx
拒,nx
揠,nxcl
掴,nxdo
抠,nxn
冖,nxnp
抠,nxns
揪,nxos
拣,nxs
摁,nxsx
捆,nxu
拒,nxug
捆,nxus
攫,nxxm
挤,ny
拄,nyfg
摔,nyih
挤,nynr
撤,nyq
揿,nyql
撤,nyqn
掖,nyto
摘,nyu
攘,nyub
摘,nyuy
抗,nywa
擅,nyxg
摺,nyy
擢,nyyl
摺,nyyu
搐,nyzs
接,nz
扎,nza
尤,nzb
撖,nzbn
撞,nzcf
揞,nzcg
掾,nzeb
扭,nzfg
拉,nzg
掼,nzhw
接,nzlg
拗,nzow
拨,nzpo
扬,nzrd
拇,nzs
抉,nzss
掊,nzvg
烧,oa
烤,oaap
酵,oaeg
烧,oagr
酎,oas
焐,oavy
炻,oay
高,ob
需,obbj
震,obfb
醴,obmu
烛,obo
酮,obsg
炯,obv
高,obvs
炯,obvy
烦,obwo
雳,obwt
良,oc
酏,oca
醒,oced
焊,ocfu
醌,ocjj
爆,ocmi
良,oco
醍,ocps
朗,ocqy
郎,ocru
熳,ocsm
煜,oczy
炜,od
炜,odu
州,oe
酹,oeas
哀,oebo
燠,oebs
鹑,oehy
醣,oeiv
孰,oelo
州,oeoj
燔,oeqs
郭,oeru
享,oes
爝,oesa
敦,oetn
烀,oeun
霾,oevf
熄,oexx
灶,of
酐,off
酩,ofvg
灶,ofy
灯,og
酉,og
雩,ogab
炳,ogbl
酾,ogbo
霭,ogcz
酝,ogds
衰,ogeb
焯,oglu
酽,ogme
酉,ogn
酊,ognf
灯,ognu
燮,ogom
鸭,oh
鸭,ohh
霓,ohrb
醢,ohvw
京,oi
霏,oidg
炒,oie
霪,oief
炒,oiei
雪,oig
霈,oige
就,oinz
京,oio
霄,oiqg
酃,oirf
霸,oj
甲,oj
颥,ojbw
酯,ojcg
衷,ojeb
醛,ojld
甲,ojn
霸,ojvq
煤,ok
酣,okg
酸,okkp
酚,okmd
灿,oku
煤,okuo
熟,ol
塾,olfs
烩,olgd
於,olmo
熟,oloo
零,olpy
炝,olup
酴,olxs
焓,olzv
露,om
醋,omcg
烷,omfr
煊,omgg
酡,omja
烘,omko
露,ompv
霰,omqn
醭,omqo
义,on
豪,onbb
毫,ondz
亳,onej
亭,ongn
烯,onhe
鹫,onhs
酗,onjf
亨,onl
烃,onmy
丶,onnp
义,ono
烹,onoo
膏,onvq
亮,onwx
炉,oo
火,oo
酿,oocs
酬,ooe
醇,ooeg
酬,ooej
剡,ooju
火,oon
灬,oonp
炎,ooo
焱,oooo
郯,ooru
煽,oov
炉,oovi
煸,oovw
煽,oovy
雾,op
煺,opco
烽,opdj
霆,opef
醚,opqs
燧,opub
烙,opv
酪,opvg
烙,opvy
雾,opwt
炮,oq
焕,oqbs
焰,oqhy
炊,oqlo
燃,oqmo
灼,oqo
熘,oqos
酌,oqs
烊,oqu
雹,oqub
炮,oqup
酷,or
醵,orbb
旆,oreu
酰,orra
邡,oru
酷,orvg
焖,orxo
雷,os
雷,osg
煨,osgb
熔,oslv
酞,osos
醺,osso
燎,osui
放,ot
旃,otby
施,otcp
旄,otd
煅,otdm
旄,otdz
旌,oted
炸,otf
酢,otfg
炸,otfy
肇,otij
旗,otj
烨,otjh
旗,otjk
霍,otlg
醮,otlo
放,otno
烁,oto
旅,otqb
膂,otqs
旖,otsx
族,otts
旎,otvj
憝,otxo
旒,otye
旋,otz
綮,otzi
旋,otzp
酶,otzs
霉,otzy
霞,ou
煌,oudy
烂,ouf
霞,oufm
烂,oufy
霖,ouuy
霜,ouxg
房,ov
扃,ovbv
酲,ovdg
敲,ovgm
扉,ovid
炽,ovko
戽,ovmh
烬,ovom
房,ovox
肩,ovqs
雇,ovtl
燥,ovuu
启,ovv
霹,ovvh
扈,ovvi
戾,ovvo
启,ovvs
户,ovw
扁,ovwl
扇,ovyy
为,ow
为,owoo
翩,owyy
烟,ox
炼,oxo
酥,oxs
烟,oxso
方,oxt
炬,oxuy
配,oy
雨,oy
配,oya
炷,oyfy
酤,oyg
醯,oykw
醉,oylh
雨,oyn
霁,oynr
雯,oyny
醐,oyqg
煳,oyqy
熵,oyuv
炕,oywp
熠,oyy
醪,oyye
熠,oyyu
炫,oyzo
炖,oyzp
永,oz
昶,ozic
永,ozio
霎,ozlg
醑,ozpq
炀,ozri
炔,ozso
焙,ozv
醅,ozvg
焙,ozvy
过,pa
过,pao
还,pb
还,pbgo
魍,pbuz
逐,pbvb
迥,pbvy
遗,pbw
颦,pbwh
遗,pbwo
遣,pbxy
退,pc
遇,pcbk
退,pco
巡,pcp
遏,pcqz
暹,pctl
邋,pcxo
遢,pcyy
违,pd
遨,pdqn
违,pdu
追,pe
频,pebw
逛,pedy
廷,pefb
迁,pehu
逊,peio
遮,pejo
逖,peoo
延,pepz
遥,perk
邈,pevr
追,pexy
适,peyy
进,pf
止,pf
魅,pfiw
逵,pfkf
止,pfn
迓,pfni
迂,pfnu
远,pfrp
进,pfru
处,pg
遭,pgbc
魉,pgbl
逦,pgbo
昝,pgcd
运,pgdo
遘,pgmf
迈,pgqp
咎,pgvd
处,pgw
歧,ph
歧,phl
建,pi
鬼,pi
建,pifj
逮,piio
鬼,pin
夂,pinp
逍,piq
魈,piqt
逍,piqy
逃,pirp
此,pj
龉,pja
砦,pjaf
龉,pjav
龈,pjcl
龋,pjek
些,pjff
訾,pjgf
龀,pjjm
龄,pjlp
此,pjm
龆,pjmv
龃,pjnh
龇,pjpj
龅,pjq
觜,pjqj
龅,pjqu
雌,pjtl
柴,pjuu
龌,pjvf
龊,pjvp
赀,pjwu
迪,pjy
紫,pjzi
逡,pk
遄,pkbj
逡,pkkp
迨,pkvy
连,pl
逾,plgj
齿,pljj
连,plu
途,plxo
冬,pm
螽,pmbb
魁,pmhr
冬,pmi
迢,pmvy
逭,pmxy
步,pn
预,pnbw
步,pner
逑,pnio
矜,pnlz
迳,pnm
魃,pnmw
迳,pnmy
豫,pnqb
逋,pnqy
逝,pntt
辽,pnu
遍,po
之,po
之,pon
辶,ponp
遍,povw
通,pp
逢,ppdj
逄,ppfj
廴,ppnp
通,ppqj
肯,pq
肯,pqf
遴,pqfj
迩,pqio
勇,pqj
甬,pqjm
勇,pqjw
恿,pqjx
迷,pqo
遛,pqos
邂,pqqj
迎,pqru
逸,pqvo
造,pr
遽,prbb
迭,prlo
选,prrp
造,prvy
达,ps
备,psd
逻,psfo
达,pso
逼,pssy
逗,psu
邃,psub
逗,psuy
惫,psxi
近,pt
蝥,ptbp
迤,ptcp
迄,ptfp
迮,ptfy
遁,pth
鹜,ptha
迕,pthu
遁,pthx
婺,ptla
鍪,ptlu
返,ptmo
逅,pts
骛,ptsa
逅,ptsy
近,pttu
愍,ptx
瞀,ptxa
愍,ptxp
道,pu
递,puan
遑,pudy
遂,pueb
道,puex
遐,pufm
条,pui
逆,puje
迸,pumu
述,puo
遵,puoa
邀,puon
述,puoo
遒,puoy
送,puso
速,puvy
迫,puy
各,pv
各,pvd
逞,pvdy
鹬,pvhb
迟,pvoo
雒,pvtl
避,pvvh
务,pw
务,pwe
边,pwi
迦,pwvy
透,px
透,pxbp
逶,pxly
迹,py
魑,pynk
这,pyno
迹,pyoo
予,pz
蟊,pzbb
逯,pzfi
迅,pzhu
柔,pzn
予,pznm
矛,pznq
柔,pznu
民,pzt
肘,qa
腻,qafw
糨,qavb
肘,qaw
危,qb
胚,qbgg
粝,qbgq
詹,qbkg
肭,qblw
腆,qbmk
胴,qbs
奂,qbsi
胴,qbst
危,qbuc
豚,qbvb
腼,qbxf
胆,qc
旬,qcd
腥,qced
胆,qcgt
胂,qcjr
勹,qcnp
羯,qcqz
郇,qcrr
腽,qcwt
龟,qczc
精,qd
月,qd
腠,qdls
月,qdn
腈,qdqt
精,qdqy
胍,qdw
胜,qe
我,qe
卿,qecr
胜,qedt
肜,qee
脬,qeet
脏,qeft
糖,qei
糠,qeii
糖,qeiv
我,qen
卯,qerr
腑,qeta
臁,qeuo
糗,qexv
籽,qey
脚,qf
粼,qfjv
脚,qfkr
肤,qflw
肝,qfr
朊,qfrq
肼,qfrr
肚,qft
膨,qfue
臌,qfuh
印,qg
肟,qgaq
糟,qgbc
粳,qgcn
訇,qgd
肺,qger
胩,qggg
印,qgrr
粘,qgv
胪,qgve
粘,qgvy
胶,qh
腩,qhbh
肱,qhkw
腴,qhlw
脖,qhne
胶,qhnw
鹅,qht
肢,qhw
争,qi
勺,qi
色,qic
刍,qid
玺,qido
腓,qidt
尔,qii
胲,qilw
勺,qin
争,qink
粑,qip
肥,qiq
皱,qiqm
邹,qirr
雏,qitl
急,qixi
用,qj
触,qjbw
脂,qjct
觚,qjdw
膜,qjjw
觥,qjk
用,qjkn
觥,qjkq
解,qjm
斛,qjmh
解,qjmj
朦,qjnb
刖,qjr
觞,qjtr
觯,qjuh
觫,qjuv
觖,qjzs
勾,qk
羰,qkho
勾,qki
羧,qkkp
粉,qkmi
胱,qkq
糁,qkse
籼,qku
胎,qkvt
数,ql
羊,ql
胗,qlee
脸,qlg
脍,qlgd
脸,qlge
腧,qlgj
欠,qli
脞,qllf
羊,qln
羚,qlpo
娄,qls
数,qltn
留,qm
颇,qmb
蟹,qmbi
颇,qmbw
腊,qmct
匀,qmd
粽,qmdo
腙,qmdw
腕,qmf
脘,qmfr
腕,qmfu
料,qmhu
粪,qmko
胺,qmlt
炙,qmoi
皮,qmp
腚,qmpw
差,qms
留,qmsd
肛,qmt
膑,qmtk
贸,qmwi
粗,qn
脓,qneb
胧,qnje
匈,qnjk
胫,qnmt
羟,qnmy
膊,qnqa
匍,qnqd
脯,qnqt
脎,qnuw
粗,qny
久,qo
糯,qobj
粮,qoco
久,qoi
灸,qooi
肪,qoq
胛,qor
孵,qore
养,qorl
卵,qoro
米,qot
脉,qozi
腿,qp
腿,qpcw
糌,qpgc
腱,qpij
糙,qprv
胳,qpvt
糅,qpzu
朋,qq
脆,qqbu
膦,qqfj
鹏,qqht
角,qqjk
肷,qqlw
胸,qqnj
朋,qqt
胞,qquq
膳,qquv
朐,qqvt
脒,qqw
服,qr
膘,qrdw
腰,qrlt
服,qrmw
胝,qro
羝,qroo
胝,qrow
粞,qry
类,qs
胰,qsaq
膈,qsbj
腌,qscz
甸,qsd
膣,qsdf
胯,qsga
腔,qsmt
类,qso
肽,qsow
匐,qssd
膛,qsvf
胀,qsw
腮,qsxw
腹,qt
腹,qtcp
胙,qtft
敉,qtno
煞,qtoi
糇,qtzs
善,qu
包,quc
糕,qufo
腭,quga
胖,quhr
腺,quiw
刨,qujr
膝,quli
胼,qumr
腾,qus
塍,qusf
滕,qusi
媵,qusl
腾,quss
朕,qusw
兜,quur
脱,quvr
善,quvs
粕,quy
糍,quzo
然,qv
脶,qvbl
句,qvd
象,qveb
够,qvff
鸲,qvht
脲,qviw
肿,qvjr
然,qvoi
免,qvrc
兔,qvro
鄯,qvru
勉,qvrw
臊,qvuu
劬,qvwe
负,qw
肋,qwe
脾,qwhr
负,qwi
胁,qwkw
股,qwmw
肌,qwq
着,qx
着,qxs
胭,qxsw
胨,qxw
脑,qy
粹,qylh
脐,qyn
脑,qynj
脐,qynr
糊,qyqy
腋,qyto
膀,qyuo
膪,qyuv
肮,qywq
膻,qyxg
翔,qyyy
臃,qyzl
肫,qyzq
断,qz
甩,qzcn
臆,qzcx
羞,qzfs
糈,qzpq
肠,qzre
断,qztt
羌,qzx
粒,qzy
衙,ra
阈,ravg
衙,ravn
闻,rb
陌,rbcb
陬,rbmx
闽,rbo
闻,rbs
很,rc
氏,rc
阳,rcb
隅,rcbk
阊,rccs
昏,rcd
陧,rcfb
得,rcga
氏,rcn
间,rcs
很,rcw
限,rcx
隰,rczo
际,rd
瓢,rdds
剽,rdjf
闱,rdl
飘,rdrn
闰,rds
闫,rdsn
际,rdx
票,rdy
制,re
阡,rehv
制,rejr
阌,renm
徭,rerk
行,rf
待,rfaw
街,rffn
闺,rffs
甄,rfgo
陆,rfk
陵,rfkp
陆,rfkv
阖,rfkw
行,rfnr
徒,rfpw
陡,rfpx
阮,rfr
鄄,rfrf
阱,rfrv
阮,rfrz
卫,rg
卫,rga
陋,rgbz
夙,rgi
闭,rgnw
征,rgpt
徕,rgqw
阢,rgrz
闩,rgs
西,rgt
阽,rgvb
惩,rgxi
德,rh
堕,rhfa
闳,rhko
隳,rhlx
隋,rhmq
阋,rhrx
德,rhsx
阗,rhzk
律,ri
徜,ribv
隙,rici
徘,ridt
阔,riey
衍,rif
律,rifj
衍,rifn
愆,rifx
朱,riin
阂,rilo
陔,rilx
邾,rirr
特,rj
牾,rjav
顺,rjbw
物,rjce
掣,rjdn
牦,rjdz
牲,rjed
牡,rjf
特,rjfa
牡,rjft
犊,rjhs
陛,rjjf
牝,rjjq
牛,rjkn
彻,rjme
犒,rjov
犏,rjow
犍,rjpj
川,rjr
牺,rjrt
牿,rjrv
犄,rjsx
牧,rjtn
牯,rjyt
犋,rjzk
微,rk
徵,rkdn
阕,rkgs
徽,rkin
罐,rkjl
缶,rkkn
缸,rkmt
彳,rknp
罅,rkrn
微,rkwn
缺,rkzs
除,rl
舞,rlf
坠,rlfa
舞,rlfj
要,rlg
险,rlge
覃,rlh
失,rlin
闪,rlo
阶,rlrv
阵,rlv
队,rlx
徐,rlxw
除,rlxx
院,rm
觑,rmbr
虚,rmf
院,rmfr
凤,rmi
陀,rmjz
阝,rmn
卩,rmnp
风,rn
阻,rnb
飕,rnhm
风,rni
陇,rnjc
径,rnm
陉,rnmb
径,rnmt
飚,rnoo
飑,rnqu
徂,rnt
飓,rnzk
防,ro
阆,roco
鸱,roht
氐,roi
闸,rol
阏,rolm
彷,roq
邸,rorr
防,roz
随,rp
降,rpfj
隆,rpgd
随,rphq
陟,rpne
徙,rppw
卸,rprr
闼,rps
骘,rpsa
闼,rpso
隧,rpub
阁,rpvs
隗,rpx
阴,rq
儿,rq
阴,rqb
徇,rqct
阄,rqcz
陷,rqhb
阎,rqhs
隐,rqix
彼,rqmw
陂,rqmx
儿,rqn
徉,rqr
陶,rqrk
粟,rqy
先,rr
先,rrc
阍,rrcs
御,rrpr
覆,rrtp
赞,rrwi
隔,rs
隔,rsbj
阉,rscz
隈,rsgb
陲,rsjv
闯,rss
陕,rsub
附,rt
阀,rtaw
附,rtax
阼,rtfb
循,rthx
阪,rtmx
闲,ru
阐,ruch
凰,rud
隍,rudb
凰,rudd
徨,rudt
鹇,ruhy
阙,rujl
隘,rukw
闲,ruo
徼,ruon
阑,russ
阅,ruvr
栗,ruy
问,rv
告,rvd
虞,rvgs
鹄,rvht
靠,rvid
虍,rvnp
郜,rvrr
问,rvs
闾,rvvs
陨,rvwx
虎,rw
彪,rwek
陴,rwhv
衡,rwln
役,rwmw
虏,rwr
虎,rwv
贾,rwy
阿,rx
门,rx
虐,rxgf
衢,rxln
门,rxn
闷,rxo
虑,rxu
阃,rxuo
阿,rxv
阒,rxvo
徊,rxvt
陈,rxx
往,ry
闹,ryel
衔,ryfn
往,ryft
虔,ryn
闵,ryno
虔,rynu
闶,rywx
气,rz
氟,rzar
阚,rzb
氖,rzbc
阚,rzbn
气,rzc
氲,rzcw
氰,rzdq
氕,rzee
氩,rzgm
氦,rzil
氛,rzk
氙,rzkk
氛,rzkm
障,rzlv
氨,rzml
氢,rznm
後,rzo
氮,rzoo
後,rzop
氡,rzpm
氧,rzqk
氘,rzr
氚,rzrj
氘,rzrk
陪,rzvb
氤,rzxs
氪,rzyr
氯,rzzi
夺,sa
夷,sabn
署,sacf
奢,sacg
瓠,sads
骁,sagr
刳,sajf
匏,saqu
马,sat
穹,sax
夺,say
骤,sb
耷,sbg
罘,sbgu
骤,sbmt
鬲,sbuj
重,sc
重,scdn
罹,sctl
窠,scuo
骒,scux
驰,scz
奄,sczb
奈,sd
窳,sddo
畴,sdea
窒,sdfs
奈,sdy
帘,se
髯,sebf
鬣,seco
髟,sed
髦,sed
髦,sedz
髻,sefv
髡,segr
帘,sel
鬓,sem
鬃,semd
鬓,semk
髫,semv
髭,sepj
窆,sepo
鬟,sesb
髹,setu
鬈,seuu
鬏,sexo
黑,sf
田,sf
奎,sffg
畦,sffh
罢,sfk
罴,sfko
罢,sfku
窥,sflr
田,sfn
穿,sfnw
穸,sfo
墨,sfof
黑,sfou
罗,sfu
尝,sg
夸,sgab
畏,sgb
骊,sgbo
畏,sgbu
尝,sgdu
詈,sgf
罚,sgjj
罩,sglj
町,sgnj
罡,sgpf
畀,sgrj
置,sh
罱,shbh
奔,shmh
窦,shz
置,shzf
窦,shzs
事,si
长,si
罪,sidf
窘,siev
肆,sifj
鹩,sihg
骇,silx
长,sin
事,sinh
窕,sirx
融,sj
骋,sjaz
蠹,sjbb
融,sjbs
骐,sjdk
毗,sjjm
垂,sjkn
窃,sjmw
囊,sjnb
橐,sjnu
羁,sjvs
翮,sjyy
骏,sk
骏,skkp
骖,skse
骀,skvb
容,sl
畛,slek
验,slge
窬,slqj
界,slrj
容,slvs
究,slx
空,sm
窍,smax
驿,smfj
畹,smfu
驼,smjz
空,sms
驭,smx
爽,sn
驵,snb
骚,snbx
骥,snjk
驳,snn
爽,snnn
驳,snnx
牵,snrj
吏,snyn
太,so
穴,so
黠,sof
黟,soff
黠,sofv
黩,sohs
黜,sojk
黢,sok
黪,soke
黢,sokp
黔,solz
穴,son
黥,sooi
默,sov
驴,sovc
默,sovl
骗,sovw
骟,sovy
态,soxy
太,soy
黯,sozc
黝,sozw
略,sp
骆,spvb
略,spvh
胃,sq
蜀,sqbu
胃,sqf
驺,sqib
窭,sqls
骝,sqos
驹,sqvb
窖,sr
骠,srdx
驯,srj
夼,srjh
驯,srjv
窑,srkl
窿,srpd
窖,srvs
骑,ss
驷,ssb
罨,sscz
奋,ssg
副,ssjf
熏,ssoi
驮,ssx
畸,ssxj
骑,ssxv
套,ssy
骡,sszi
窄,st
驸,stax
窄,stfs
骅,stjh
骓,stlb
畈,stml
畋,stnl
四,sty
夹,su
颊,subw
罾,sudc
豆,sug
夹,sugn
畔,suhj
豉,suhs
豌,sum
豇,sumg
豌,sumu
骈,sumv
郏,surf
常,sv
窝,svbl
掌,svdn
骣,svee
常,svej
堂,svff
窟,svjk
畎,svl
驶,svnx
突,svo
党,svrv
棠,svuu
窜,svvj
赏,svwu
裳,svyb
男,sw
嬲,swlw
窗,swpo
骢,swpx
男,swr
骄,swrv
夯,swt
穷,sww
思,sx
奇,sxh
剞,sxjf
驱,sxnx
奁,sxny
欹,sxql
思,sxu
驻,sy
大,sy
罟,syf
驻,syfb
大,syn
骧,syub
窀,syzx
累,sz
窨,szc
疃,szcf
窨,szcs
鹌,szhg
窈,szo
累,szoi
窈,szow
代,ta
伐,tae
垡,tafd
侥,tagr
佬,tajq
岱,takk
代,taq
佛,tar
牮,tarj
佛,tarr
黛,taso
伍,tat
付,taw
贷,tawi
袋,tayb
仍,tb
佰,tbct
倜,tbfv
仍,tbq
侗,tbst
佴,tbt
但,tc
偶,tcbk
倡,tcct
俚,tcft
但,tcgt
伸,tcjr
偬,tcox
复,tcpi
他,tcq
偈,tcqz
倮,tcuw
段,td
俦,tdea
倒,tdfj
侄,tdft
俸,tdl
傣,tdli
俸,tdlj
傲,tdqn
倩,tdqt
伟,tdr
仨,tdt
债,tdw
段,tdwm
债,tdww
任,te
俘,teet
任,teft
仟,tehr
仫,tekw
仔,tet
俯,teta
凭,tewc
赁,tewi
恁,texi
怎,tf
侍,tfaw
乞,tfc
乍,tfd
佳,tfft
侈,tffw
佞,tflt
伢,tfne
亿,tfq
僭,tfrc
仁,tft
仕,tftn
佶,tfvt
僖,tfvv
怎,tfxi
传,tfzo
信,tg
储,tgac
俩,tgbl
俪,tgbo
便,tgcn
佧,tggg
例,tgjr
倬,tglr
俨,tgme
仗,tgn
仃,tgnr
仗,tgnw
僵,tgsg
信,tgt
卮,tguc
仆,tgw
侦,tgww
佤,tgzo
什,th
偾,thjw
午,thk
佐,thmt
佼,thnw
侑,thqt
什,thr
倪,thrq
佑,thvt
伎,thw
质,thwi
盾,thxd
值,thzt
伊,ti
倘,tibv
俳,tidt
伊,tiee
侵,tinm
俏,tiqt
佻,tirq
乐,tit
化,tj
俜,tjaq
倾,tjbw
麒,tjdk
华,tjhk
偌,tjhv
偕,tjj
仳,tjjq
偕,tjju
修,tjpe
倏,tjpv
化,tjq
悠,tjt
攸,tjtn
悠,tjtx
儆,tjvn
货,tjwi
候,tjzs
似,tk
傺,tkdw
俊,tkkp
俗,tklv
似,tklw
份,tkme
亻,tknp
佾,tkqt
仙,tkr
侔,tkrj
催,tktl
俟,tkts
集,tl
隽,tlbc
鏖,tldu
偷,tlg
侩,tlgd
俭,tlge
偷,tlgj
雠,tlgl
隼,tlhk
伦,tljq
焦,tlo
鹪,tloh
焦,tloi
劁,tloj
伶,tlpw
仇,tlq
价,tlrr
隹,tlt
伧,tlu
集,tlui
伧,tluq
售,tlvd
兵,tm
借,tmct
丘,tmd
乒,tmee
伫,tmgt
反,tmi
佗,tmjq
供,tmk
兵,tmki
岳,tmkk
供,tmkw
乓,tmoi
仞,tmow
邱,tmrr
傩,tmt
傧,tmtk
傩,tmtl
仅,tmw
倌,tmxt
优,tn
侬,tneb
攵,tni
俅,tniw
傅,tnqa
优,tnzq
停,to
儒,tobj
僦,toiz
仪,ton
停,tonn
仪,tonw
仿,toq
偏,tovw
伙,tow
伪,towo
健,tp
健,tpij
佟,tpmw
俑,tpqj
傀,tpw
你,tq
儋,tqbg
俄,tqe
麟,tqfj
你,tqiw
佣,tqjr
偻,tqlt
麋,tqo
佯,tqr
仰,tqrr
像,tqvb
佝,tqvt
您,tqxi
们,tr
佩,trge
侏,triw
件,trjr
佚,trlw
低,trow
们,trq
僳,trqw
傈,truw
后,ts
矧,tsaj
俺,tscz
后,tsd
偿,tsg
侉,tsga
偎,tsgb
偿,tsgd
矢,tsi
矬,tslf
倥,tsmt
使,tsnw
短,tss
儇,tssb
儡,tsss
短,tssu
佃,tst
雉,tstl
侠,tsu
僚,tsui
侠,tsut
知,tsv
傥,tsvr
知,tsvt
伥,tsw
矫,tswr
矩,tsx
矮,tsxl
倚,tsxr
矩,tsxu
作,tt
颀,ttbw
仡,ttfq
作,ttft
仵,tthr
斤,ttk
僬,ttlo
斥,ttoi
欣,ttql
伤,ttw
鳘,ttwd
伤,ttwe
繁,ttzi
侮,ttzw
所,tu
僧,tudc
假,tufm
体,tugt
伴,tuhr
鸺,tuht
倦,tusu
伯,tut
所,tutt
休,tuw
保,tv
智,tvcd
侃,tveq
堡,tvfd
俣,tvgs
仲,tvj
倔,tvjk
伲,tvjq
仲,tvjr
煲,tvoi
促,tvpw
保,tvuw
僻,tvvh
侣,tvvt
伏,tvw
倨,tvyt
侧,tw
仂,twe
俾,twhr
侧,twjr
傻,twnp
仉,twq
侨,twrr
伽,twvt
麂,twx
何,tx
鹿,tx
麝,txao
偃,txcl
俐,txjr
倭,txlt
鹿,txn
伛,txnw
麇,txo
何,txr
榘,txui
做,ty
依,tyeb
住,tyf
麈,tyfs
住,tyft
侪,tynr
估,tyt
做,tytn
傍,tyuo
伉,tywq
位,tz
僮,tzcf
侯,tzgs
每,tzi
俱,tzkw
伺,tzst
位,tzt
敏,tztn
倍,tzvt
殷,tzwm
毓,tzye
村,ua
朽,uaa
栲,uaaa
颚,uabw
楮,uacg
槭,uaei
柘,uag
桡,uagr
鹗,uahh
栳,uaja
械,uamf
弟,uanw
导,uap
鄂,uarj
村,uas
梧,uavg
极,ub
栅,ubbg
杯,ubgs
刺,ubjf
枘,ubls
枣,ubm
楹,ubmw
枣,ubmy
极,ubos
椰,ubr
枧,ubra
椰,ubrf
桐,ubs
橱,ubsa
桐,ubsg
棘,ubub
橛,ubul
嚣,ubw
枥,ubwd
嚣,ubwu
查,uc
概,ucfr
杳,ucg
查,ucgg
甑,ucgo
单,uchl
棍,ucjj
根,ucs
棵,ucus
楣,ucxg
榻,ucyy
曾,ud
皇,udd
梆,uder
桎,udfg
枉,udg
楔,udjs
棒,udl
椿,udlc
棒,udlj
楱,udls
榛,udlx
标,uds
白,udt
曾,uduc
柰,udy
橇,udzz
首,ue
杉,ued
桴,ueeg
桩,uefg
李,ueg
帛,uek
榉,uekj
朔,ueq
皤,ueqs
朔,ueqy
夔,uexp
首,uexs
栝,ueyg
美,uf
杆,uff
桂,uffg
杜,ufg
棱,ufkp
姜,ufls
羡,ufml
羹,ufo
羔,ufoo
羹,ufos
樾,ufpz
兰,ufs
美,ufso
枰,ufud
樯,ufuv
桔,ufvg
盖,ufws
恙,ufx
羲,ufxa
恙,ufxo
本,ug
栈,uga
槠,ugac
栈,ugad
柄,ugb
槽,ugbc
柄,ugbl
桓,ugcg
梗,ugcn
本,uggn
椒,ugim
棹,uglf
桠,ugmg
材,ugnd
杖,ugns
杌,ugra
朴,ugs
栌,ugvd
桢,ugws
半,uh
楠,uhbh
桕,uhg
判,uhju
半,uhln
校,uhns
皎,uhnw
郸,uhru
枝,uhs
叛,uhtm
冁,uhvb
翱,uhyy
植,uhzg
椟,uhzs
档,ui
杷,uia
杪,uied
泉,uii
桫,uiie
档,uiig
棣,uiis
核,uils
兼,uioo
棂,uios
梢,uiqg
桃,uira
敝,uitn
模,uj
皂,ujc
棋,ujdk
椹,ujdz
柚,ujg
楷,ujj
枇,ujja
模,ujjs
楷,ujju
丫,ujl
檬,ujnb
栉,ujrf
槛,ujt
榄,ujtr
槛,ujtw
槿,ujvd
松,uk
桄,uka
柑,ukg
梭,ukkp
松,ukks
橙,uksu
益,ukws
皑,uky
桤,ukya
皑,ukyq
检,ul
栓,uldg
榆,ulg
桧,ulgd
检,ulge
榆,ulgj
枞,ulls
柃,ulps
枪,ulua
檎,ulyk
并,um
树,umas
普,umcs
棕,umds
皖,umf
柽,umfg
皖,umfr
杠,umg
楦,umgg
柠,umgn
瓶,umgo
横,umj
柁,umja
横,umjk
檫,umkd
并,uml
桉,umlg
异,umm
权,ums
槟,umtk
棺,umxg
攀,un
鹈,unhy
剃,unj
栊,unjd
剃,unju
枕,unra
杈,uns
榷,untl
樊,unu
攀,unun
樊,unus
术,uo
枋,uoa
尊,uoao
槁,uobv
榔,uocr
椁,uoeg
柙,uof
樗,uoga
榱,uogb
鹣,uohy
椋,uois
歉,uoql
酋,uos
檑,uosg
奠,uoso
敫,uotn
猷,uovo
杰,uoy
格,up
槌,upe
梃,upef
槌,upex
楗,upij
桶,upqj
槐,ups
懋,upux
格,upvg
魄,upw
橘,upz
杼,upzn
橘,upzv
前,uq
檐,uqbg
桅,uqbu
柳,uqer
样,uqf
塑,uqfs
剪,uqj
槲,uqjh
前,uqjl
剪,uqjm
煎,uqjo
翦,uqjy
构,uqks
楼,uqlg
槎,uqmg
榴,uqos
棚,uqqg
桷,uqqj
杓,uqs
槊,uquo
橡,uqvb
枸,uqvg
的,uqw
株,ur
桁,urfn
栖,urg
椭,urhq
株,uris
枫,urns
柢,uros
皓,urv
梏,urvg
皓,urvt
榈,urvv
关,us
豢,usbb
拳,usdn
骂,usf
椤,usfs
杩,usg
柬,usgn
誊,usgs
皋,ushk
棰,usjf
榕,uslv
券,usmw
关,uso
楞,usoa
郑,usru
枨,uss
兽,usss
鼍,ussz
榨,ustf
卷,usu
桊,usuo
卷,usux
樘,usvf
鲞,usws
椅,usxf
眷,usxs
整,ut
椴,utdm
柞,utfg
栀,utg
整,utgp
栀,utgu
杵,uthf
桦,utjh
樵,utl
椎,utlg
榫,utlh
樵,utlo
板,utm
弊,utml
板,utms
皈,utmw
枚,utns
栎,uts
析,uttf
柝,utto
皙,utug
蹩,utvp
鳖,utws
瞥,utx
憋,utxo
瞥,utxs
梅,utzs
林,uu
梯,uuan
楂,uucg
禁,uudy
棉,uue
彬,uued
棉,uuef
梦,uuf
栏,uufg
梦,uufy
柏,uug
棼,uukm
婪,uulg
巽,uumk
焚,uuo
樽,uuoa
檄,uuon
焚,uuoy
郴,uurf
林,uus
楝,uusg
槔,uush
麓,uutb
森,uuuy
梵,uuwo
楚,uuzp
总,uv
枵,uvaa
楫,uvbg
杏,uvg
束,uvgn
樨,uvij
榍,uviq
剌,uvjf
枳,uvks
赖,uvqw
兑,uvrx
敕,uvtn
哭,uvu
器,uvuf
榀,uvug
总,uvxo
椐,uvyg
机,uw
机,uwa
橹,uwcg
桥,uwrf
蠲,uwsb
咒,uwv
枷,uwvg
樱,uwwl
想,ux
榭,uxa
馘,uxag
榭,uxas
框,uxdg
柯,uxf
相,uxg
榧,uxid
枢,uxns
楸,uxos
柩,uxqo
栋,uxs
柜,uxug
想,uxxy
柱,uy
木,uy
杞,uya
柿,uyef
柱,uyfg
枯,uyg
梳,uyke
木,uyn
榜,uyuo
杭,uywa
檀,uyx
檩,uyxd
檀,uyxg
栩,uyyg
已,uz
巳,uz
札,uza
橄,uzbn
椽,uzeb
梓,uzhf
樟,uzlf
巳,uzn
兹,uzo
鹚,uzoh
兹,uzoo
杨,uzrd
榇,uzus
已,uzz
橼,uzzb
孳,uzze
慈,uzzx
号,va
屠,vaca
嘟,vacr
喊,vae
哮,vaeh
嘁,vaei
喊,vaes
哓,vagr
嗜,vajc
吲,vajj
嘛,val
熨,vaop
号,vav
唔,vavh
慰,vaxp
虽,vb
戢,vbar
喱,vbcf
啁,vbfv
呸,vbgg
呐,vbll
呙,vblu
嗫,vbmm
吸,vbol
虽,vbu
噘,vbul
呃,vbum
啄,vbvb
呖,vbwk
嘎,vbxa
嗄,vbxp
喝,vc
喁,vcbk
嘬,vcbm
唱,vcch
哩,vcfh
呻,vcjj
吻,vck
哏,vcl
喝,vcqz
唧,vcrj
唿,vcxl
黾,vczv
屋,vd
尉,vdax
呈,vdf
屋,vdfa
呱,vdl
唪,vdlj
嗪,vdlx
唛,vdpl
嗷,vdqn
郢,vdrj
啧,vdwl
尾,vdz
嗉,vdzi
尾,vdzz
响,ve
噢,vebs
响,vebv
孱,veee
吊,vej
吒,vejm
刷,vejv
嗳,venm
嚼,vesa
呼,veun
属,vevk
咱,vexh
嗅,vexv
吼,vezm
呀,vf
哇,vffh
哆,vffl
吐,vfh
味,vfil
嗑,vfkw
呋,vfll
吁,vfnj
呀,vfnk
噎,vfnu
哧,vfol
口,vft
嘭,vfue
嘻,vfv
咭,vfvh
嘻,vfvv
呒,vfzm
层,vg
嘈,vgbc
哽,vgcn
层,vgdp
吓,vgg
咔,vggg
吓,vggl
唁,vgh
咧,vgjj
卟,vgl
哑,vgmh
叮,vgnj
吴,vgsu
叶,vh
喃,vhbh
呜,vhgh
鸣,vhh
叶,vhj
嗖,vhjm
喷,vhjw
吱,vhl
嘲,vhlq
噬,vhml
咬,vhn
嗦,vhni
咬,vhnl
嚏,vhnp
咴,vhol
嗔,vhzk
吧,vi
啡,vidh
吵,viek
啸,viir
咳,vill
吧,vim
尿,vip
哨,viq
屑,viqa
哨,viqh
啵,viqm
犀,virj
嗨,vitz
邑,viv
唢,viwl
尼,vj
届,vja
噶,vjcz
呓,vjfm
嗤,vjhb
喏,vjhv
嘞,vjhw
屁,vjj
哔,vjjh
吡,vjjm
中,vjjn
喈,vjju
屁,vjjz
屈,vjk
咄,vjkj
屈,vjkm
嘶,vjkt
嗒,vjls
叱,vjm
哎,vjnl
唠,vjnw
嚆,vjov
喵,vjsh
嗬,vjtx
盅,vjwf
忠,vjxu
尼,vjz
喋,vjzu
屉,vjzz
只,vk
喘,vkbj
哕,vkfl
嗡,vkk
唆,vkkp
嗡,vkky
叭,vkl
咣,vkm
吩,vkmk
嗲,vknf
嘣,vkqq
吮,vkr
哞,vkrj
吮,vkrm
噔,vksu
唉,vkts
只,vku
殿,vkwm
哈,vl
啥,vlf
啭,vlfo
啥,vlfv
喻,vlg
哙,vlgd
喻,vlgj
剐,vljj
噻,vlkf
唑,vllf
呶,vlml
呤,vlpl
哈,vlsh
呛,vlum
噙,vlyk
尻,vlz
吟,vlzm
展,vm
展,vmbp
咤,vmej
哪,vmfr
喧,vmgg
咛,vmgn
叨,vmk
嚓,vmkd
哄,vmkl
叹,vml
嗓,vmm
啜,vmmm
嗓,vmmu
喀,vmp
啶,vmpl
喀,vmpv
噗,vmqo
嘧,vmxk
叫,vn
哝,vneb
咀,vnh
唏,vnhe
叫,vnj
咙,vnjk
哺,vnqh
哳,vntt
史,vnu
啪,vnuh
史,vnun
啦,vnzh
尽,vo
嚅,vobj
昼,vocg
啷,vocr
呷,voj
尽,vomp
哼,von
嚎,vonb
哼,vonj
啖,vool
尺,vop
嚯,votl
嗾,vots
咫,vovk
唳,vovv
咏,vozi
足,vp
嘴,vpjj
呲,vpjm
啮,vplj
咚,vpml
嗵,vppj
啃,vpqh
哒,vpsl
足,vpu
咯,vpvh
吹,vq
尸,vq
唤,vqbs
鹃,vqhh
咩,vqj
哦,vqk
咪,vql
屡,vqla
喽,vqlh
吹,vqll
嗟,vqmh
尸,vqn
屎,vqp
羼,vqqq
啕,vqrk
咆,vqum
兄,vr
噱,vrbb
嘌,vrdl
哂,vrh
屐,vrhp
叩,vrj
饕,vrlc
嘘,vrmh
屣,vrpp
屦,vrql
履,vrtp
兄,vrv
唬,vrwm
啊,vrxj
屙,vrxm
吗,vs
咦,vsam
嗝,vsbj
嘿,vsf
喹,vsff
嘿,vsfo
喂,vsgb
吗,vsh
唾,vsj
囔,vsjb
唾,vsjj
呔,vsol
喟,vsqh
嘹,vsui
吃,vt
咐,vtal
咋,vtfh
吃,vtfm
咿,vtie
哗,vtjh
唯,vtlh
噍,vtlo
哌,vtqb
听,vttj
咻,vtul
喉,vtzs
品,vu
喳,vucg
噌,vudc
嗍,vueq
品,vuf
唣,vuj
吖,vujj
唣,vujm
嗌,vukw
屏,vumm
嗥,vush
呆,vuu
噤,vuud
啉,vuul
喇,vuvj
嗽,vuvl
呢,vv
喔,vvdf
嘱,vve
唰,vvej
嘱,vvek
吕,vvf
患,vvj
串,vvjj
呢,vvjm
患,vvjx
吠,vvl
鄙,vvrj
噪,vvuu
飙,vvv
噼,vvvh
飙,vvvn
辟,vvzh
别,vw
噜,vwch
啤,vwhj
别,vwjj
叻,vwk
呗,vwl
叽,vwm
臀,vwqa
另,vwr
郧,vwrj
员,vwu
哚,vwul
咖,vwvh
勋,vwwk
嘤,vwwl
嗣,vwzs
呵,vx
哐,vxdh
咂,vxej
呵,vxj
吣,vxl
呕,vxnl
啾,vxol
咽,vxsl
嗯,vxsx
居,vy
犬,vy
居,vya
咕,vyh
剧,vyjv
唷,vykq
啐,vylh
犬,vyn
哜,vynr
嚷,vyub
啼,vyue
嘀,vyuy
吭,vywm
吨,vyzm
局,vz
噫,vzc
喑,vzch
噫,vzcx
璧,vzd
擘,vzdn
璧,vzdo
喙,vzeb
壁,vzfa
譬,vzga
叼,vzgh
甓,vzgo
嬖,vzla
唼,vzlh
鐾,vzlu
劈,vzmq
吆,vzol
呦,vzow
臂,vzqa
哟,vzql
檗,vzup
局,vzva
襞,vzyb
咝,vzzg
赌,wa
赌,wach
贼,wahk
鳍,wajc
痦,wavs
赈,wb
鲕,wbbj
鲷,wbf
赈,wbfb
鲷,wbfv
痞,wbgv
鲰,wbm
鳢,wbmu
鲰,wbmw
鳜,wbul
瘃,wbvb
疬,wbww
鲁,wc
几,wc
鲥,wcaw
赐,wcck
鲳,wcct
鲁,wcd
鲤,wcft
疸,wcgs
鲲,wcjj
几,wcn
痕,wco
鲫,wcrr
鳗,wcsm
鲻,wcst
瘟,wcws
鳎,wcyy
瘢,wd
鱼,wd
瘛,wdjx
鱼,wdn
鲭,wdqt
瘢,wdwm
癍,wdyd
存,we
赃,wefh
存,weg
鳙,weij
贬,wepl
鳐,werk
瘪,wexj
鲧,wezi
痣,wf
皿,wf
痔,wfao
鲑,wfft
在,wfg
鲮,wfkp
皿,wfn
鲆,wfue
鲒,wfvt
痣,wfxo
病,wg
赋,wga
贱,wgak
赋,wgap
鲡,wgb
病,wgbl
鲡,wgbo
鲠,wgcn
痖,wgms
财,wgnk
疔,wgnl
症,wgps
疠,wgqx
贴,wgv
鲈,wgve
贴,wgvh
鲇,wgvt
瘦,wh
鹎,whht
鲼,whj
瘦,whjm
鲼,whjw
卑,whk
瘐,whlo
鲛,whnw
贿,whqh
鲔,whqt
鲵,whrq
郫,whrr
赎,whzs
癫,whzw
疤,wi
夭,wi
鲟,wiaw
痱,wids
鲱,widt
痧,wiie
瘠,wil
赅,will
瘠,wilq
夭,win
疤,wix
则,wj
鳓,wjhw
则,wjj
瘼,wjjo
瘩,wjls
鲣,wjmf
痨,wjnw
鲽,wjzu
办,wk
瘵,wkdo
岙,wkk
疝,wkl
办,wkp
疳,wks
贻,wkvh
鲐,wkvt
痊,wl
赊,wldl
痊,wlds
疹,wlew
痤,wllf
疥,wlrl
疮,wlux
鲶,wlzx
瘫,wm
鲩,wmfr
贮,wmgh
殳,wmi
癀,wmjk
瘫,wmtl
疗,wn
瘙,wnbo
鳋,wnbw
囟,wni
赇,wnil
疗,wnl
痉,wnms
鲅,wnmw
赙,wnqa
疽,wns
鱿,wnzq
疣,wnzx
凡,wo
凡,woi
鳕,woit
鲸,woiw
瘀,wolm
痰,woo
赕,wool
痰,wooo
鲂,woq
鳊,wovw
痛,wp
囱,wpi
疵,wpjx
鲢,wplr
疼,wpmo
痛,wpqj
鲦,wpuw
赂,wpvh
鲜,wq
粤,wqac
痪,wqb
赡,wqbg
痪,wqbs
鳞,wqfj
痈,wqjl
购,wqkl
痒,wql
瘘,wqls
疲,wqmo
瘥,wqms
瘤,wqo
疚,wqoo
瘤,wqos
鲜,wqr
力,wqt
鲍,wquq
鳝,wquv
疱,wqux
乔,wr
鳔,wrd
瘭,wrdo
鳔,wrdw
乔,wrk
疖,wrl
疯,wrno
癃,wrpd
瘾,wrqx
痫,wruo
账,ws
痍,wsax
痹,wsgr
鳏,wsiw
账,wsl
疒,wsnp
痘,wsu
瘗,wsuf
痘,wsus
鳃,wsxw
瘰,wszi
疾,wt
鲋,wtaw
鳆,wtcp
疙,wtf
痄,wtfs
疙,wtfx
贩,wtml
败,wtnl
痴,wts
疾,wtso
痴,wtsv
瘊,wtzs
朵,wu
贝,wu
瘅,wuch
赠,wudc
鳇,wudt
瘕,wufm
鳄,wuga
朵,wui
赚,wuio
剁,wujr
贝,wun
鳟,wuoa
癞,wuv
瘌,wuvj
癞,wuvw
加,wv
加,wvb
癜,wvmm
赆,wvom
贶,wvrm
驾,wvsa
架,wvu
癌,wvuk
架,wvup
癖,wvvh
贺,wvwp
哿,wvxm
袈,wvyb
婴,ww
鹦,wwl
婴,wwlf
鹦,wwlh
疫,wwmo
癣,wwql
罂,wwrk
瘸,wwvl
痂,wwvs
勰,www
瘿,wwwl
勰,wwwx
稣,wx
疟,wxgs
痢,wxjl
疴,wxl
痿,wxls
鳅,wxow
稣,wxw
癯,wxxl
痼,wxys
鲴,wxyt
瘁,wy
疰,wyfs
瘁,wylh
鲚,wynr
瘳,wyye
痃,wyzo
赔,wz
癔,wzcx
鲺,wzeb
瘴,wzll
疡,wzrw
赔,wzvh
射,xa
睹,xach
躬,xaq
圄,xavf
射,xaw
秀,xb
秀,xbc
稠,xbf
睚,xbff
稠,xbfv
匚,xbnp
秧,xbsw
匮,xbwy
香,xc
香,xcd
眼,xcl
囫,xcr
馥,xctp
稞,xcuw
国,xd
匡,xdg
围,xdj
国,xdou
睛,xdq
圊,xdqf
睛,xdqh
必,xe
季,xed
稃,xeet
囝,xef
匝,xeh
稻,xeht
瞬,xenj
眨,xepl
身,xet
睬,xeul
必,xewn
秭,xezn
园,xf
目,xf
移,xff
眭,xffh
眵,xffl
移,xffw
睦,xfkf
瞌,xfkw
目,xfn
盱,xfnj
囗,xfnp
秆,xfr
园,xfrv
秤,xfue
圉,xfuh
穑,xfuv
秸,xfvt
团,xg
穗,xgcx
睫,xgip
盯,xgnj
团,xgnr
睐,xgql
秣,xguw
睨,xh
可,xh
鸫,xhg
瞍,xhjm
可,xhn
囿,xhqf
睨,xhrm
稹,xhzk
稍,xi
禾,xi
躺,xibv
匪,xidg
秉,xidn
秒,xiee
眇,xiek
黏,xigv
禾,xin
稍,xiqt
眺,xirm
利,xj
颐,xjbw
赜,xjdw
卧,xjg
瞒,xjgl
卧,xjgs
匿,xjhv
慝,xjhx
剩,xjj
秕,xjjq
剩,xjjr
利,xjr
犁,xjrj
瞄,xjsh
臣,xju
梨,xjui
臣,xjuj
私,xk
秽,xkfw
睽,xkgs
睃,xkkp
盼,xkmk
眸,xkrj
瞪,xksu
眙,xkvh
私,xkw
委,xl
委,xld
囡,xlf
睑,xlge
黍,xlii
囵,xljv
匦,xllb
魏,xlp
囹,xlpu
魏,xlpw
郾,xlrf
囚,xlu
稔,xlzx
科,xm
稼,xmbb
瞎,xmfy
科,xmhr
区,xn
瞑,xnch
瓯,xngo
稀,xnhe
鸥,xnhg
乘,xnjc
欧,xnq
圃,xnqf
欧,xnql
眈,xnrm
租,xnt
殴,xnwm
区,xny
稽,xnzc
嵇,xnzk
秋,xo
心,xo
稿,xobv
稂,xocw
匣,xoh
心,xon
匾,xovw
秋,xow
愁,xoxi
图,xp
眦,xpjm
眠,xpm
图,xpmu
称,xq
瞻,xqbg
蠃,xqbo
瞵,xqfj
稳,xqi
睁,xqin
称,xqiw
稳,xqix
眯,xql
黎,xqli
嬴,xqlo
羸,xqqo
黧,xqso
赢,xqwo
匹,xr
匹,xrb
瞟,xrdl
秩,xrlw
因,xs
睡,xsjj
稷,xskp
圜,xssb
因,xsu
瞠,xsvf
恩,xsxu
医,xt
瞧,xtl
睢,xtlh
瞧,xtlo
稚,xtlt
医,xtsy
匠,xtth
眄,xtzz
困,xu
睇,xuan
巨,xug
穆,xuie
熙,xuo
秫,xuow
熙,xuoy
圈,xusu
困,xuu
税,xuvr
回,xv
程,xvdt
瞩,xvek
回,xvf
叵,xvg
种,xvjr
积,xvkw
和,xvt
稆,xvvt
圆,xvwu
秃,xw
颓,xwbw
秃,xwc
稗,xwh
睥,xwhj
稗,xwhr
躲,xwuw
翳,xwyy
哥,xx
眶,xxdh
秘,xxee
哥,xxh
氍,xxlz
躯,xxn
眍,xxnl
躯,xxnw
瞅,xxol
歌,xxql
瞿,xxtl
矍,xxtm
固,xy
东,xy
固,xyf
东,xyn
穰,xyub
眩,xyz
盹,xyzm
眩,xyzo
囤,xyzv
鼎,xz
瞰,xzbn
鼎,xzbz
瞳,xzcf
铐,ya
习,ya
铐,yaaq
锗,yact
铙,yagr
铑,yajq
习,yan
铖,yaqq
镄,yarw
镪,yavb
铽,yaxw
钺,yazq
钢,yb
瓤,ybdo
钚,ybgw
钠,yblw
镊,ybmm
钢,ybnw
铜,ybst
铒,ybt
镢,ybul
银,yc
锡,ycce
锂,ycft
钽,ycg
锝,ycga
钽,ycgt
锟,ycjj
钅,ycnp
锱,ycs
镘,ycsm
锱,ycst
裹,ycub
锞,ycuw
银,ycw
镅,ycxt
锪,ycxw
铸,yd
铸,ydea
锲,ydjs
钰,ydow
锖,ydqt
市,ye
锊,yeaw
衣,yebo
裔,yebv
钐,yee
锾,yef
铥,yefk
锾,yefm
钎,yeh
锸,yehh
钎,yehr
镛,yeij
镀,yejm
市,yel
镰,yeuo
锰,yewt
镍,yexu
主,yf
铘,yfnr
钇,yfq
主,yfs
钍,yft
铭,yfvt
钱,yg
钱,ygae
颤,ygbw
芈,ygfj
钙,yggz
钉,ygnr
卞,ygo
钲,ygpt
铼,ygqw
古,ygt
钻,ygvt
钋,ygw
镇,yh
裒,yheb
钸,yher
鸪,yhg
钨,yhgt
锼,yhjm
铰,yhnw
铕,yhqt
针,yhr
镇,yhzk
销,yi
钞,yiee
铛,yiit
锓,yinm
钯,yiq
销,yiqt
铫,yirq
锁,yiww
率,yizh
铴,yizr
钊,yj
锘,yjhv
锴,yjju
镆,yjjw
铿,yjmf
铹,yjnw
钊,yjr
锚,yjst
铀,yjt
镬,yjtm
育,yk
弃,ykml
育,ykqs
充,ykrx
镫,yksu
钳,ykt
铠,ykyq
铃,yl
铨,yldt
卒,yll
锉,yllf
卒,yllh
铃,ylpw
镎,ylsn
铪,ylst
钕,ylt
铷,ylvt
钤,ylzq
错,ym
镓,ymbb
错,ymct
铎,ymfj
钭,ymhr
铊,ymjq
镲,ymkd
铵,ymlt
锭,ympw
镤,ymqo
镔,ymtk
离,yn
斋,ynbj
锵,ynfa
斌,yngp
刘,ynj
离,ynjk
刘,ynju
亵,ynlb
钹,ynmw
文,yno
铺,ynqt
钌,ynr
齑,ynrg
齐,ynrl
斓,ynrs
铩,ynuw
吝,ynvs
钗,ynw
锄,ynwe
紊,ynzi
变,yo
弯,yoax
蛮,yob
脔,yobl
蛮,yobo
镐,yobv
锒,yocw
挛,yodn
孪,yoe
锿,yoeb
镦,yoen
孪,yoes
鸾,yohs
峦,yokl
銮,yol
娈,yols
銮,yolu
弈,yoml
变,yomo
亦,yoo
锬,yoow
钫,yoq
钾,yor
奕,yoso
镭,yost
镞,yot
镟,yotp
镞,yots
栾,youo
钬,yow
恋,yoxo
键,yp
锋,ypdj
铤,ypef
键,ypij
链,yplr
铬,ypvt
袤,ypzb
望,yq
望,yqds
锇,yqe
铆,yqer
胡,yqg
鹕,yqhg
铮,yqin
铯,yqiq
钩,yqkw
钦,yql
镂,yqlt
钦,yqlw
钧,yqmt
铍,yqmw
镏,yqos
钥,yqt
钓,yqw
克,yr
克,yrb
锏,yrct
镖,yrdw
锎,yrgm
铢,yriw
剂,yrj
钏,yrjr
剂,yrju
铁,yrl
镡,yrlr
铁,yrlw
钔,yrq
铣,yrrq
镧,yrus
锆,yrvt
锕,yrxr
兢,yryr
亩,ys
镉,ysbj
锺,ysct
锣,ysfw
锛,yshm
锤,ysjr
亠,ysnp
钛,ysow
镯,ysqb
亩,yss
钿,yst
镣,ysui
铗,ysut
镗,ysvf
镩,ysvj
锶,ysxw
镙,yszi
改,yt
锻,ytdm
铧,ytjh
锥,ytl
镌,ytlb
锥,ytlt
钣,ytmw
故,ytns
改,ytnx
镳,ytow
夜,ytpo
锨,yttl
褒,ytvb
铄,ytw
旁,yu
锑,yuan
商,yubv
锦,yuer
镁,yuf
嘏,yufm
镁,yufs
襄,yug
锷,yuga
襄,yugb
钵,yugt
镒,yukw
镨,yumc
帝,yune
旁,yuno
啻,yunv
锩,yusu
铂,yut
锐,yuvr
钟,yv
锅,yvbl
锃,yvdt
铞,yver
铌,yvjq
钟,yvjr
铝,yvvt
锯,yvyt
锔,yvzv
亢,yw
颃,ywbw
镥,ywct
铡,ywjr
钒,ywow
铅,ywvt
钡,yww
亢,ywx
忌,yx
锈,yxbq
铋,yxee
锹,yxow
忌,yxp
钶,yxr
铟,yxsw
钼,yxt
钜,yxut
禀,yxvd
钷,yxvt
锢,yxyt
翠,yy
羽,yyb
戮,yyea
铱,yyeb
鹨,yyeh
铈,yyer
铳,yyk
锍,yyke
铳,yykr
戳,yyla
羿,yymm
翼,yysk
钴,yyt
翟,yytl
镶,yyub
镑,yyuo
镝,yyuy
钪,yywq
翠,yyyh
钝,yyz
翌,yyza
铉,yyzo
钝,yyzq
顿,yz
己,yz
屯,yzbn
顿,yzbw
镜,yzcr
镱,yzcx
雍,yze
铲,yzee
雍,yzel
钮,yzft
辜,yzhh
锌,yzhr
妄,yzl
饔,yzlc
壅,yzlf
妄,yzls
己,yzn
玄,yzoo
畜,yzos
氓,yzpp
钆,yzq
肓,yzqs
邙,yzru
锫,yzvt
亡,yzx
忘,yzxo
盲,yzxs
绕,za
绪,zacb
缄,zaes
绕,zagr
绒,zahc
纟,zanp
绋,zarv
纣,zax
敢,zb
绸,zbf
缛,zbfa
绸,zbfv
纳,zblx
纲,zbnx
级,zbox
飞,zbp
敢,zbtn
毅,zbwm
缋,zbwx
缅,zbxf
意,zc
缫,zccu
童,zcfs
绅,zcj
绲,zcjj
绅,zcjv
韶,zcmv
缇,zcpx
韵,zcq
歆,zcql
韵,zcqm
竭,zcqz
竟,zcrx
音,zcs
缁,zcsb
缦,zcsm
意,zcxo
绩,zd
绑,zder
靖,zdqy
纬,zdv
绩,zdwx
产,ze
颜,zeb
蠡,zebb
虱,zebp
颜,zebw
纩,zec
缠,zecf
彦,zeew
缓,zefm
纤,zehv
绥,zelb
飨,zelc
绶,zenm
乡,zeq
彖,zevb
产,zew
结,zf
丑,zfa
录,zfip
绫,zfkp
纡,zfnv
缬,zfv
结,zfvb
缬,zfvw
线,zg
刁,zga
线,zgac
绠,zgcn
纭,zgdx
绰,zglv
缙,zgmc
缰,zgsg
站,zgvy
续,zh
瓣,zhdh
辩,zhgh
辛,zhl
绞,zhnx
辨,zhoh
毋,zhqn
辣,zhuv
贯,zhwp
辫,zhzh
缜,zhzk
续,zhzs
剥,zi
绱,zibv
绯,zidb
纱,ziec
剥,zijv
绡,ziqb
缆,zj
纰,zjjz
绌,zjkv
彘,zjtj
缆,zjtr
缂,zjvh
绁,zjzz
端,zk
绀,zkb
端,zkbj
竣,zkkp
纷,zkmc
具,zku
绐,zkvb
给,zl
彰,zlei
绘,zlgd
纶,zljz
章,zll
纵,zllx
纨,zlox
赣,zlpw
鄣,zlru
妾,zls
给,zlsb
辔,zlzv
红,zm
红,zmb
综,zmdx
绎,zmfj
缀,zmmm
纫,zmox
绽,zmpx
买,zmsp
缩,zmtc
缤,zmtk
绍,zmvb
绾,zmxb
经,zn
组,znb
绂,znm
经,znmb
绂,znmx
缚,znqa
纠,znv
幻,zo
缟,zobv
糸,zoip
幺,zop
编,zovw
幼,zowc
纺,zoz
幽,zozk
畿,zozs
幻,zozz
终,zp
母,zp
蛋,zpbp
缱,zpbx
缗,zpcb
缒,zpex
绛,zpfj
绺,zpgv
终,zpmx
母,zpn
发,zpop
疋,zpp
缝,zppj
胥,zpqa
绦,zpux
络,zpvb
戆,zpxo
疏,zpye
纾,zpzn
约,zq
绚,zqcb
绝,zqi
绉,zqib
绝,zqiz
缕,zqlb
绷,zqqb
缮,zquv
约,zqx
继,zqz
彝,zqzm
继,zqzz
纸,zr
缥,zrdx
绗,zrfn
飒,zrno
缵,zrrw
纸,zrz
司,zs
司,zsa
细,zsb
绔,zsga
缍,zsjv
缳,zssb
立,zst
缭,zsui
绮,zsxv
缌,zsxx
缧,zszi
维,zt
缎,ztdm
纥,ztfz
缏,ztgn
维,ztlb
憨,ztxp
缑,ztzs
亲,zu
绨,zuan
缯,zudc
绵,zuev
绊,zuhv
缣,zuio
缢,zukw
亲,zuo
缴,zuon
绻,zusu
新,zutt
竦,zuvy
缃,zuxb
部,zv
缉,zvbb
绳,zvcz
瓿,zvgo
剖,zvju
织,zvkx
绢,zvqb
竞,zvr
部,zvru
竞,zvrx
缲,zvuu
缨,zw
缨,zwwl
练,zx
绣,zxbz
缈,zxie
练,zxx
纯,zy
统,zykr
纹,zyn
缡,zynk
纹,zynx
缔,zyue
缪,zyye
翊,zyyy
纪,zyz
纯,zyzz
书,zz
缘,zzeb
绿,zzf
纽,zzfb
绿,zzfi
丝,zzga
鸶,zzgh
书,zzjo
乜,zzzn
