吖,vko
阿,vpe
啊,v;
锕,vja
哎,vke
哀,vw
埃,vt;
唉,vka
挨,vf;
捱,vfeu
皑,vb;
癌,vbi
矮,viu
蔼,vco
霭,vvo
艾,vc
爱,vz
隘,vpo
碍,vsi
嗳,vkuo
嗌,ykou
嫒,vnuo
暧,vquo
安,vo
桉,vmoo
氨,vqoo
庵,vge
谙,vyo
鹌,vieu
鞍,vgo
俺,vr;
铵,vjo
揞,vfo
岸,vs/
按,"v,"
胺,vvoo
案,vg
暗,vq
黯,vho
肮,vv;
昂,vq/
盎,vmi
凹,via
敖,vw;
遨,vlee
嗷,vkee
獒,vqee
熬,vle
聱,vvee
螯,vee
翱,vvu
鳌,vve
鏖,vuu
袄,vnue
媪,vni
坳,vta
傲,v/
奥,vd/
骜,vme
澳,vd;
懊,vlu
鏊,vjee
八,bp
巴,bai
扒,ba;
叭,bku
芭,bca
疤,bbai
捌,bfia
笆,bpai
粑,bna
拔,bfe
跋,bze
魃,bgeu
把,"b,"
靶,bga
坝,bt;
爸,bf/
罢,bz/
鲅,bveu
霸,bv/
灞,bdeo
吧,bk
掰,bsuo
白,bu
百,be
佰,bre
柏,bmui
捭,bfui
摆,bfi
败,bb;
拜,bs;
稗,bhuia
扳,bfuu
班,bw;
般,bz
颁,byu
斑,bwo
搬,bf;
瘢,bbuu
癍,bbee
阪,bpuu
坂,btuu
板,bmu
版,bp;
钣,bjuu
舨,bzuu
办,ba
半,bd
伴,rb
拌,bfo
绊,bjo
瓣,bxu
扮,bfuo
邦,bv;
帮,bj
梆,bme;
浜,bdui
绑,bje
榜,bmo
蚌,bee
棒,bmee
傍,br;
谤,byo
蒡,bcoe
磅,bsoe
镑,bjoe
勹,buaa
包,bba
苞,bcua
孢,bzua
胞,bvu
龅,bcu;
煲,bhui
褒,bwu
雹,bvu/
薄,bc/
饱,bsu
宝,bg
保,br
鸨,biu
葆,bcui
堡,btu
褓,bnuii
报,bf
抱,bao
趵,bzuao
豹,bzu
鲍,bvua
暴,bq
爆,bh;
杯,bme
卑,bbu
悲,bxi
碑,bsui
北,bs
贝,bia
孛,bgai
狈,bqi
备,bw
背,bv
钡,bji
倍,bro
悖,blei
被,bn
辈,bc
惫,bx/
焙,bho
蓓,bcu
呗,bk;
奔,bd/
贲,bbei
犇,bnue
锛,bjeuo
本,bm
苯,bce
畚,bseu
笨,bp/
崩,bsua
绷,bju
嘣,bki
甭,buu
泵,bsi
迸,blo
蹦,bzi
屄,bso
逼,ble
荸,bcei
鼻,bui
匕,bua
比,bh
妣,bnea
彼,bc;
秕,bhea
笔,bpu
俾,brui
鄙,bpi
币,bj/
必,bo
毕,bbe
闭,bm/
庇,bge
荜,bcea
毖,bboa
哔,bkea
陛,bpea
毙,bbeu
铋,bjoa
敝,bwou
婢,bnu
赑,bbiau
筚,bpeau
愎,blue
弼,bg;
蓖,bcuia
痹,bbia
滗,bdue
裨,bnui
碧,bs/
蔽,bco
弊,buo
篦,bpui
壁,bta
避,bla
髀,bgui
臂,bva
璧,bw/
边,bl
砭,bsuoa
编,bj;
煸,bhoa
蝙,bcoa
鳊,bvoa
鞭,bgu
贬,bbuo
扁,bhi
匾,bno
卞,bwio
汴,bdoe
忭,bloe
变,by
便,b/
遍,bl/
辨,bx
辩,bx;
辫,bxa
标,bm;
骉,bma
髟,bhie
彪,bhu
骠,pmei
膘,bvei
飙,bqe
镖,bjei
飚,bjuo
镳,bjoeu
表,bt
婊,bne
裱,bnee
俵,bree
鳔,bveia
憋,bxo
鳖,bvou
别,b;
蹩,bzo
瘪,bbui
宾,bg/
彬,bpe
斌,bwe
滨,bdo
缤,bjoo
槟,bmoo
镔,bjooa
濒,bdi
摈,bfoo
殡,bto
膑,bvoo
髌,bgo
鬓,bbo
冰,bgi
兵,bqu
丙,bh/
秉,bha
柄,bmei
饼,bsou
炳,bhe
禀,bwi
疒,boe
并,bb
病,bb/
摒,bfae
拨,bfa
波,bda
玻,bwa
钵,bje;
饽,bsei
剥,blae
菠,bcoo
播,bfu
伯,bru
驳,bmuo
帛,bbi
泊,bdu
勃,bl;
钹,bjeu
铂,bjui
亳,bwiae
舶,bzui
脖,bve
博,bse
鹁,bie
渤,bde
搏,bfei
箔,bpoo
膊,bve;
礴,bseii
跛,bza
擘,bsa
簸,bpei
卜,bio
啵,bko
逋,bleia
晡,bqei
卟,bkio
补,bni
捕,bu;
哺,bke
不,b_
布,bti
步,bi
怖,bleu
钚,bjeui
部,b.
埠,btui
踄,bzie
醭,byi
簿,bpo
擦,ca;
猜,cq;
才,ce
材,cme
财,cb;
裁,cho
采,cz/
彩,cpu
睬,cmuo
踩,cz;
菜,ccu
蔡,ccua
参,cs
餐,cs/
残,ct;
蚕,cee
惭,clea
惨,cl;
灿,chi
粲,cmie
璨,cwie
仓,cra
伧,cruo
苍,ccuo
沧,cdu
舱,czuo
藏,cce
操,cao
糙,cnu
曹,cqe
嘈,cke;
漕,cdei
慒,cleia
槽,cmei
草,cc
肏,cruoi
册,cpa
厕,cii
侧,cri
测,cdi
恻,clia
策,cp/
岑,csuo
涔,cdia
噌,ckou
层,ce/
曾,co
蹭,czo
叉,cy/
杈,cma;
插,cfu
馇,csei
嚓,ckoo
茬,cceu
茶,cc/
查,cm
搽,cfei
猹,cqeiu
碴,cse
察,cgu
衩,cna
岔,csu
刹,sluo
诧,cyo
差,cb
姹,cnoo
拆,cfuu
钗,cja
侪,croe
柴,cmi
豺,czei
虿,ceeu
掺,cfa
搀,cfua
谗,cyua
婵,cnou
馋,csua
禅,cn;
孱,csa
缠,cj;
蝉,ceo
潺,cdae
澶,cdoei
蟾,ceua
产,cl
谄,cyu
铲,cjo
阐,cmo
忏,clue
颤,cy;
伥,crue
昌,cqi
菖,ccia
猖,cqia
娼,cnia
鲳,cvia
肠,cva
尝,cxo
常,ci
偿,crio
徜,ccio
嫦,cnio
厂,ceu
场,ct
昶,cqoa
敞,cw;
氅,cmiou
怅,clui
畅,cta
倡,cria
唱,ck;
抄,cfiu
钞,cjiu
绰,cjie
超,ct/
晁,cquo
巢,cza
朝,cv
嘲,cke
潮,cde
吵,ckiu
炒,chiu
车,cha
扯,ce;
彻,cc;
掣,csue
撤,cfo
澈,cdo
抻,cfiae
郴,cpei
琛,cwoa
嗔,ckei
臣,cn/
尘,cti
辰,ci/
沉,cd
忱,cloa
陈,cpe
宸,cgeu
晨,cq/
谌,cyeii
碜,csao
衬,cne
趁,ctuo
谶,cyuo
琤,cwu
称,ch;
撑,cfi
瞠,cmio
成,"c,"
丞,chai
呈,ckee
诚,cye
承,czi
城,tc
乘,ch/
程,ch
惩,cxuu
澄,dda
橙,cmao
逞,cl/
骋,cmia
秤,che
吃,ck
哧,ci;
蚩,cea
笞,cpao
嗤,cka
痴,cb/
螭,ceoe
魑,cgo
池,cda
弛,cgai
驰,cma
迟,cla
持,cf
踟,czue
尺,ca/
齿,cie
侈,crua
耻,cvi
豉,coe
褫,cnuu
叱,ckua
斥,cj/
赤,ctu
饬,csuea
炽,chia
翅,cv/
敕,cwe
啻,ckoe
冲,cg
充,cw/
忡,cliae
舂,cou
憧,cloe
艟,czoeo
虫,cia
崇,csoo
宠,cge
铳,cjoe
抽,cf;
犨,cnui
仇,cru
俦,cre
惆,clua
绸,cju
畴,cte
酬,cyou
稠,chu
愁,cxu
筹,cpee
踌,czee
雠,czoa
丑,cai
瞅,cmu
臭,cqu
出,c_
初,cn
樗,cmeo
刍,cd/
除,ca
厨,ciei
锄,cjia
滁,cdai
蜍,ceuo
雏,czua
橱,cmeu
躇,czeii
蹰,czeue
杵,cmue
础,csai
储,cro
楚,cy
褚,cnei
处,cw
怵,clei
绌,cjai
畜,cto
搐,cfoe
触,cji
黜,chaii
矗,cze
揣,cfia
踹,czia
川,cui
氚,cqui
穿,cx
传,cr
船,czu
椽,cmaa
舛,cxea
喘,cki
串,csi
钏,cjui
疮,cbuo
窗,cx/
床,cg/
闯,cm/
创,clu
怆,cluo
吹,cku
炊,chua
垂,cue
捶,cfue
腄,cvue
槌,cmui
锤,cjue
春,cq
椿,cmee
纯,cje
唇,ck/
淳,cd;
鹑,cio
醇,cyoe
蠢,coi
戳,cga
啜,ckao
辍,cca
龊,cciae
呲,ckie
疵,cbie
词,cya
茨,cco
祠,cnae
瓷,cwo
辞,cx;
慈,cba
磁,cso
雌,czie
糍,cnoue
此,c;
次,c.
刺,cs;
赐,cbi
匆,cbu
囱,cpi
葱,ccu/
骢,cmuia
聪,cv;
从,c/
丛,chuo
淙,cdoo
悰,cloo
琮,cwoo
凑,cg;
腠,cve
粗,cni
殂,ctia
促,cr;
猝,cqo
醋,cyei
簇,cpo
蹙,czeu
蹴,czoe
汆,csuoo
撺,cfoo
蹿,czoo
窜,cxi
篡,cpia
爨,chui
崔,csui
催,cr/
摧,cf/
璀,cwi
脆,cvu
萃,ccoe
啐,cko
淬,cdoe
悴,clo
瘁,cbo
粹,cno
翠,cvo
邨,cnai
村,cm;
皴,cp;
存,cz
忖,cle
寸,cei
吋,ckeio
搓,cfou
磋,csou
撮,cuo
蹉,czou
矬,ciu
痤,cbuou
挫,cfuo
措,cfe
锉,cjuo
错,cj
耷,ddei
哒,dkeu
搭,dfe
嗒,dk;
褡,dnei
达,dle
妲,dnia
答,dpu
跶,dzeu
靼,dgia
瘩,dbe;
鞑,dgeu
打,df
大,dh
呆,dk
歹,deu
逮,dla
傣,dree
代,rq
甙,dgei
岱,dsui
带,dj
殆,dtao
贷,dbu
待,dc;
怠,dx/
埭,dtae
袋,dyu
戴,dh/
黛,dhu
丹,dn/
担,df;
单,db
眈,dmoa
耽,dv;
郸,dpo
聃,dviai
殚,dtou
胆,dvi
疸,dbiae
掸,dfou
旦,dia
但,dr
诞,dyui
啖,dkou
淡,dd;
惮,dlou
弹,dgo
蛋,dyi
氮,dqo
澹,dduae
当,di
铛,dji
裆,dni
挡,da;
档,dmi
党,dv
砀,dsau
宕,dge
荡,dc/
刀,dz
叨,dka
氘,dqui
导,dje
岛,dii
捣,dfua
倒,rd
祷,dne
蹈,dzuo
到,dn
盗,dmo
悼,dlie
道,dl
稻,dh;
纛,dtaa
得,d/
嘚,dkuu
德,dc
的,d_
灯,dhe
登,doa
噔,dkao
蹬,dza
等,du
邓,dya
凳,dja
瞪,dma
镫,djaou
低,dru
羝,dbua
堤,dti
嘀,dko
滴,di;
狄,dq;
迪,dl/
籴,dnu
荻,dcua
敌,dw
涤,ddu
笛,dpi
嫡,dnoe
镝,djoeo
氐,dpae
邸,dpua
诋,dyua
抵,dfu
底,dgu
砥,dsua
骶,dgua
地,dt
弟,dba
帝,dwi
递,dlo
娣,dnou
第,dpa
谛,dyo
蒂,dco
棣,dmaee
缔,djo
嗲,dkuo
掂,dfoe
滇,dde;
颠,dyei
巅,dsei
癫,dbe
典,db/
点,d;
碘,ds;
踮,dzoe
电,dq
佃,dri
甸,dbia
坫,dtie
店,dgi
玷,dw;
垫,dte
钿,djia
淀,ddoo
惦,dloe
奠,dyeu
殿,dsa
靛,dqoo
癜,dbae
刁,dz/
叼,dkae
凋,ddua
貂,dzau
雕,dz;
屌,dsi
吊,dki
钓,dju
掉,dfi
爹,df/
跌,dzu
迭,dlu
谍,dye;
耋,dtei
喋,dke;
牒,dpei
叠,doo
碟,dse
蝶,de;
丁,dhi
仃,drei
叮,dkei
盯,dm;
町,tteii
疔,dbeii
耵,dvei
顶,dye
酊,dyeii
鼎,dmae
订,dy;
钉,djei
定,do
铤,tjue
腚,dvo
碇,dsoo
锭,djoo
丢,diu
东,de
冬,dw/
咚,dku
氡,dqu
董,dcu
懂,dl;
动,"d,"
冻,dg;
侗,dria
栋,dme
胨,dvea
洞,ddi
恫,dlia
胴,dvia
都,dp
兜,dvu
抖,dfo
陡,dpe
蚪,deo
斗,dd
豆,dei
逗,dlei
痘,dbei
窦,dxe
督,dm/
嘟,dke
毒,dt/
独,dqi
读,du;
渎,dde
椟,dme;
犊,dn;
牍,dpe;
黩,dhei
笃,dpaa
堵,dt;
赌,db;
睹,dmei
杜,dm
肚,dve
妒,dno
度,dg
渡,ddo
镀,djoe
蠹,deei
端,dli
短,die
段,ds
断,dj;
缎,djui
椴,dmu
煅,dhui
锻,dua
堆,dtu
队,dui
对,da
兑,dbi
怼,dxao
碓,dsuio
吨,dkea
惇,dloei
敦,dwo
墩,dto
礅,dso
蹲,dzou
盹,dmea
趸,dze
沌,ddea
炖,dhea
钝,djea
盾,dv/
顿,dy
遁,dluu
多,dx
咄,dkai
哆,dkua
掇,dfa
裰,dna
夺,dd/
铎,djao
踱,dzo
朵,dj/
垛,dtua
哚,dkuae
躲,dsu
剁,dlua
舵,dzoo
堕,dta
惰,dleu
跺,dzua
屙,vsa
婀,vna
讹,vyu
俄,vru
峨,vsu
娥,vnu
鹅,vi;
蛾,veu
额,vy
厄,vje
扼,vfe
呃,vkeua
轭,vceu
垩,vte
恶,vx
饿,vs;
鄂,vpi
阏,ymoe
谔,vyi
萼,vci
遏,vli
愕,vl;
腭,vvia
鹗,viia
锷,vji
噩,vwi
鳄,vvi
诶,vya
恩,vxi
摁,vfi
嗯,vk;
儿,vu
而,vh
尔,vd
耳,vhi
迩,vlua
饵,vsei
洱,vdei
珥,vwei
二,v_
弍,vvea
佴,vrei
贰,vg/
发,f_
乏,fa/
伐,frea
罚,fzo
阀,fmu
筏,fpui
法,f.
砝,fse
珐,fwe
帆,fjua
番,ft
蕃,fcu
幡,fjuo
藩,fcoo
翻,fv;
凡,fjo
矾,fsua
烦,fh;
樊,fd/
璠,fwu
繁,fx
反,fy
返,flu
犯,fq
饭,fs
泛,fd;
范,fc
贩,fb;
梵,fme
方,fo
坊,ft;
芳,fco
祊,bnoe
防,fa;
妨,fno
肪,fvoe
房,fh
仿,fr;
访,fyo
纺,fjoe
舫,fzoe
放,ff
飞,fz
妃,fna
非,fi
菲,fci
啡,fki
绯,fji
扉,fhie
蜚,feie
霏,fvi
鲱,fvie;
肥,fva
淝,fdua
腓,fviee
匪,fni
诽,fyi
悱,fli
斐,fwi
翡,fvie
芾,fcei
吠,fke
肺,fvei
狒,fq;
废,fga
沸,fda
费,fb
痱,fbi
分,fu
芬,fc/
吩,fku
纷,fj;
氛,fqu
酚,fyuo
坟,fto
汾,fduo
焚,fh/
鼢,fsuo
粉,fn;
份,f/
奋,fdi
忿,fx/
粪,fne
愤,fle
丰,fhe
风,fj
沣,fdee
枫,fm;
封,"f,"
疯,fbu
峰,fsu
烽,fhu
锋,fj/
蜂,feu
酆,fpi
冯,fg;
逢,fl/
缝,fju
讽,fyu
凤,fja
奉,fv/
俸,free
佛,fra
缶,fue
否,fk
夫,fe
呋,fkee
肤,fve
麸,ftua
趺,fze
孵,fpa
敷,fw;
弗,fu/
伏,fre
凫,fiu
扶,ff;
芙,fcee
孚,fza
拂,ffa
服,fv
怫,fla
罘,fzeu
氟,fq/
俘,fru
蚨,feee
浮,fdu
符,fpu
匐,fbei
涪,fdo
幅,fje
辐,fce
福,fn
蝠,fee
抚,ffe
甫,fhi
斧,ffu
府,f;
俯,fro
釜,ffee
辅,fc;
腑,fvo
腐,fgu
父,fp
讣,fyio
付,fr
负,fd
妇,fa
附,fp;
咐,fkui
阜,fsui
驸,fmui
赴,fti
复,fw
副,fl
赋,fbe
傅,frei
富,fg/
腹,fvu
缚,fjei
覆,fxu
馥,ftu
袱,fnu
旮,gquae
伽,jrau
呷,gki
嘎,ga;
尬,gtau
该,gy
垓,gto
赅,gboe
改,ga
丐,ghi
钙,gjei
盖,gb/
溉,gda
概,gma
甘,gce
肝,gve
泔,gdeii
柑,gmeii
竿,gp/
疳,gbei
尴,gta
杆,gmee
秆,ghe
赶,gt
敢,gw;
感,gx
橄,gmae
擀,gfeii
干,gv
淦,gduo
赣,gtei
冈,gnu
刚,g;
肛,gvei
纲,gjia
钢,gj;
缸,gfei
罡,gze
岗,gs/
港,gd;
杠,gmei
戆,gxo
皋,gbe
高,go
羔,gboo
睾,gsui
膏,gv/
篙,gpo
糕,gno
搞,gf
缟,gjoe
槁,gmoe
镐,gjo
稿,gho
告,gn
诰,gyue
锆,gjue
戈,gha
圪,gtue
鹕,hiei
纥,hjue
疙,gbue
咯,gku
哥,gk
胳,gvua
鸽,giu
搁,gfo
割,glo
歌,gq;
革,gei
阁,gmua
格,gm;
隔,gpe
嗝,gkei
搿,gsuo
膈,gveia
骼,ggua
舸,gzei
葛,gci
个,g_
各,gw
硌,gsu
铬,gjua
给,gj
根,gm
跟,gz
哏,gka
亘,gq/
艮,gxa
庚,gga
耕,gv;
赓,ggae
羹,gbo
埂,gte
耿,gvo
哽,gk;
梗,gme;
更,ge
工,gh
弓,ga/
公,gu
功,gg
攻,ggu
肱,gveu
宫,ggi
恭,gc/
蚣,geuo
躬,gs;
龚,gue
觥,gjio
巩,gg;
汞,gsei
拱,gf/
珙,gwe
共,gc
贡,ggia
供,gr
勾,gba
佝,gru
沟,gdu
钩,gju
篝,gpee
苟,gcu
狗,gqu
枸,gmuai
构,gmu
购,gb;
诟,gyu
垢,gtu
够,g/
媾,gnee
估,gre
咕,gke
沽,gdei
孤,gz;
姑,gne
鸪,gi;
菇,gca
蛄,gee
辜,gxe
觚,gjuu
毂,gseie
箍,gpei
古,gsi
谷,gbu
汩,gdia
诂,gyei
股,gvu
骨,gia
牯,gnei
蛊,ge/
鼓,gie
鹘,hgua
瞽,gmeie
固,gk/
故,"g,"
顾,gye
梏,gmue
崮,gsia
雇,ghu
痼,gbia
瓜,gpu
呱,gkuu
刮,gl;
鸹,giue
剐,gli
寡,ggeu
卦,gti
挂,gf;
褂,gn;
乖,gua
拐,gfi
怪,g.
关,gb
观,gyi
官,gg/
倌,gro
棺,gmo
鳏,gvi
莞,gco
馆,gso
管,gp
贯,gt/
冠,gge
掼,gfa
惯,gla
盥,gmui
灌,gde
鹳,giei
罐,gfe
光,gs
咣,gkio
洸,gdio
胱,gvio
广,gd
犷,gqo
逛,glu
归,gja
圭,gh/
龟,gdi
规,gje
皈,gbuu
闺,gm/
珪,gwei
硅,gse
瑰,gwu
鲑,gveie
轨,gc;
诡,gy;
鬼,gui
癸,gdao
晷,gqua
柜,gmea
炅,jqou
刿,glia
刽,gluo
贵,gbi
桂,gme
桧,hmuo
跪,gzu
鳜,gveuo
衮,gwa
辊,gcia
滚,gdo
鲧,gvuaa
棍,gmi
呙,gkiau
郭,guo
啯,gkia
聒,gvue
锅,gji
蝈,geia
国,gi
掴,gfia
帼,gjiae
虢,ghuo
果,gq
裹,gwi
过,gl
哈,h;
蛤,geu
还,he
孩,hz
骸,hgoe
海,hdu
亥,hwa
骇,hmo
氦,hqoe
害,hg
嗐,hkooa
蚶,heei
酣,hyei
憨,hxa
鼾,hbee
邯,hpei
含,hro
函,hna
晗,hquo
涵,hdai
韩,hv;
寒,hn
罕,hgu
喊,hke
汉,hda
汗,ha;
旱,hqe
捍,hfi
悍,hlia
菡,hcai
焊,hhi
颔,hyu
撖,hfa
撼,hfe
翰,hvuo
憾,hleu
瀚,hdei
夯,hdau
行,xc
杭,hmoe
航,hzo
蒿,hcoe
薅,hcau
毫,hwu
嗥,hkuia
豪,hw/
壕,ht;
嚎,hkoe
濠,hdoe
好,ha
郝,hpe
号,hao
昊,hqee
耗,hvu
浩,hdue
皓,hb;
颢,hyi
灏,hdiae
诃,hyeii
呵,hke;
喝,hki
嗬,hkei
禾,hue
合,hu
何,rk
和,h_
劾,hlo
河,he;
曷,hqua
阂,hm/
盍,hta
荷,hc/
核,hm;
菏,hcoo
盒,hri
涸,hdia;
颌,gyuo
阖,hmei
贺,hb/
赫,htu
褐,hni
鹤,hio
壑,hti
黑,hi
嗨,hkoo
嘿,hkia
痕,hba
很,h/
狠,hq
恨,hla
亨,hwi
哼,hko
恒,hlei
横,hm
衡,hc;
蘅,hcuu
轰,hca
訇,hbo
烘,hhe
薨,hciai
弘,hga
红,hj
宏,hg/
玜,hwuo
泓,hdae
荭,hcaa
虹,hee
洪,hde
鸿,hioo
蕻,hceie
哄,hk;
讧,hye;
齁,hbu;
侯,hra
喉,hkui
猴,hqu
瘊,hbui
骺,hguue
吼,hka
后,hv
厚,heu
逅,hluu
候,rs
乎,hp
呼,hku
忽,hx
惚,hlua
狐,hq;
弧,hguu
胡,hve
壶,ht/
斛,hjo
葫,hcei
鹄,hnue
猢,hqeii
湖,hd;
瑚,hw;
糊,hne
虎,hie
浒,xdoa
唬,hkie
琥,hwie
互,hha
户,hd/
护,hf
沪,hdoa
祜,hnei
笏,hpua
扈,hhia
花,hc
砉,hveu
划,hgi
华,hs
哗,hua
猾,hqia
滑,hdia
化,hr
画,hh
话,h.
桦,hmui
怀,hl
徊,hci
淮,hdui
槐,hmu
踝,hzi
坏,ht
欢,hy
獾,hqei
环,hw
桓,hme
圜,hkiai
寰,hgia
缳,hjia
鬟,hbi
缓,hju
幻,hya
奂,hpai
宦,hgei
换,hfu
唤,hkua
涣,hdua
浣,hdoo
患,hxi
焕,hhu
痪,hbua
豢,hso
肓,hvo
荒,hco
慌,hl;
皇,hbe
黄,hb
凰,hj/
隍,hpu
遑,hl/
煌,hhui
璜,hwe
蝗,heui
磺,hs;
簧,hze
恍,hli
晃,hqi
谎,hye
幌,hji
灰,hto
诙,hyeu
挥,hfo
咴,hkeu
恢,hle
珲,hwo
晖,hqo
辉,hgo
麾,hau
徽,hpa
回,hk
茴,hcia
蛔,hei
悔,hlu
毁,hsu
卉,hse
汇,hui
会,kr
讳,hy;
荟,hcao
浍,kdu
诲,hyue
绘,hj;
恚,htoa
贿,hbeu
烩,hhuo
彗,hxee
晦,hque
秽,hh;
惠,hxe
喙,hkaa
慧,hx;
蕙,hce
昏,hq/
荤,hae
婚,hnu
浑,hdo
馄,hsi
混,hdi
魂,hg;
诨,hyo
豁,hge
活,hd
火,ho
伙,hr;
或,"h,"
货,hbu
获,hcu
祸,hn;
惑,hx/
霍,hv/
镬,hje
藿,hceo
嚯,hkeo
讥,jyua
击,jvi
叽,jku
饥,js;
玑,jwua
圾,jtua
芨,jcuao
机,"j,"
肌,jvu
矶,jsua
鸡,jyu
咭,jkei
唧,jkae
积,jh
笄,jpe/
屐,jsuu
姬,jn;
基,jq
犄,jneu
缉,jjia;
畸,jte
跻,jzoeu
箕,jpeii
箕,jzeii
稽,jhe
齑,jwie
畿,jgaa
激,jdu
羁,jzei
亼,jree
及,jpa
吉,jt/
岌,jsu/
汲,jdua
级,ja;
极,mj
即,jga
佶,jreie
亟,jhai
笈,jzua
急,jxu
疾,jbu
棘,jsei
集,jz/
楫,jmia
辑,jci;
嫉,jno
瘠,jbo
藉,jcee
籍,jpee
几,ju
己,ja/
虮,jeu
挤,jfo
脊,jvo
戟,jvea
麂,juua
彐,xzee
计,jy
记,j.
伎,jreia
纪,jaa
技,fm
忌,jjoa
际,jpe
妓,jne;
季,jha
剂,jloe
迹,jlo
济,jdo
既,jx;
觊,jjiai
继,jj;
偈,jria
祭,jsu
悸,jlue
寄,jg/
寂,jgi
绩,jje
蓟,jcuai
霁,jvo/
暨,jqa
稷,jhia
鲫,jvae
髻,jbei
冀,jcie
骥,jmiee
加,j;
佳,jr;
迦,jlau
珈,jwau
挟,xfe
枷,jmaui
浃,jdeo
痂,jbau
家,jo
笳,jzau
袈,jyau
葭,jcae
嘉,jtia
镓,jjoo
夹,jeo
荚,jceo
戛,jgeu
颊,jyeo
甲,ji/
胛,jvia
贾,jxia
钾,jji;
假,jia
价,jru
驾,jmau
架,jma
嫁,jnoo
稼,jho
戋,jgee
尖,jxe
奸,jne
歼,jtue
坚,jti
间,jm
肩,jhi
艰,jya
监,jmi
兼,jb/
菅,jcoo
笺,jzee
犍,jnaee
缄,jjeu
煎,jlou
囡,nka
拣,jfe;
茧,jci
柬,jsou
俭,jruo
捡,jfuo
笕,jpia
检,jmu
减,jg;
剪,jdou
硷,jsuo
睑,jmuo
简,jue
骞,qnaa
戬,jgeii
碱,jseu
翦,jvou
蹇,qni
謇,qnoe
见,ji
件,jr
饯,jsee
建,jl
荐,jceu
贱,jbe
牮,jnui
剑,jqi
健,jra
舰,jzia
涧,jdoi
渐,jd;
谏,jyeia
践,jze
锏,jjoi
毽,jmae
腱,jvaee
溅,jdi
鉴,jji
键,jja
僭,jre;
踺,jzaee
箭,jp/
江,jd
将,jz
姜,jba
豇,jgeia
浆,jso
僵,jrei
缰,jjei
殭,jtei
礓,jseia
疆,jgei
讲,jye
奖,jd/
桨,jmoe
蒋,jco
耩,jvee
匠,jnuu
降,xpu
绛,jjuao
酱,jyo
犟,jn/
糨,jna;
交,jwu
郊,jp;
茭,jcoe
浇,jdea
娇,jnu
姣,jnoe
骄,jm;
胶,jv;
椒,jmie
蛟,je;
焦,jzo
跤,jzoe
蕉,jcui
礁,jsui
嚼,jk;
角,ju/
佼,jroe
挢,jfueu
狡,jqoe
饺,jsoe
绞,jjoe
铰,jjoeu
矫,jiu
皎,jb;
脚,jve
搅,jfoo
筊,jpoeu
剿,jlaa
缴,jiao
叫,jk
觉,jx
轿,jcu
较,jc;
教,jw
窖,jxue
酵,jyei
醮,jyui
阶,jai
疖,jbai
皆,jbui
接,jf
秸,jhei
揭,jf;
喈,jkea
嗟,jko
街,jce
孑,jzie
节,jc
讦,jyeei
劫,jle
杰,jm/
诘,jye;
拮,jfei
洁,jdei
结,jj
桀,jmuao
捷,jf/
婕,jnea
颉,jyeie
睫,jmea
截,jh/
碣,jsi;
竭,jlia
羯,jbia;
姐,nq
解,j/
介,jr/
戒,jge
芥,jcuo
玠,jwuo
届,jsi
界,jtu
疥,jbuo
诫,jyee
借,jre
巾,jii
斤,juu
今,rj
金,jp
津,jda
衿,jnuo
矜,jzoa
筋,jzu
襟,jnei
仅,ji;
紧,jxi
锦,jjui
谨,jy;
瑾,jwei
槿,jmeii
尽,js
进,je
近,jlu
妗,jnuoo
劲,jla
晋,jqe
烬,jhae
浸,jdae
靳,jguu
禁,js/
缙,jjei;
觐,jjeii
噤,jke
茎,jcao
京,jwi
泾,jdaoe
经,ja
荆,jlei
菁,jceei
旌,jfu;
惊,jl;
晶,jq/
腈,jveei
睛,jme
粳,jneia
兢,jsia
精,jn
鲸,jvoe
井,jv/
阱,jpeeu
颈,jyao
景,jqo
儆,jreii
憬,jliae
璟,jwia
警,jw/
径,jca
净,jgu
胫,jvao
痉,jbao
竞,jl/
竟,jt
婧,jnee
敬,jwe
靖,jlee
静,jqu
境,jto
镜,jjo
囧,jkuo
迥,jio
炯,jh;
窘,jxa
纠,jjai
鸠,jiua
究,jx/
赳,jta
阄,jmuai
揪,jfue
啾,jkue
鬏,jbue
九,jua
久,jxo
玖,jwuao
灸,jhu
韭,jeie
酒,jde
旧,jq;
臼,jui
咎,jkua
疚,jbua
柩,jmeu
救,jw;
厩,jiae
就,j_
舅,jtui
鹫,jioe
拘,jfu
狙,jqia
居,jse
驹,jmua
疽,jbia
掬,jfua
锔,jja;
雎,jlui
裾,jnae
鞠,jgua
局,jsa
桔,jmei
菊,jcua
焗,jhaeu
橘,jma;
咀,jki
沮,jdia
莒,jcia
矩,jie
举,jv
榘,jmue
巨,jna
句,jbi
拒,jfe
苣,jcea
具,jb
炬,jhea
钜,jjea
俱,jri
倨,jra;
剧,jlae
据,jfa
距,jz;
惧,jli
飓,jjuo
锯,jjae
聚,jva
踞,jzae
遽,jlie
捐,jfi
涓,jdia;
娟,jni
鹃,jiia
镌,jju;
卷,jj/
倦,jro
狷,jqiae
绢,jjia
眷,jmo
撅,jfeu
孓,jzio
决,jg
诀,jyae
抉,jfa;
玦,jwae
珏,jwee
绝,jju
掘,jfae
崛,jsae
厥,jiou
劂,jleu
谲,jya;
蕨,jceuo
獗,jqeu
橛,jme;
镢,jjeuo
爵,jzi
蹶,jzeu
矍,jyi
攫,jfia
倔,jrae
军,nc
均,jt;
君,jka
钧,jjua
菌,jc/
皲,jpoa
筠,jpei
麇,quu
俊,jrao
郡,jpae
峻,jsao
隽,jza
浚,jdao
骏,jmao
珺,jwa
竣,jlao
咔,kkie
咖,kkau
喀,kkoo
卡,kb
开,ke
揩,kfea
凯,kj
恺,kli
铠,kji
慨,kla
楷,kmea
锴,kjea
忾,klue
刊,kle
勘,kq;
龛,kr/
堪,kt;
戡,kqe
坎,ktu
侃,kri
砍,ksu
槛,qmi
看,ku
阚,hma
瞰,kma
康,kga
慷,klo
糠,kn;
扛,kfe
亢,kwu
抗,kfo
炕,kho
尻,ksua
考,kt
拷,kfei
烤,khe
铐,kje
犒,knoe
靠,kn
苛,kce
珂,kwe
柯,ke;
轲,kcei
科,kh
钶,kjei
疴,kbe
棵,kmi
颏,kyo
嗑,kkei
稞,khi
窠,kxi
颗,k;
磕,kse
瞌,kmei
蝌,keu
髁,kgi
壳,kt/
咳,kko
可,k_
坷,ktei
渴,kdi
克,kv
刻,kl
剋,kl/
恪,kl;
客,kg
课,ky
氪,kqei
骒,kmia
锞,kjia
溘,kdei
肯,kz
垦,kta
恳,kx/
啃,kk;
坑,kto
吭,kkoe
铿,kjii
空,kx
崆,ksoo
孔,kza
恐,kx;
控,kf
抠,kf/
口,ks
叩,kka
扣,kfi
寇,kge
蔻,kco
刳,kleu
枯,kme
哭,ki
窟,kxa
骷,kgei
苦,kc
库,kg/
绔,kjeu
喾,kxu
裤,kno
酷,ky;
夸,kd/
侉,kreu
垮,kte
挎,kfeu
胯,kve
跨,kz;
蒯,kleii
擓,kfeo
块,"k,"
快,k.
侩,kruo
郐,kpuo
哙,kkuo
狯,kqu
脍,kvu
筷,kp
宽,ko
髋,kgoo
款,kq
匡,kne
诓,kye
哐,kke
筐,kze
狂,k/
诳,kyua
邝,kgai
纩,kjo
旷,kqo
况,kd
矿,kso
框,km;
眶,kmee
亏,kv/
岿,ksi
悝,kliae
盔,km/
窥,kxe
奎,kde
逵,klei
馗,kpa
揆,kfa
葵,kca
暌,kqa
魁,kgo
睽,kmao
蝰,zeeu
夔,kbu
傀,kru
跬,kze
匮,kni
喟,kki
馈,ks;
溃,kd;
愦,klia
愧,klu
聩,kv;
篑,kzi
坤,kti
昆,kq/
堃,ktoe
琨,kwi
焜,khia
髡,kbeu
锟,kj;
鲲,kvi
捆,kfia
困,kk
扩,kf;
括,kfu
阔,km
廓,kgoe
垃,lto
拉,lf
啦,lke
邋,llaa
剌,lsii
砬,lsoeo
喇,lkeia
腊,lve
蜡,lee
瘌,lbeii
辣,lx;
来,l_
莱,lc/
涞,ldeo
唻,lai
赉,lbeo
睐,lmeo
赖,lsu
癞,lbe
籁,lzei
兰,lb
岚,lsua
拦,lf;
栏,lmou
婪,lnei
阑,lmei
蓝,lci
谰,lyoi
澜,ldoi
褴,lnii
篮,lzi
斓,lwoi
镧,ljoi
览,lj/
揽,lfi
缆,ljii
榄,lmii
懒,ll;
烂,lh;
滥,ldii
啷,lkoa
郎,la;
狼,lqo
琅,lwoa
廊,lgo
榔,lmoae
锒,ljoa
螂,leoa
朗,lvo
浪,ldo
捞,lfei
劳,lao
牢,lgu
崂,lsei
痨,lbei
醪,lya
老,lt
佬,lrei
咾,lkeie
姥,lne
铑,ljeie
唠,lkei
烙,lhu
涝,lde;
酪,lyu
乐,lu
勒,lga
了,la
饹,gsua
雷,lv/
镭,ljeo
羸,lwou
耒,lhee
垒,lta
磊,lse
蕾,lceo
儡,lriae
肋,lva
泪,ldi
类,ln
累,lt/
酹,lyuo
擂,lfeo
嘞,lke;
棱,lme
楞,lmi
冷,lg
愣,lli
厘,lii
狸,lqia
离,lw/
骊,lmeia
梨,lmue
犁,lnu
鹂,liei
漓,ldo;
璃,lwo
黎,lsue
鲡,lveia
罹,lzoo
篱,lzo
藜,lcuei
黧,lhue
蠡,lea
礼,lna
李,lma
里,li
俚,lria
逦,lleia
哩,lki
理,lw
锂,ljiae
鲤,lvia
澧,ldia
醴,lyia
力,lz
历,ll/
厉,lie
立,lo
吏,lhi
坜,lteu
丽,lei
励,lleu
利,lh
沥,ldeu
例,lr;
疠,lbea
戾,lqoa
隶,lx/
荔,lcau
郦,lpeia
俪,lreia
俐,lrue
疬,lbeu
莉,lcue
莅,lcui
栗,lxe
砺,lseu
砾,lsuai
猁,lque
蛎,leeu
唳,lkoa;
笠,lz/
粒,ln;
雳,lveua
詈,lzoee
痢,lbue
连,ll
怜,llu
帘,lxia
莲,lia
涟,ldea
联,"l,"
裢,lnea
廉,lg/
鲢,lvea
镰,ljoe
琏,lwea
敛,lqu
脸,lv
裣,lnuo
练,lj
炼,lhe
恋,lxo
殓,ltuo
链,lje
潋,lduoe
良,loa
莨,lcoa
凉,lg;
梁,lm/
粮,lno
粱,ln/
两,le
俩,lre
魉,lgei
亮,lwu
谅,lyo
辆,lce
靓,lqi
量,lq
晾,lqoe
踉,lzoa
辽,lla
疗,lba
聊,lv;
僚,lreu
寥,lgao
撩,lfeu
嘹,lkeu
獠,lqe
潦,lde
寮,lge/
缭,ljeu
燎,lheu
鹩,lneu
蓼,lcao
尥,lyua
料,l.
撂,lfia
廖,lga/
瞭,lmeu
镣,lje;
咧,lk;
列,lti
劣,lxu
冽,lgeu
埒,ltuoo
烈,lle
捩,lfoa
猎,lq;
裂,lye
趔,lte
巤,lzai
躐,lza
鬣,lbaa
拎,lfu;
邻,lp;
林,lm
临,ls;
淋,ldei
琳,lwe
粼,lz;
嶙,lsoue
遴,llou
霖,lvei
辚,lcou
磷,lsou
鳞,lvou
麟,luo
凛,lgoe
廪,lgoei
懔,llo
吝,lwi
赁,lbu
蔺,lcoi
躏,lzeii
〇,o
〇,loo
伶,lruo
灵,lx
苓,lcuo
囹,lkuo
泠,lduoo
玲,lwuo
瓴,lwu;
铃,lju
凌,lge
陵,lpe
聆,lvuo
菱,lcei
棂,lmae
蛉,leuo
翎,lvuoo
羚,lbuo
绫,ljei
零,lvu
龄,lcu
岭,lsuo
领,l/
另,lk
令,lr
溜,ldu
熘,lhua
刘,lw;
浏,ldoeu
留,ltu
流,ld
琉,lwoe
硫,lsoe
馏,lsuao
榴,lmua
镏,ljuao
瘤,lb/
鎏,ljoo
柳,lmu
绺,ljua
六,ld/
遛,llua
龙,leu
咙,lkeua
珑,lweu
胧,lveu
聋,lue
笼,lze
隆,lpu
癃,lbai
窿,lxa
陇,lpeu
拢,lfe
垄,lu/
娄,lnau
偻,lro
楼,lmo
耧,lvoue
蝼,leo
髅,lgou
搂,lfo
篓,lzou
陋,lpei
镂,ljou
瘘,lbo
漏,lda
喽,lko
撸,lfua
噜,lku
卢,lsi
芦,lco
庐,lgoa
炉,lho
泸,ldie;
轳,lcie
胪,lvie;
鸬,lnie
颅,lyi
鲈,lvie
卤,loi
虏,lha
掳,lfie
鲁,lq/
橹,lmuai
陆,lp
录,lxi
辂,lcua
赂,lb;
鹿,loe
逯,llae
禄,lnae
碌,lsa
路,l;
箓,lzae
漉,ldoe
辘,lcoe
戮,lga;
璐,lwia
鹭,lnia
麓,luei
露,lvi
峦,lso
孪,lzoe
娈,lnoei
栾,lmoe
挛,lsoei
鸾,lnoe
脔,lwii
銮,ljoei
卵,lua
乱,ls
掠,lfoe
抡,lfu
仑,lr/
伦,lru
沦,lduo
纶,ljuo
轮,lc;
论,ly
啰,lkia
罗,lzu
萝,lcia
逻,llia
猡,lqiai
锣,lji
箩,lzia
骡,lmia
螺,leia
裸,lni
瘰,lbia
泺,lduai
荦,lau
洛,ld;
络,lj;
骆,lm;
珞,lwua
落,lc
摞,lfi;
雒,lzua
驴,lmoa
闾,lmiae
榈,lmoi
吕,lk/
侣,lri
捋,lfuo
旅,lf/
铝,ljia
屡,ls/
缕,ljo
膂,lvoe
褛,lnou
履,lsuu
律,lca
虑,lh/
率,lwa
绿,lja
氯,lqa
滤,ldie
略,lt;
锊,ljuoo
妈,mna
麻,md/
马,mz
犸,mqaa
玛,mw;
码,ms;
蚂,mea
骂,mka
吗,mk
嘛,mk;
埋,mti
霾,mvuo
买,mzo
劢,mlea
迈,mle
麦,mt/
卖,msa
脉,mvo
颟,myei
悗,mlua
蛮,meo
馒,msi
瞒,mm;
鳗,mvi
满,md
螨,mee
曼,mq/
谩,myi
蔓,wci
幔,mjia
漫,md;
慢,ml
嫚,mnia
熳,mhia
邙,mpo
芒,mco
忙,m.
盲,mw/
氓,mwa
茫,mcoo
莽,mceu
蟒,me;
猫,mqe
毛,mp
矛,mao
茅,mca
牦,mnue
旄,mfu
锚,mjei
髦,mb/
蝥,meao
蟊,me/
冇,mtia
卯,mg;
铆,mjua
茂,mce
冒,mqi
贸,mbu
耄,mtua
袤,mwao
帽,mji
瑁,mwia
貌,mzu
懋,mxa
么,ms
麽,mau
没,m_
玫,mwu
枚,mmue
眉,mma
莓,mcue
梅,mmu
嵋,msai
湄,mdai
媒,mne
楣,mmai
煤,mh;
酶,myu
霉,mvu
每,mt
美,mb
镁,mjo
妹,mn
昧,mqee
袂,mnae
眛,mmee
寐,mga
媚,mn;
魅,mge
门,mo
扪,mfo
闷,mmo
焖,mhoi
懑,mxo
们,m/
萌,mcia
蒙,ma/
盟,mmi
獴,mqeii
濛,mde;
朦,mve
艨,mze
勐,mla
猛,mq;
锰,mjai
蜢,meai
懵,mlei
蠓,meei
孟,mz/
梦,mx/
咪,mko
眯,mmou
弥,mgu
迷,mlo
猕,mqa
谜,my;
醚,myou
糜,mn/
縻,mxoe
麋,muo
靡,mai
米,mdu
芈,mie
糸,saao
汨,mdia
觅,mzi
泌,mdo
宓,fgo
秘,mho
密,mg
幂,mjoa
谧,myo
嘧,mkoo
蜜,mg/
眠,mmae
绵,mj;
棉,mmui
免,mu
沔,mdeia
黾,mki
勉,mlu
娩,mnua
冕,mqu
渑,mdiae
湎,mdeu
缅,mjeu
腼,mveu
面,me
喵,mke
苗,mc/
描,mf;
瞄,mme
眇,mmiu
秒,mhi
淼,msia
渺,mdi
藐,mcua
邈,mluo
妙,mni
庙,mgi
咩,mkou
灭,mhe
蔑,mci
篾,mpi
民,ma
玟,mwo
旻,mqoe
岷,msae
珉,mwae
缗,mjae
皿,mia
闵,mmoe
抿,mfa
泯,mda
闽,mmia
悯,ml;
敏,mw
鳘,mvue
名,mx
明,mq
鸣,mku
茗,mcu
冥,mgia
铭,mju
溟,mdoa
暝,mqo
瞑,mmoa
螟,meoa
酩,myua
命,mr
谬,mya
缪,mja
摸,mf
馍,msei
嫫,mneii
摹,mse
模,"m,"
膜,mv;
摩,mso
磨,ms/
蘑,mcoe
魔,mgo
抹,mfe
末,mv
茉,mcee
殁,mtu
沫,mdee
陌,mpe
莫,mc
秣,mhee
蓦,mm/
貊,mzeu
貉,hzu
漠,mde
寞,mgei
墨,mh/
瘼,mbei
默,m;
貘,mzei
嬷,mno
哞,mkao
牟,msu
眸,mmao
谋,my
鍪,mjao
某,mm
呒,vkeeu
母,maa
牡,mnei
亩,mwi
拇,mfaa
姆,mnaa
木,mh
目,mi
沐,mdei
苜,mciae
牧,mnu
募,ml/
墓,mte
幕,mje
睦,mmei
慕,mxe
暮,mqei
穆,mhu
拿,nr
哪,n;
那,na
呐,nki
纳,nj
钠,nji
衲,nnia
娜,nna
捺,nfeu
乃,nau
奶,nn
氖,nqau
奈,nde
柰,nmee
耐,nc;
萘,nceu
鼐,nzu
囡,nka
男,nt/
南,ne
难,ny
喃,nk;
楠,nme
赧,ntu
腩,nve
囔,nkei
囊,nh
馕,nse
曩,nqoe
攮,nfei
齉,nbei
孬,nb
呶,nkau
挠,nfe
铙,njea
蛲,nee
猱,nqao
恼,nlo
脑,nv
瑙,nwa
闹,nm
淖,ndie
讷,nyi
呢,nk
馁,ns;
内,ni
嫩,nne
能,ns
妮,nn;
尼,nsu
泥,nd;
怩,nlae
倪,nru
猊,nqui
霓,nvu
鲵,nvui
拟,"n,"
你,n_
妳,nnu
旎,nfue
伲,nrae
昵,nqa
逆,nl/
匿,nn/
睨,nmu
腻,nv;
溺,nda
拈,nfie
蔫,nce
年,nt
鲇,nvi
鲶,nvuo
黏,nhu
捻,nfu
辇,ncee
撵,nfee
碾,nsa
廿,nei
念,n/
埝,ntuo
娘,n.
酿,nyo
鸟,nu
袅,nyu
嬲,nta
尿,nsi
捏,nfi
乜,mza
聂,nva
涅,ndi
啮,nkie
镊,nje
镍,nju
颞,nyei
蹑,nze
孽,ncu
蘖,nmei
恁,nx/
您,nxu
宁,ng
咛,nkoo
狞,nqo
柠,nmo
聍,nvoo
凝,ngu
拧,nfo
佞,nre
泞,ndo
妞,nnai
牛,np
扭,nf
狃,nqai
忸,nla
纽,nja
钮,njai
拗,nfa
农,no
侬,nro
哝,nko
浓,nd
脓,nvo
弄,nw
耨,nveu
奴,nnao
孥,nza
驽,nma
努,nl
弩,nga
怒,nx
暖,nqu
疟,nbe
虐,nhe
黁,nto
挪,nf;
傩,nra
诺,nye
喏,nke
搦,nfae
懦,nle
糯,nneo
女,nz
钕,njau
衄,nxa
噢,vkui
哦,vku
讴,vye
沤,vdeu
瓯,vweu
欧,vq;
殴,vse
鸥,vie
呕,vkeu
偶,vri
耦,vliae
藕,vce
怄,vleu
趴,pz;
啪,pk
葩,pc/
杷,pma
爬,pz/
钯,bja
耙,bvai
琶,pwe
筢,ppei
帕,pju
怕,p.
拍,"p,"
排,pf
徘,pci
牌,p/
哌,pkuu
派,pd
湃,pdue
潘,pdu
攀,pse
爿,pai
盘,pzi
槃,pmuu
磐,psu
蹒,pze
蟠,peu
判,pg
盼,pm;
叛,pg;
畔,pto
襻,pnei
乓,pqo
滂,pdo
彷,pc;
庞,pg/
逄,plu
旁,pw
膀,bvo
螃,peo
耪,pvoe
胖,pvo
抛,pfu
脬,pvuo
刨,blu
咆,pkua
狍,pqua
庖,pgu
袍,pnu
匏,pdee
跑,pz
泡,pao
炮,ph
疱,pbua
呸,pke
胚,pveu
醅,pyoe
陪,pp
培,pt
赔,pbo
裴,pyi
沛,pei
帔,pja
佩,pru
珮,pwua
配,py
辔,pkaa
霈,pvoo
喷,p;
盆,pm/
抨,pfeo
怦,ple
砰,ps;
烹,pl/
嘭,pk;
朋,pv
彭,pp;
棚,pmu
蓬,pcu
硼,psua
鹏,pv;
澎,pdei
篷,pzu
膨,pve
捧,pfee
碰,ps
丕,pue
批,pfe
邳,ppeu
纰,pjea
坯,pteu
披,pfa
砒,psea
劈,pd/
噼,pka
霹,pva
皮,pa
毗,ptea
蚍,pee
疲,po
啤,pku
琵,pbee
脾,pvu
罴,pli
貔,pzui
鼙,pti
匹,pn/
庀,pgua
痞,pbe
癖,pba
屁,ps/
睥,pmui
辟,pxa
媲,pn;
僻,pra
譬,pw/
偏,pr
犏,pnoa
篇,pzo
翩,pvoa
骈,pmou
胼,pvou
蹁,pzoa
谝,pyoa
片,pu
骗,pm
剽,plei
漂,pd;
缥,pjei
飘,px;
嫖,pne
瓢,pge
殍,ptu
瞟,pme
票,px/
氕,pquu
瞥,pmo
苤,pceu
撇,pfo
拼,pf;
姘,pno
贫,pbu
频,pb
嫔,pnoo
颦,psi
品,pi
牝,pnua
聘,pvi
乒,pqu
娉,pni
平,p_
评,pye
坪,pte
苹,pce
呯,pkeo
凭,pj
屏,pso
瓶,pwo
萍,pc
钋,pji
坡,pta
泼,pda
颇,ppe
婆,pn
鄱,ppuo
皤,pbuo
叵,pnia
笸,pzei
迫,pl
珀,pwu
破,pe
魄,pb;
剖,plo
抔,pfeu
扑,pfi
铺,pje
噗,pki
仆,pri
匍,pbei
莆,pcei
菩,pcoe
脯,pvei
葡,pcua
蒲,pco
璞,pwi
濮,pduii
朴,pmi
埔,pte
圃,pkei
浦,pde
普,pq
溥,pdeia
谱,pyo
蹼,pzii
瀑,pdi
曝,pqi
七,qha
沏,qdea
妻,qne
柒,qmoo
栖,qmei
凄,qge
萋,qcea
戚,qgi
期,qq
欺,qqu
嘁,qke
漆,qdei
蹊,xzuo
齐,qw
祁,qn;
芪,qcua
岐,qseia
其,qh
奇,dk
歧,qz
祈,qnu
祇,qnua
荠,qco
耆,qqe
颀,qjeu
脐,qvo
畦,qtei
崎,qseu
淇,qdeii
骑,qme
琪,qwe
琦,qweu
棋,qm/
祺,qnei
綦,qqaa
旗,qf;
鳍,qvei
麒,qqoe
乞,que
岂,qsa
企,qr
玘,qwa
杞,qma
启,qhi
起,"q,"
绮,qje
气,qu
讫,qyue
迄,qlue
汔,qdue
弃,quo
汽,qdu
泣,qdoe
契,qdee
砌,qse;
葺,qci
槭,qmeui
器,qk
憩,qxue
掐,qfua
洽,qduo
恰,ql;
髂,qgoo
千,qp
仟,qrue
阡,qpue
扦,qfuei
芊,qcue
迁,qlu
佥,qpo
钎,qjuei
牵,qdo
铅,qjua
悭,qlii
谦,qyo
签,qpu
愆,qxuu
搴,qnue
褰,qno
前,qo
虔,qho
钱,qj
钳,qjei
掮,qfo
乾,qvu
箝,qpei
潜,qde
黔,qhu
浅,qd;
遣,ql/
谴,qyi
缱,qjia
欠,qua
茜,qce
倩,qre
堑,qte
嵌,qse
歉,qqo
羌,qbaa
玱,qwu
枪,qmu
戗,qguo
鹙,qiu
戕,qzea
腔,qv;
蜣,qeou
锵,qjo
强,qa
墙,qt;
蔷,qcei
嫱,qneio
抢,qf
羟,qbao
镪,qja
襁,qnae
呛,qku
跄,qzu
悄,qli
跷,qz;
锹,qjue
劁,qluio
敲,qio
橇,qmue
乔,qpe
侨,qru
荞,qc/
桥,qm;
憔,qlui
樵,qmui
瞧,q;
巧,qg;
愀,qluei
俏,qri
诮,qy;
峭,qsi
窍,qxe
翘,qv/
撬,qfue
鞘,qgio
切,qt
茄,qcau
且,qi
郄,qpuo
妾,qla
怯,qlei
窃,qx/
挈,qsee
惬,qlee
趄,qti
锲,qjee
钦,qj;
侵,qra
亲,ql
衾,qroa
芹,qcu
芩,qcuoo
秦,qh/
琴,qw/
禽,qro
勤,qle
擒,qfu
噙,qk;
螓,qeee
寝,qgo
吣,qkoa
沁,qdoa
揿,qfuee
青,qhe
轻,qc
氢,qqao
倾,qr;
卿,qgu
圊,qkee
清,qd
蜻,qee
鲭,qvee
情,q.
晴,qq;
氰,qqee
擎,qsei
苘,qciai
顷,qye
请,qy
庆,qg/
箐,qpee
磬,psei
罄,qfe
穷,qx
茕,qaa
穹,qxa
筇,qpeie
琼,qwo
蛩,qeei
跫,qzei
丘,qui
邱,qqa
秋,qh;
恘,qlu;
蚯,yeuie
湫,jdue
楸,qmuei
鳅,qvue
囚,qk/
求,qe
虬,qea
泅,qdi
俅,qrei
酋,qou
逑,qleio
球,qw;
遒,qlo
巯,qzo
裘,qy/
鼽,qbua
糗,qnui
区,qn
诎,qyai
驱,qmeu
屈,qs/
祛,qneie
蛆,qei
躯,qs;
趋,qtu
蛐,qeia
麴,qmua
黢,qhao
朐,qvua
渠,qmo
璩,qwi
瞿,qzi
癯,qbia
衢,qcia
曲,qqi
取,qv
娶,qn/
龋,qc;
去,q_
趣,qt/
觑,qji
圈,qko
权,qm
全,q/
诠,qyu
荃,qcuo
泉,qbi
辁,qcuoe
拳,qso
铨,qjuo
痊,qbu
筌,qpuoe
蜷,qeo
醛,qyeii
鬈,qbo
颧,qyei
犬,qeu
绻,qjou
劝,qya
券,qdou
炔,qhae
缺,qfa
瘸,qb/
却,qg
雀,qxu
确,qs
阕,qmao
鹊,qie
阙,qmou
榷,qmoa
逡,qlao
裙,qna
群,qb
然,rl
髯,rbi
燃,rh
冉,rni
苒,rcia
珃,rwi
染,rmo
禳,rno
瓤,rgo
壤,rt
攘,rfo
嚷,r;
让,r.
饶,rs
娆,rn;
扰,rf
绕,rje
惹,rx/
热,re
人,r_
壬,rue
仁,rr;
忍,rx
荏,rcu
稔,rhu
刃,rd/
认,ry
仞,rra
任,rr
纫,rja
韧,rv
轫,rcau
饪,rsu
妊,rnue
纴,rju
衽,rnu
扔,rf;
仍,r/
日,ri
戎,rge
茸,rce
荣,ra
狨,rqe
绒,rj;
容,ro
嵘,rse
蓉,rco
溶,rd;
榕,rm;
熔,rho
镕,rjoo
融,re;
冗,rgu
柔,rm
揉,rfa
糅,rna
蹂,rza
鞣,rga
肉,rn/
如,rn
茹,rca
铷,rjau
儒,rre
嚅,rke
濡,rde
孺,rz;
襦,rneo
颥,rye
蠕,ree
汝,rda
乳,rz
辱,rc/
入,ru
洳,rdau
溽,rdeu
缛,rjeu
褥,rne
阮,rpe
软,"r,"
蕤,rceu
蕊,rcoa
芮,rci
汭,rdi
蚋,rei
锐,rjo
瑞,rw
睿,rmi
闰,rme
润,rdo
若,rc
偌,rrei
弱,rg
箬,rpei
仨,sree
洒,sde
撒,sa;
卅,shui
卅,suii
飒,slu;
萨,sca
腮,svia
塞,sn/
噻,skoo
鳃,svia;
赛,sni
三,sv
叁,sseu
伞,srou
糁,snaoe
馓,ssei
散,sw;
桑,soe
搡,sfa;
嗓,sk;
丧,st/
搔,sfa
骚,sma
缫,sjaa
扫,sf;
嫂,snui
瘙,sbao
臊,svi
色,sd
涩,sda
铯,sjua
瑟,swe
穑,sheio
森,smei
僧,sro
杀,sj/
沙,sdi
纱,sjiu
砂,ssi
莎,sco
痧,sboo
裟,syo
鲨,svoo
啥,skuo
傻,srui
厦,xie
歃,sque
煞,slua
霎,svo
筛,sp/
晒,sq;
山,ss
芟,scuaa
杉,smuu
删,sci
苫,scie
衫,snu
姗,snua
珊,swu
舢,szia
煽,shoa
潸,sde;
膻,svoe
闪,sm/
陕,speo
讪,syia
汕,sdiai
疝,sbia
扇,shao
善,sb/
骟,smoa
缮,sjou
擅,sfoe
膳,sv;
嬗,snoe
赡,sbua
鳝,svoue
伤,sru
殇,stue
商,swo
觞,sjue
熵,shoe
晌,squi
赏,sbi
上,si
尚,sxi
裳,syio
捎,sfio
烧,sh;
梢,smio
稍,shi
筲,spio
艄,szio
勺,sbo
芍,scua
韶,stau
少,sx
邵,spau
劭,slau
绍,sja
哨,skio
奢,sd/
赊,sb;
舌,sue
佘,sreei
佘,sreiu
佘,ssuo
蛇,seo
舍,sr/
设,syu
社,sne
射,ss;
涉,sd;
赦,stui
赦,swei
摄,sfe
慑,se;
麝,suui
申,sti
伸,sri
身,px
呻,ski
侁,srue
绅,sjia
莘,xcoe
砷,ssiae
深,dm
燊,smouu
什,sre
神,sn
沈,sdo
审,sgi
哂,skeia
婶,sno
肾,svii
甚,sq/
渗,sdao
葚,scei
椹,smeii
蜃,seeu
瘆,sba
慎,sle;
升,suu
生,su
声,st
牲,snue
笙,spu
甥,snia
绳,sji
省,smi
圣,sy/
胜,svu
晟,sqeu
盛,sme
剩,sl;
尸,sa/
失,stu
师,sje
诗,syei
虱,sea
狮,sqi
施,sf
湿,sdia
鲺,svau
十,sh
石,seu
时,s;
识,syi
实,sg
拾,sf/
食,suo
蚀,ssia
史,sku
矢,su/
豕,shua
使,s/
始,sna
驶,smia
屎,ssou
士,sei
氏,sua
示,she
世,sc
仕,sre;
市,so
式,sg;
似,sr
势,sl
事,"s,"
侍,srei
饰,ssue
试,sye
视,sn;
拭,sfee
柿,smoe
是,s_
适,slu
恃,si;
室,sg/
逝,slei
轼,sce;
铈,sjoe
舐,seua
弑,sguo
弑,sjei
释,sp;
谥,syou
嗜,skei
筮,speiu
誓,sw/
噬,skue
螫,see
匙,sqei
收,sq
手,sp
守,sge
首,sb
寿,sce
受,sy
狩,sqo
授,sfu
售,sz/
兽,sko
绶,sjuo
瘦,sbu
殳,suaa
书,sz
抒,sfao
纾,sjao
枢,smeu
叔,syie
姝,snuee
殊,st;
倏,srua
菽,sciee
梳,smo
淑,sdie
舒,sr;
疏,szi
输,scu
蔬,scai
秫,sheiu
孰,swia
赎,sbe
塾,stoe
熟,sou
暑,sqe
黍,shuo
属,ssu
署,sze
蜀,szu
鼠,spi
薯,scia
曙,sqia
术,sm
戍,sgo
束,se/
述,sl/
沭,sdeiu
树,sm;
竖,sli
恕,sxa
庶,sgeii
腧,yvuoe
数,sw
墅,stia
漱,sdei
漱,sqoo
刷,sla
唰,skae
耍,sneu
衰,swi
摔,sfo
甩,sva
帅,sj;
蟀,seoe
闩,smee
拴,sfuo
栓,smu;
涮,sdae
双,sa
霜,sve
孀,sneo
爽,sdu
谁,sui
水,ka
税,sho
睡,su;
吮,ska
顺,sc;
舜,szo
瞬,smuo
说,s.
妁,snu;
烁,shu
朔,svou
硕,sse
槊,smou
厶,saoo
司,soa
丝,sh/
私,sha
咝,skaa
思,sto
鸶,snaa
斯,squ
蛳,seiu
厮,sie
撕,sfei
嘶,ske
死,se
巳,sae
四,sk
寺,ste
汜,sdaea
伺,sra
祀,snae
姒,snao
饲,ssa
泗,sdiau
驷,smiau
俟,srao
肆,svei
嗣,soi
松,smu
菘,sceiu
崧,sseiu
淞,sdei;
嵩,ssoe
怂,sxu
耸,sv/
悚,sleia
讼,syuoa
宋,soo
送,slo
诵,syao
颂,syuo
搜,sfui
嗖,skui
馊,ssui
溲,sdui
飕,sju
锼,sjui
艘,szui
叟,syui
擞,sfou
苏,sc/
酥,syue
稣,svue
窣,sxoe
俗,sruo
夙,sjeu
诉,sy;
肃,sx/
素,sta
速,sle
涑,sdeia
粟,sxo
谡,syiae
嗉,skee
塑,stou
溯,sdou
愫,slee
簌,spei
酸,sya
祘,ssee
蒜,scee
算,pc
虽,kw
睢,smui
隋,speu
随,spe
髓,sgeu
岁,ss/
祟,ssai
遂,slou
碎,sso
隧,spo
燧,shou
穗,shei
邃,sloo
孙,sz;
荪,xcai
狲,sqai
飧,sxuo
损,sfi
笋,spa
隼,szei
唆,skao
梭,smao
挲,ssoo
蓑,scoe
嗦,ske;
缩,sjo
所,sj
索,sga
琐,swio
锁,sjio
他,t_
它,tg
她,ta
趿,tzua
铊,tjoo
塌,ttia
溻,tdi;
塔,tt;
獭,tqei
沓,tqi
挞,tfeu
闼,tmeu
榻,tmia
踏,tz;
蹋,tzia
胎,tva
台,ts
邰,tpao
抬,tf/
苔,tca
炱,thaoi
跆,tza
薹,tcei
呔,tkeu
太,td
汰,tdeu
态,tx/
肽,tveu
钛,tje
泰,tse
酞,tyeu
坍,ttu
贪,tro
摊,tfa
滩,tdao
瘫,tba
坛,tte
昙,tqe
郯,tpou
谈,t.
覃,qxi
痰,tbo
谭,tyei
潭,tdei
檀,tmoe
忐,txi
坦,tti
钽,tjiae
袒,tni
毯,tmou
叹,tka
炭,tseu
探,tfo
碳,ts;
汤,tda
嘡,tki
蹚,tzio
唐,tg/
堂,tt
棠,tm/
塘,tto
搪,tfoe
溏,tdoeu
瑭,twoe
膛,tvi
糖,tn;
醣,tyoe
螳,tei
帑,tja
倘,tri
淌,tdi
傥,trio
镋,tjio
躺,tsi
烫,tho
趟,tt/
弢,tgai
涛,tde
绦,tjua
焘,dlee
掏,tfua
滔,tduo
韬,tvuo
饕,tsia/
逃,tao
桃,tmu
陶,tp
萄,tcua
啕,tkua
淘,tdua
鼗,tpoe
讨,tye
套,td/
忑,txe
忒,tgo
特,tn
疼,tbu
腾,tvo
誊,two
滕,tvou
藤,tcu
剔,tlia
梯,tm;
锑,tjo
踢,tzi
绨,tjoua
提,"t,"
啼,tko
鹈,tiou
缇,tjia
题,ty
醍,tyia
蹄,tzo
体,t/
屉,tseii
剃,tlo
逖,tlua
涕,tdo
悌,tlou
惕,tl;
替,tq
裼,tnia
嚏,tkeio
天,th
添,td;
田,ts/
畋,ttue
恬,tlue
甜,te;
填,ttei
阗,tmei
忝,txee
殄,ttuo
腆,tvia
舔,tee
瑱,zweii
佻,truo
挑,tia
祧,tnu
条,tw
苕,scaui
迢,tlau
调,d.
笤,tpau
龆,tcau
髫,tbau
窕,txu
眺,tmuo
粜,tnai
跳,tz
帖,tji
贴,tbi
铁,tju
厅,tie
汀,tdeii
听,t;
烃,thao
廷,tl/
亭,twi
庭,tgu
停,tr
葶,tco
蜓,teu
婷,tno
霆,tvu
聤,tvoe
挺,tfu
艇,tzu
通,tl
嗵,tkao
仝,tre
同,ti
佟,trua
彤,tpu
茼,tci
桐,tmi
铜,tj;
童,tli
酮,tyi
僮,tr;
潼,tdoe
瞳,tmo
统,tj
捅,tfao
桶,tma
筒,tpi
恸,tle
痛,tb
偷,tru
头,to
投,tou
骰,tg;
透,tu
凸,ti/
秃,thu
突,tx
图,tk
荼,tcuo
徒,tc;
途,tlu
涂,tdu
屠,tsei
土,te
吐,tk;
兔,tua
堍,ttua
菟,tcuai
湍,tdia
团,tke
抟,tfee
疃,ttoe
彖,tsaa
推,tf
颓,tyu
腿,tv;
退,tla
蜕,teo
煺,thae
褪,tna
吞,tk/
暾,tqoe
屯,tha
囤,tkea
饨,tsea
豚,tve
臀,tv/
托,tf;
拖,tuo
脱,tv
驮,tme
佗,troo
陀,tpo
坨,ttoo
沱,tdoo
驼,tmoo
砣,tso
鸵,tio
酡,tyo
跎,tzoo
鼍,tkia
妥,tz/
椭,tmai
拓,tfe
柝,tmuu
唾,tku
挖,wfo
哇,wkei
洼,wdei
娲,wni
蛙,wee
娃,wn;
瓦,wh/
佤,wrea
袜,wne
歪,wue
崴,wse
外,w/
弯,wgo
剜,wloo
湾,wdo
蜿,weoo
豌,woo
丸,wua
纨,wjuao
完,wg
玩,ww;
顽,wye
烷,who
宛,wgu
挽,wfu
晚,w;
脘,wvoo
惋,wlo
婉,wno
绾,wjo
琬,wwo
皖,wbo
碗,wso
畹,wto
万,we
腕,wv;
尫,wweu
汪,wde
亡,ww/
王,wh
网,wi
枉,wm;
罔,wnou
往,wc
惘,wli
魍,wgia
妄,wn/
忘,wx
旺,wq
望,ww
危,wju
威,wg/
偎,wri
葳,wceu
微,wp
煨,whia
薇,wcu
巍,wsu
囗,kia
韦,whe
为,wl
圩,wtee
违,wle
围,wk
帏,wjee
闱,wmee
桅,wmu
唯,wku
帷,wjui
惟,wlu
维,wj
嵬,wsui
潍,wdaa
伟,wr;
伪,wro
苇,wce
尾,ws/
纬,wje
玮,wwe
委,wha
炜,whee
诿,wyu
娓,wna
萎,wcue
隗,kpu
猥,wqi
痿,wb/
鲔,wveu
卫,wa
未,wv
位,wr
味,wke
畏,wt/
胃,wtia
谓,wy
尉,wc;
喂,wki
猬,wqia
渭,wdia
蔚,wc/
慰,wx/
魏,wg;
温,w.
瘟,wbi
文,wd
纹,wj;
闻,wm
蚊,weo
雯,wvo
刎,wlua
吻,wk;
紊,wwa
稳,wh;
问,wo
汶,wdoe
翁,wv/
嗡,wkuo
瓮,wwu
蕹,wcoe
挝,wfei
倭,wrue
涡,wdi
喔,wka
窝,wxi
蜗,we;
我,w_
沃,wdu
卧,wb
握,wf
幄,wja
渥,wda
斡,wvuo
乌,wpa
邬,wpu
污,wd;
巫,wguo
呜,wkua
钨,wjua
诬,wy;
屋,ws
无,"w,"
毋,wa/
芜,wcee
吾,wwi
吴,wk/
唔,vkei
梧,wme
蜈,wei
五,whi
午,wti
伍,wre
仵,wruee
怃,wlee
忤,wlue
妩,wnee
武,wz
侮,wru
捂,wfe
牾,wnei
鹉,wie
舞,wt
兀,wve
勿,wbu
戊,wge
务,wu
阢,wpeu
坞,wtu
杌,wmeu
物,wn
误,wyi
悟,wl;
晤,wq;
焐,whei
痦,wbe
婺,wnao
骛,wma
雾,wvu
寤,wgai
鹜,wia
夕,xua
兮,xbe
西,xe
吸,xku
汐,xduao
希,xj/
昔,xqe
析,xmu
矽,xsua
郗,xpuo
唏,xkuo
牺,xneia
息,xx/
奚,xza
硒,xsei
晞,xquo
欷,xquoe
悉,xxu
烯,xhuo
淅,xdeiu
惜,xle
晰,xqei
稀,xh;
翕,xria
犀,xsi
皙,xbei
锡,xjia
溪,xdu
熙,xlei
蜥,xeei
僖,xrei
熄,xhu
嘻,xi;
膝,xve
嬉,xne
熹,xleie
樨,xmae
螅,xeui
羲,xbu
窸,xxuo
蟋,xeuo
曦,xqo
习,xz
席,xge
袭,xuo
媳,xnui
洗,xd;
玺,xwu
铣,xjuei
徙,xci
喜,xt
禧,xnei
戏,xye
系,xp
细,xa
隙,xpi
虾,xee
瞎,xmo
匣,xn/
侠,xre
狎,xqia;
峡,xse
狭,xqeo
遐,xlae
瑕,xwa
暇,xqa
辖,xc;
霞,xva
黠,xhe
下,xh
吓,xke
夏,xw;
仙,xri
先,xn
纤,qju
氙,xqiai
籼,xnia
掀,xfuu
酰,xyuei
跹,xzu
锨,xjuu
鲜,xvo
闲,xm/
贤,xbi
弦,xgo
咸,xgia
涎,xdui
娴,xnoi
衔,xcue
舷,xzo
痫,xboi
嫌,xn;
冼,xguee
显,xq
险,xia
跣,xzue
藓,xcu/
苋,xcia
县,xl/
现,"x,"
限,xpa
线,xje
宪,xgue
陷,xp;
馅,xsu
羡,xbo
献,xq/
腺,xvui
霰,xvei
乡,xz/
相,xm
香,xue
厢,xi/
湘,xdei
箱,xp/
襄,xwia
骧,xmoei
瓖,xwoe
镶,xjo
详,xyo
庠,xgou
祥,xno
翔,xb;
享,xwi
响,xk;
饷,xsui
飨,xsa
想,x_
鲞,xvou
向,xk
项,xg;
巷,xca/
象,xs
像,xr
橡,xmua
蟓,xeua
肖,xxia
枭,xiei
骁,xmea
逍,xlio
消,xd
宵,xgi
萧,xca
硝,xsio
销,xji
箫,xpae
潇,xde;
霄,xvi
魈,xgio
嚣,xkeu
崤,xsuo
淆,xduo
小,xi
晓,xq;
筱,xpui
孝,xta
校,xm;
哮,xkei
笑,xu
效,xw
啸,xka
些,x;
楔,xmeee
歇,xqi
蝎,xei
协,xs;
邪,xpea
胁,xv;
偕,xrea
斜,xr/
谐,xyea
携,xf;
撷,xfei
鞋,xgei
勰,xlau
缬,xjeie
写,xg
泄,xde
泻,xdo
卸,xgu
屑,xs/
械,xmee
亵,xwe
谢,xy
榭,xmuia
懈,xlua
燮,xyoe
蟹,xeu
瀣,xdi
躞,szoe
心,xo
芯,xcoa
辛,xoe
忻,xluu
昕,xquu
欣,xju
锌,xjoe
新,xj
歆,xtua
薪,xco
馨,xte
鑫,xjuo
伩,xro
囟,xkuu
囟,xpia
信,x/
衅,xxo
星,xqu
猩,xqia
惺,xlia
腥,xvia
刑,xfi
邢,xfa
形,xf
型,xt/
醒,xyi
擤,xfui
兴,xb
杏,xmi
幸,xto
性,xl
姓,xnu
悻,xle;
凶,xja
兄,xk/
匈,xbuo
汹,xdu;
胸,xvu
雄,xio
熊,xlao
休,xr;
咻,xkuie
修,xru
庥,xguie
脩,triu
羞,xb/
貅,xzui
馐,xso
朽,xme
宿,sgu
秀,xha
岫,xsia
袖,xni
绣,xjue
琇,xwue
锈,xiu
嗅,xkui
溴,xduia
戌,xgeu
吁,xkee
须,xpe
胥,xyia
虚,xhi
墟,xti
需,xv
嘘,xki
歔,xqie
徐,xcu
许,x.
诩,xyao
栩,xma
旭,xqua
序,xga
叙,xyuo
恤,xlui
勖,xlia;
绪,xu;
续,xj;
絮,xxa
婿,xna
蓄,xc/
煦,xliae
蓿,xcooa
轩,xce
宣,xg/
萱,xcoo
喧,xko
瑄,xwoo
暄,xqoo
煊,xhoo
儇,xriai
嬛,hnia
玄,xw/
痃,xboe
悬,xxi
旋,xfu
漩,xdoe
璇,xwo
璿,xwie
选,xlu
癣,xbua
泫,xdo;
炫,xho
绚,xjua
眩,xmoe
铉,xjoea
渲,xdoo
削,xli
靴,xgui
薛,xcui
穴,xoo
学,xx
泶,yxia
踅,xze
噱,xkie
雪,xv/
鳕,xveo
血,xui
谑,xyie
勋,xl;
埙,xtia
熏,xlue
薰,xcuei
曛,xque
醺,xyue
旬,xbia
寻,xxe
巡,xlaa
郇,hpuai
询,xyu
荀,xcuai
荨,qcae
峋,xsuai
洵,xduai
浔,xdae
循,xcuu
训,xy;
讯,xya
汛,xda
迅,xla
驯,xmui
徇,xcua
逊,xlai
殉,xtu
巽,xba
蕈,xcei
丫,ybi
压,yie
押,yfi
鸦,yiea
鸭,ytua
牙,ye/
伢,yrea
芽,ycea
琊,ywea
蚜,yeea
崖,yseu
涯,yde
睚,ymeue
衙,ycei
哑,ykei
雅,yze
亚,"y,"
讶,yye
迓,ylea
娅,yneii
氩,yqeii
揠,yfe;
呀,yke
咽,yki
恹,yleu
烟,yhi
焉,ylei
阉,ymeu
淹,ydeu
腌,yveu
湮,yde;
鄢,ypei
嫣,ynei
延,ylu
闫,ymeee
严,yau
言,yw
妍,ynee
岩,ys/
炎,yho
沿,ydu
研,yse
盐,ym/
阎,ymu
蜒,yeui
筵,ypui
颜,yyo
檐,ymua
奄,ydia
兖,ywao
俨,yrei
衍,yco
掩,yfe
郾,ypeia
眼,ym
偃,yreia
琰,ywou
罨,yzeu
演,ydo
魇,ygeu
鼹,ysia
厌,yqe
砚,ysi
彦,ypo
艳,yvu
晏,yqoo
唁,ykoee
宴,ygi
验,ym;
谚,yyoe
堰,yte;
雁,yiu
焰,yh;
焱,yhou
滟,ydee
燕,yci
赝,ybe
央,vdi
殃,vti
鸯,vii
秧,vh;
鞅,vgi
扬,vf
羊,vou
阳,va
杨,vma
炀,vhau
佯,vro
洋,vdo
卬,vgua
仰,vr
养,vb
氧,vqo
痒,vbo
怏,vlia
样,vm
恙,vb/
烊,vhou
漾,vdou
幺,yaao
夭,yduu
吆,ykaa
妖,yao
腰,yv;
邀,ylui
爻,yjuo
尧,yve
侥,jrea
肴,yjeu
垚,yteie
姚,ynu
窑,yxue
谣,yyuo
摇,yfu
徭,ycuo
遥,yz/
瑶,yw;
繇,yzue
鳐,yvuoo
杳,ymia
咬,yko
舀,yzui
窈,yxa
药,yc/
要,yx
钥,yju
鹞,yiuo
曜,yqao
耀,yga
耶,yva
掖,yfo
椰,ymei
噎,yke;
爷,yf
揶,yfei
铘,yjea
也,ya
吔,ykaia
冶,ygao
野,yt;
业,ys
叶,yk;
页,yeu
曳,yqa
邺,ypii
夜,ywu
晔,yqui
烨,yhui
液,ye;
谒,yyia
腋,yvoe
靥,yieu
一,y_
伊,yrae
衣,yd/
医,yn
依,y/
祎,yne;
咿,ykui
铱,yjoeu
揖,yfia
壹,ytoa
漪,yduau
噫,ykoeo
仪,yro
夷,ydae
沂,yduue
饴,ysao
怡,ylao
宜,yg/
荑,tce
咦,ykea
贻,yb;
姨,yne
胰,yvea
移,yhu
痍,ybea
遗,yli
颐,yyei
疑,ypa
嶷,ysuau
彝,yuaa
乙,yaa
已,yj
以,yr
矣,ysue
迤,ylue
蚁,yeo
倚,yre
椅,yme
旖,yfue
乂,cpoo
弋,yeao
亿,yra
义,yd
艺,yca
忆,yx;
仡,grue
议,yy
屹,ysu;
亦,yw/
异,yje
抑,yfua
呓,ykeii
邑,ykai
佚,yruee
役,ycu
译,yyao
易,yq
诣,yyua
绎,yjao
驿,yma;
轶,ycue
弈,yuo
奕,ywui
疫,yb/
羿,yveui
挹,yfiae
益,ybu
浥,ydiae
谊,yyoo
逸,yzua
翊,ylaoe
翌,yvo/
肄,yvua
裔,yyi
意,yo
溢,ydou
缢,yjo
蜴,yeiae
镒,yjou
毅,yso
熠,yhao
薏,ycoe
劓,ybii
翳,yveue
臆,yvo
翼,yvi
癔,yboeo
懿,yto
因,yk
阴,yp
茵,ycia
荫,ycai
音,yoe
洇,ydi;
姻,ynia
殷,ysuu
堙,yteia
喑,ykoe;
吟,yku
垠,ytae
银,yja
淫,yduo
寅,ygei
龈,ycae
霪,yvoo
尹,yxuu
引,yg;
饮,ysua
蚓,yeae
隐,ypu
瘾,yba
印,ygu
胤,yvaa
英,yc
莺,yaua
婴,yn/
瑛,ywei
嘤,ykia
罂,yfi/
缨,yji
璎,ywiau
樱,ymi
鹦,yii
膺,yvoeu
鹰,yio
迎,yzu
茔,yaei
荥,xai
荧,yaou
盈,yma
莹,yae
萤,yaia
营,yai
萦,yaaa
蓥,yauo
楹,ymau
滢,ydei
蝇,yeia
潆,ydeii
嬴,ywau
赢,ywi
瀛,ydoe
颍,yyuai
颖,yyu
影,y;
瘿,ybia
应,yg
映,yqi
硬,ys;
哟,yka
唷,ykoe
佣,yru
拥,yf;
痈,ybua
邕,yzaa
庸,ygae
雍,ywa
墉,ytoe
慵,yloe
镛,yjoe
壅,ywaa
臃,yvoea
永,yda
甬,ybao
咏,ykoa
泳,ydoa
俑,yrao
勇,yla
涌,ydao
恿,yxao
蛹,yea
踊,yzao
用,yb
优,yr;
攸,yrue
忧,yle
呦,ykaao
幽,ysa
悠,yxu
尤,yta
由,yi
邮,ytai
犹,yq;
油,ydi
疣,ybeu
莜,ycui
铀,yjia
鱿,yve;
游,yd;
猷,yyeu
友,yt
有,ye
酉,yeiau
莠,ycuei
黝,yha
又,yz
右,yti
幼,yyau
佑,yreu
柚,ymia;
囿,ykeui
宥,ygeui
诱,yy;
釉,ytuo
鼬,ysiae
迂,ylee
於,wfuo
淤,ydoea
瘀,yboe
于,yv
欤,yqea
余,yr/
妤,yna
盂,ymee
臾,yui
鱼,yua
禺,yqiai
竽,yzee
俞,yria
馀,ysuo
谀,yyui
娱,yni
渔,ydua
隅,ypia
揄,yfuoe
逾,yzuo
腴,yvui
渝,yduoe
愉,yl;
瑜,ywuo
榆,ymuo
虞,yh/
愚,yxi
舆,ybui
与,yh
予,ya/
屿,ysea
宇,yge
羽,ya;
雨,yei
禹,ypi
语,y.
圉,ykeie
庾,yguie
瘐,ybuie
龉,yceia
玉,ywe
驭,ymao
芋,ycee
聿,yaee
妪,yneu
郁,ype
育,yv/
昱,yqoe
狱,yqoa
峪,ysuou
钰,yjee
浴,ydu;
预,yya
域,yte
欲,yqu
谕,yyuoe
遇,yzi
喻,ykuo
御,yc;
寓,ygia
裕,yn;
愈,yri
煜,yhia
誉,ywo
蜮,yeei
毓,ytaa
豫,yzo
鹬,yiao
鬻,ygo
鸢,yneao
鸳,vn/
冤,vgu
渊,vdu
元,vv
园,vk/
员,vk
沅,vde
垣,ytei
袁,vt
原,vi
圆,vki
鼋,yvuai
援,vfu
缘,vj
猿,vqe
源,v.
辕,vc;
曰,yia
橼,ymaa
螈,yeeu
远,vl
苑,vcu
怨,vxu
院,vp
愿,ve
约,yue
月,yu
玥,ywua
岳,yq/
阅,ymo
悦,ylo
跃,yz;
越,yt/
粤,yp/
樾,ymeie
晕,yqo
赟,yboeu
云,vs
匀,ybo
芸,yce
纭,yjeea
昀,yqua
耘,yvee
允,ysu
陨,yp;
殒,ytia
孕,yza
运,yl
郓,ypoa
恽,yloa
酝,yyee
愠,ylia
韫,yvia
韵,ytu
蕴,ycaa
熨,yhae
匝,znia
咂,zke;
杂,zm/
砸,zs;
咋,zkue
灾,zgo
哉,zai
栽,zh/
仔,zra
载,zhe
宰,zgoe
崽,zsia
再,ze
在,z_
簪,zpea
咱,zku
昝,zquau
攒,cua
暂,zqe
錾,zjea
赞,zbu
瓒,zwue
赃,zboe
脏,zvo
臧,zgua
奘,zdai
葬,zceu
遭,zl/
糟,zne
凿,znii
早,zq
枣,zso
蚤,zea
澡,zdi
藻,zcoo
皂,zbea
灶,zhei
唣,zkui
造,zlu
噪,zkia
燥,zhia
躁,zzia
则,zb
责,zti
择,zfa
泽,ze;
啧,zkee
箦,zpeei
仄,ziu
贼,zbe
怎,zp
增,zt;
憎,zlou
锃,zji;
缯,zjou
赠,zb;
扎,faa
吒,zkuea
喳,zkei
渣,zdeiu
楂,zmeiu
札,zmaa
轧,gcaa
闸,zmi
铡,zjiau
眨,zmuo
乍,zu/
诈,zyue
栅,smua
咤,zkoo
炸,zhu
蚱,zeue
榨,zmooa
斋,zwe
摘,zfoe
宅,zgue
翟,dvui
翟,zvui
窄,zxu
债,zree
砦,zciei
寨,znei
沾,zdie
毡,zmie
旃,zfueu
粘,nni
詹,zwua
瞻,zmua
拃,zfuei
斩,zcu
盏,zmee
展,zs
崭,zsea
辗,nca
占,zki
栈,zmeea
战,zgi
站,zl;
绽,zjoo
湛,zdeii
蘸,zcei
张,zg
章,zte
獐,zqoe
彰,zpoe
璋,zwo
樟,zmoeo
长,cu
仉,zrua
涨,za;
掌,zsi
丈,za/
仗,zre
杖,zmeu
帐,zjue
账,zbue
胀,zvu
障,zp;
嶂,zsoe
瘴,zboeo
钊,zjii
招,zf;
昭,zqa
爪,zuu
找,fg
沼,zdau
召,zd/
兆,zuo
诏,zya
赵,ztu
笊,zpuu
照,zli
罩,zzie
肇,zvoa
蜇,zeei
遮,zloe
折,fuu
哲,zk/
辄,zce
喆,zti;
蛰,zee
谪,zyoeo
摺,zfao
辙,zco
嚞,zti/
者,zt
赭,ztu;
褶,znao
这,zl
浙,zde
蔗,zcoe
鹧,zioe
着,z.
贞,zbi
针,zjei
侦,zrie
珍,zw;
帧,zjiei
胗,zvuo
真,zz
砧,zsie
祯,znie
斟,zqo
甄,zwei
榛,zmeee
箴,zpeu
臻,znee
诊,zyu
枕,zmoa
轸,zcuo
疹,zbuo
缜,zje;
稹,zheii
圳,ztui
阵,zpe
鸩,zio
振,zfe
朕,zvou
赈,zbeu
震,zve
镇,zje
争,zpa
征,zc;
怔,zle
峥,zsua
睁,zmu
铮,zjua
筝,zp/
蒸,zca
拯,zfa;
整,zsu
正,zh
证,zy
郑,zpo
诤,zyu;
政,zw
挣,zfua
症,zb/
之,zd
支,zei
只,kb
汁,zde;
芝,zcoa
吱,zke
枝,zi;
知,zk
肢,zv;
织,zj;
栀,zmuu
脂,zvua
蜘,zeuee
执,zf/
直,tm
侄,zrea
值,zr;
职,zvi
植,zmei
殖,ztei
跖,zzeui
止,zie
旨,zq/
址,ztie
芷,zci
纸,zju
祉,zniei
指,zf
枳,zmiae
咫,zsiae
趾,zzi;
酯,zyuai
徵,zciai
至,zha
志,zto
豸,zuoo
郅,znai
帜,zjia
制,zm
质,zv/
炙,zxo
治,zda
峙,zseie
挚,zsei
桎,zmea
致,znu
秩,zhue
鸷,ziei
掷,zfou
痔,zbeie
窒,zxe
蛭,zeea
智,zqu
痣,zbei
滞,zdei
彘,zzae
置,zz/
雉,zzuee
稚,zhui
膣,zvoo
中,zi
忠,zxi
终,za
盅,zmia
钟,zji
衷,zwi
肿,zvia
种,z;
冢,zgeu
踵,zzue
仲,zri
众,zru
重,cp
舟,zuua
州,zdu
诌,zyuaa
周,zn
洲,zou
啁,zkua;
粥,zgou
妯,znia;
轴,zcia
肘,zvei
纣,zjeio
咒,zkua
宙,zgia
绉,zjuaa
胄,ztia
昼,zs/
皱,zpu
骤,zme
帚,zxoa
朱,zn/
侏,zrue
诛,zyuee
茱,zcue
洙,zdue
珠,zwu
株,zmue
诸,zye
铢,zjuee
猪,zqei
蛛,zeu
潴,zdua
竹,zue
竺,zpee
逐,zleu
烛,zh;
主,zo
拄,zfo;
渚,zdeie
煮,zlei
嘱,zka
瞩,zma
伫,zroo
助,zla
住,zr
苧,nao
杼,zmao
贮,zboo
注,zdo
驻,zmo
柱,zm;
炷,zho
祝,zn;
著,zc/
蛀,zeo
铸,zjee
筑,zpei
箸,zpe/
抓,zfu
跩,zuai
拽,zfia
专,zv
砖,zse
颛,zyiai
转,zc
赚,zua
撰,zfae
篆,zpaa
馔,zsae
妆,zza
庄,zge
桩,zmoe
装,zyo
壮,zz;
状,zze
撞,zfo
幢,zjoe
隹,zuio
追,zui
骓,zmuio
椎,zmui
锥,zjui
坠,zta
缀,zja
惴,zlia
赘,zbee
谆,zyoe
准,zg;
拙,zfai
捉,zfi
桌,zoi
灼,zhua
茁,zcai
卓,zoia
斫,zsuu
浊,zdia
酌,zyua
啄,zkeu
琢,zweu
禚,znou
擢,zfaoe
濯,zdaoe
镯,zjiai
孜,zzu
咨,zko
姿,zno
兹,zba
资,zbo
淄,zdaa
缁,zjaa
辎,zcaa
孳,zzou
滋,zd;
龇,zcie
子,vn
姊,znua
秭,zhuai
籽,zna
笫,zpuai
梓,zmo;
紫,zx/
訾,zwie
滓,zdoo
自,zu
字,zg/
恣,zxoe
眦,zmiei
渍,zdee
宗,zo/
综,zjo
棕,zmoo
踪,zzo
鬃,zbooa
总,zx
揔,hfua
纵,zoa
粽,znoo
邹,zpua
走,"z,"
奏,zoe
揍,zfee
租,zhi
足,zia
卒,zw/
族,zu;
镞,zjoea
诅,zyi
阻,zpi
组,zj
俎,zruo
祖,zni
纂,zpia
钻,zjie
攥,zfue
嘴,zk;
最,rh
罪,zzi
醉,zy;
尊,zy/
遵,zlo
樽,zmou
鳟,zvoue
嘬,zki;
昨,zq;
左,zt/
佐,zreu
作,rp
坐,rt
祚,znue
唑,zkuo
座,zgu
做,z/
酢,cyue
